GAME_ID,Date,Start (ET),Visitor_ID,Visitor_PTS,Home_ID,Home_PTS,Notes
1,"Tue, Oct 25, 2016",7:30 PM,1610612752,88,1610612739,117,
2,"Tue, Oct 25, 2016",10:30 PM,1610612759,129,1610612744,100,
3,"Tue, Oct 25, 2016",10:00 PM,1610612762,104,1610612757,113,
4,"Wed, Oct 26, 2016",7:30 PM,1610612751,117,1610612738,122,
5,"Wed, Oct 26, 2016",7:00 PM,1610612742,121,1610612754,130,OT
6,"Wed, Oct 26, 2016",10:30 PM,1610612745,114,1610612747,120,
7,"Wed, Oct 26, 2016",8:00 PM,1610612750,98,1610612763,102,
8,"Wed, Oct 26, 2016",8:00 PM,1610612766,107,1610612749,96,
9,"Wed, Oct 26, 2016",8:00 PM,1610612743,107,1610612740,102,
10,"Wed, Oct 26, 2016",7:00 PM,1610612748,108,1610612753,96,
11,"Wed, Oct 26, 2016",8:00 PM,1610612760,103,1610612755,97,
12,"Wed, Oct 26, 2016",10:00 PM,1610612758,113,1610612756,94,
13,"Wed, Oct 26, 2016",7:30 PM,1610612765,91,1610612761,109,
14,"Thu, Oct 27, 2016",7:30 PM,1610612764,99,1610612737,114,
15,"Thu, Oct 27, 2016",8:00 PM,1610612738,99,1610612741,105,
17,"Thu, Oct 27, 2016",10:30 PM,1610612759,102,1610612758,94,
18,"Fri, Oct 28, 2016",7:30 PM,1610612754,94,1610612751,103,
19,"Fri, Oct 28, 2016",8:30 PM,1610612745,106,1610612742,98,
20,"Fri, Oct 28, 2016",7:30 PM,1610612753,82,1610612765,108,
21,"Fri, Oct 28, 2016",8:00 PM,1610612766,97,1610612748,91,
22,"Fri, Oct 28, 2016",9:30 PM,1610612744,122,1610612740,114,
23,"Fri, Oct 28, 2016",8:00 PM,1610612756,110,1610612760,113,OT
24,"Fri, Oct 28, 2016",7:00 PM,1610612739,94,1610612761,91,
25,"Fri, Oct 28, 2016",9:00 PM,1610612747,89,1610612762,96,
26,"Sat, Oct 29, 2016",8:00 PM,1610612754,101,1610612741,118,
27,"Sat, Oct 29, 2016",7:00 PM,1610612738,104,1610612766,98,
28,"Sat, Oct 29, 2016",7:30 PM,1610612753,99,1610612739,105,
29,"Sat, Oct 29, 2016",9:00 PM,1610612757,115,1610612743,113,OT
30,"Sat, Oct 29, 2016",8:00 PM,1610612751,108,1610612749,110,
31,"Sat, Oct 29, 2016",7:30 PM,1610612763,104,1610612752,111,
32,"Sat, Oct 29, 2016",12:30 PM,1610612737,104,1610612755,72,
33,"Sat, Oct 29, 2016",10:30 PM,1610612750,103,1610612758,106,
34,"Sat, Oct 29, 2016",8:00 PM,1610612740,79,1610612759,98,
35,"Sun, Oct 30, 2016",6:00 PM,1610612749,83,1610612765,98,
36,"Sun, Oct 30, 2016",8:00 PM,1610612742,92,1610612745,93,
38,"Sun, Oct 30, 2016",8:00 PM,1610612764,103,1610612763,112,OT
39,"Sun, Oct 30, 2016",6:00 PM,1610612759,106,1610612748,99,
40,"Sun, Oct 30, 2016",7:00 PM,1610612747,96,1610612760,113,
41,"Sun, Oct 30, 2016",6:00 PM,1610612744,106,1610612756,100,
42,"Mon, Oct 31, 2016",7:30 PM,1610612758,95,1610612737,106,
43,"Mon, Oct 31, 2016",7:30 PM,1610612741,118,1610612751,88,
45,"Mon, Oct 31, 2016",7:30 PM,1610612743,102,1610612761,105,
46,"Tue, Nov 1, 2016",6:00 PM,1610612745,120,1610612739,128,
47,"Tue, Nov 1, 2016",7:30 PM,1610612752,89,1610612765,102,
48,"Tue, Nov 1, 2016",7:00 PM,1610612747,108,1610612754,115,
49,"Tue, Nov 1, 2016",7:30 PM,1610612758,96,1610612748,108,OT
50,"Tue, Nov 1, 2016",8:00 PM,1610612763,80,1610612750,116,
51,"Tue, Nov 1, 2016",8:00 PM,1610612749,117,1610612740,113,
52,"Tue, Nov 1, 2016",7:00 PM,1610612753,103,1610612755,101,
53,"Tue, Nov 1, 2016",10:00 PM,1610612744,127,1610612757,104,
54,"Tue, Nov 1, 2016",8:30 PM,1610612762,106,1610612759,91,
55,"Wed, Nov 2, 2016",7:30 PM,1610612747,123,1610612737,116,
56,"Wed, Nov 2, 2016",8:00 PM,1610612741,100,1610612738,107,
57,"Wed, Nov 2, 2016",7:30 PM,1610612765,101,1610612751,109,
58,"Wed, Nov 2, 2016",7:00 PM,1610612755,93,1610612766,109,
60,"Wed, Nov 2, 2016",8:00 PM,1610612740,83,1610612763,89,OT
61,"Wed, Nov 2, 2016",7:30 PM,1610612745,118,1610612752,99,
62,"Wed, Nov 2, 2016",10:00 PM,1610612757,115,1610612756,118,OT
63,"Wed, Nov 2, 2016",9:00 PM,1610612742,81,1610612762,97,
64,"Wed, Nov 2, 2016",7:00 PM,1610612761,113,1610612764,103,
65,"Thu, Nov 3, 2016",8:00 PM,1610612738,122,1610612739,128,
66,"Thu, Nov 3, 2016",10:30 PM,1610612760,96,1610612744,122,
67,"Thu, Nov 3, 2016",8:00 PM,1610612754,107,1610612749,125,
68,"Thu, Nov 3, 2016",8:00 PM,1610612743,102,1610612750,99,
69,"Thu, Nov 3, 2016",7:00 PM,1610612758,94,1610612753,102,
70,"Fri, Nov 4, 2016",7:30 PM,1610612766,99,1610612751,95,
71,"Fri, Nov 4, 2016",8:00 PM,1610612752,117,1610612741,104,
72,"Fri, Nov 4, 2016",8:30 PM,1610612757,105,1610612742,95,
73,"Fri, Nov 4, 2016",10:30 PM,1610612744,97,1610612747,117,
75,"Fri, Nov 4, 2016",8:00 PM,1610612756,112,1610612740,111,OT
76,"Fri, Nov 4, 2016",7:30 PM,1610612748,87,1610612761,96,
77,"Fri, Nov 4, 2016",9:00 PM,1610612759,100,1610612762,86,
78,"Fri, Nov 4, 2016",7:00 PM,1610612737,92,1610612764,95,
79,"Sat, Nov 5, 2016",7:30 PM,1610612745,97,1610612737,112,
80,"Sat, Nov 5, 2016",7:00 PM,1610612743,86,1610612765,103,
81,"Sat, Nov 5, 2016",7:00 PM,1610612741,94,1610612754,111,
82,"Sat, Nov 5, 2016",8:00 PM,1610612758,91,1610612749,117,
83,"Sat, Nov 5, 2016",6:00 PM,1610612750,92,1610612760,112,
84,"Sat, Nov 5, 2016",7:00 PM,1610612764,86,1610612753,88,
85,"Sat, Nov 5, 2016",7:00 PM,1610612739,102,1610612755,101,
87,"Sun, Nov 6, 2016",7:30 PM,1610612743,123,1610612738,107,
88,"Sun, Nov 6, 2016",7:00 PM,1610612749,75,1610612742,86,OT
89,"Sun, Nov 6, 2016",9:30 PM,1610612756,108,1610612747,119,
90,"Sun, Nov 6, 2016",3:30 PM,1610612757,100,1610612763,94,
91,"Sun, Nov 6, 2016",12:00 PM,1610612762,114,1610612752,109,
92,"Sun, Nov 6, 2016",6:00 PM,1610612758,96,1610612761,91,
93,"Mon, Nov 7, 2016",8:00 PM,1610612753,80,1610612741,112,
94,"Mon, Nov 7, 2016",7:00 PM,1610612754,100,1610612766,122,
95,"Mon, Nov 7, 2016",10:30 PM,1610612740,106,1610612744,116,
97,"Mon, Nov 7, 2016",8:00 PM,1610612748,85,1610612760,97,
98,"Mon, Nov 7, 2016",7:00 PM,1610612762,109,1610612755,84,
99,"Mon, Nov 7, 2016",7:00 PM,1610612745,114,1610612764,106,
100,"Tue, Nov 8, 2016",7:30 PM,1610612750,110,1610612751,119,
101,"Tue, Nov 8, 2016",7:00 PM,1610612737,110,1610612739,106,
102,"Tue, Nov 8, 2016",10:30 PM,1610612742,109,1610612747,97,
103,"Tue, Nov 8, 2016",8:00 PM,1610612743,107,1610612763,108,
104,"Tue, Nov 8, 2016",10:00 PM,1610612756,121,1610612757,124,
105,"Tue, Nov 8, 2016",10:30 PM,1610612740,94,1610612758,102,
106,"Wed, Nov 9, 2016",7:30 PM,1610612741,107,1610612737,115,
107,"Wed, Nov 9, 2016",7:00 PM,1610612762,98,1610612766,104,
108,"Wed, Nov 9, 2016",10:30 PM,1610612742,95,1610612744,116,
109,"Wed, Nov 9, 2016",7:00 PM,1610612755,115,1610612754,122,OT
111,"Wed, Nov 9, 2016",7:00 PM,1610612751,96,1610612752,110,
112,"Wed, Nov 9, 2016",8:00 PM,1610612761,112,1610612760,102,
113,"Wed, Nov 9, 2016",7:00 PM,1610612750,123,1610612753,107,
114,"Wed, Nov 9, 2016",9:00 PM,1610612765,100,1610612756,107,
115,"Wed, Nov 9, 2016",9:30 PM,1610612745,101,1610612759,99,
116,"Wed, Nov 9, 2016",7:00 PM,1610612738,93,1610612764,118,
117,"Thu, Nov 10, 2016",9:00 PM,1610612744,125,1610612743,101,
118,"Thu, Nov 10, 2016",8:00 PM,1610612741,98,1610612748,95,
119,"Thu, Nov 10, 2016",8:00 PM,1610612740,112,1610612749,106,
120,"Thu, Nov 10, 2016",10:30 PM,1610612747,101,1610612758,91,
121,"Fri, Nov 11, 2016",7:30 PM,1610612752,87,1610612738,115,
122,"Fri, Nov 11, 2016",7:00 PM,1610612761,113,1610612766,111,
124,"Fri, Nov 11, 2016",7:00 PM,1610612762,87,1610612753,74,
125,"Fri, Nov 11, 2016",7:00 PM,1610612754,105,1610612755,109,OT
126,"Fri, Nov 11, 2016",10:00 PM,1610612758,120,1610612757,122,OT
127,"Fri, Nov 11, 2016",8:30 PM,1610612765,86,1610612759,96,
128,"Fri, Nov 11, 2016",7:00 PM,1610612739,105,1610612764,94,
129,"Sat, Nov 12, 2016",7:30 PM,1610612755,96,1610612737,117,
130,"Sat, Nov 12, 2016",8:00 PM,1610612764,95,1610612741,106,
131,"Sat, Nov 12, 2016",9:00 PM,1610612765,106,1610612743,95,
132,"Sat, Nov 12, 2016",8:00 PM,1610612759,106,1610612745,100,
133,"Sat, Nov 12, 2016",7:00 PM,1610612738,105,1610612754,99,
134,"Sat, Nov 12, 2016",8:00 PM,1610612762,102,1610612748,91,
135,"Sat, Nov 12, 2016",8:30 PM,1610612763,96,1610612749,106,
137,"Sat, Nov 12, 2016",7:00 PM,1610612747,126,1610612740,99,
138,"Sat, Nov 12, 2016",9:00 PM,1610612751,122,1610612756,104,
139,"Sat, Nov 12, 2016",7:30 PM,1610612752,107,1610612761,118,
140,"Sun, Nov 13, 2016",3:30 PM,1610612766,93,1610612739,100,
141,"Sun, Nov 13, 2016",8:00 PM,1610612756,120,1610612744,133,
142,"Sun, Nov 13, 2016",7:00 PM,1610612747,99,1610612750,125,
143,"Sun, Nov 13, 2016",7:00 PM,1610612753,119,1610612760,117,
144,"Sun, Nov 13, 2016",9:00 PM,1610612743,105,1610612757,112,
145,"Mon, Nov 14, 2016",7:30 PM,1610612760,88,1610612765,104,
146,"Mon, Nov 14, 2016",8:00 PM,1610612755,88,1610612745,115,
147,"Mon, Nov 14, 2016",7:00 PM,1610612753,69,1610612754,88,
149,"Mon, Nov 14, 2016",8:00 PM,1610612738,105,1610612740,106,
150,"Mon, Nov 14, 2016",7:30 PM,1610612742,77,1610612752,93,
151,"Mon, Nov 14, 2016",8:30 PM,1610612748,90,1610612759,94,
152,"Mon, Nov 14, 2016",9:00 PM,1610612763,102,1610612762,96,
153,"Tue, Nov 15, 2016",7:00 PM,1610612761,117,1610612739,121,
154,"Tue, Nov 15, 2016",10:30 PM,1610612751,118,1610612747,125,
155,"Tue, Nov 15, 2016",7:30 PM,1610612737,93,1610612748,90,
156,"Tue, Nov 15, 2016",8:00 PM,1610612766,115,1610612750,108,
157,"Tue, Nov 15, 2016",10:00 PM,1610612741,113,1610612757,88,
158,"Wed, Nov 16, 2016",7:30 PM,1610612749,100,1610612737,107,
159,"Wed, Nov 16, 2016",7:30 PM,1610612742,83,1610612738,90,
160,"Wed, Nov 16, 2016",9:00 PM,1610612756,104,1610612743,120,
161,"Wed, Nov 16, 2016",7:00 PM,1610612739,93,1610612754,103,
163,"Wed, Nov 16, 2016",7:30 PM,1610612765,102,1610612752,105,
164,"Wed, Nov 16, 2016",8:00 PM,1610612745,103,1610612760,105,
165,"Wed, Nov 16, 2016",7:00 PM,1610612740,82,1610612753,89,
166,"Wed, Nov 16, 2016",7:00 PM,1610612764,102,1610612755,109,
167,"Wed, Nov 16, 2016",10:30 PM,1610612759,110,1610612758,105,
168,"Wed, Nov 16, 2016",8:00 PM,1610612744,127,1610612761,121,
169,"Thu, Nov 17, 2016",8:00 PM,1610612757,109,1610612745,126,
170,"Thu, Nov 17, 2016",7:30 PM,1610612749,73,1610612748,96,
171,"Thu, Nov 17, 2016",8:00 PM,1610612755,86,1610612750,110,
172,"Thu, Nov 17, 2016",10:30 PM,1610612741,85,1610612762,77,
173,"Thu, Nov 17, 2016",7:00 PM,1610612752,112,1610612764,119,
174,"Fri, Nov 18, 2016",8:00 PM,1610612744,104,1610612738,88,
175,"Fri, Nov 18, 2016",7:00 PM,1610612737,96,1610612766,100,
176,"Fri, Nov 18, 2016",7:30 PM,1610612765,81,1610612739,104,
177,"Fri, Nov 18, 2016",8:30 PM,1610612763,80,1610612742,64,
178,"Fri, Nov 18, 2016",9:00 PM,1610612761,113,1610612743,111,OT
179,"Fri, Nov 18, 2016",7:00 PM,1610612756,116,1610612754,96,
180,"Fri, Nov 18, 2016",10:30 PM,1610612759,116,1610612747,107,
181,"Fri, Nov 18, 2016",8:00 PM,1610612757,101,1610612740,113,
182,"Fri, Nov 18, 2016",8:00 PM,1610612751,105,1610612760,124,
184,"Sat, Nov 19, 2016",7:00 PM,1610612738,94,1610612765,92,
185,"Sat, Nov 19, 2016",5:00 PM,1610612762,102,1610612745,111,
187,"Sat, Nov 19, 2016",8:00 PM,1610612750,71,1610612763,93,
188,"Sat, Nov 19, 2016",8:30 PM,1610612744,124,1610612749,121,
189,"Sat, Nov 19, 2016",7:00 PM,1610612766,116,1610612740,121,OT
190,"Sat, Nov 19, 2016",7:00 PM,1610612742,87,1610612753,95,
191,"Sat, Nov 19, 2016",7:30 PM,1610612756,105,1610612755,120,
192,"Sat, Nov 19, 2016",7:00 PM,1610612748,114,1610612764,111,
193,"Sun, Nov 20, 2016",3:30 PM,1610612757,129,1610612751,109,
194,"Sun, Nov 20, 2016",9:00 PM,1610612762,91,1610612743,105,
195,"Sun, Nov 20, 2016",9:30 PM,1610612741,118,1610612747,110,
196,"Sun, Nov 20, 2016",12:00 PM,1610612737,94,1610612752,104,
197,"Sun, Nov 20, 2016",7:00 PM,1610612754,115,1610612760,111,OT
198,"Sun, Nov 20, 2016",9:00 PM,1610612761,99,1610612758,102,
199,"Mon, Nov 21, 2016",7:00 PM,1610612763,105,1610612766,90,
200,"Mon, Nov 21, 2016",7:30 PM,1610612745,99,1610612765,96,
201,"Mon, Nov 21, 2016",7:00 PM,1610612744,120,1610612754,83,
203,"Mon, Nov 21, 2016",8:00 PM,1610612753,89,1610612749,93,
204,"Mon, Nov 21, 2016",8:00 PM,1610612738,99,1610612750,93,
205,"Mon, Nov 21, 2016",7:00 PM,1610612748,94,1610612755,101,
206,"Mon, Nov 21, 2016",8:30 PM,1610612742,91,1610612759,96,
207,"Mon, Nov 21, 2016",7:00 PM,1610612756,101,1610612764,106,
208,"Tue, Nov 22, 2016",7:30 PM,1610612740,112,1610612737,94,
209,"Tue, Nov 22, 2016",9:00 PM,1610612741,107,1610612743,110,
210,"Tue, Nov 22, 2016",10:30 PM,1610612760,109,1610612747,111,
211,"Tue, Nov 22, 2016",7:30 PM,1610612757,103,1610612752,107,
212,"Wed, Nov 23, 2016",7:30 PM,1610612738,111,1610612751,92,
213,"Wed, Nov 23, 2016",7:00 PM,1610612759,119,1610612766,114,
214,"Wed, Nov 23, 2016",7:00 PM,1610612757,125,1610612739,137,
216,"Wed, Nov 23, 2016",7:30 PM,1610612748,84,1610612765,107,
217,"Wed, Nov 23, 2016",10:30 PM,1610612747,106,1610612744,149,
218,"Wed, Nov 23, 2016",8:00 PM,1610612761,115,1610612745,102,
219,"Wed, Nov 23, 2016",7:00 PM,1610612737,96,1610612754,85,
220,"Wed, Nov 23, 2016",9:30 PM,1610612750,96,1610612740,117,
221,"Wed, Nov 23, 2016",7:00 PM,1610612756,92,1610612753,87,
222,"Wed, Nov 23, 2016",7:00 PM,1610612763,104,1610612755,99,2OT
223,"Wed, Nov 23, 2016",10:30 PM,1610612760,101,1610612758,116,
224,"Wed, Nov 23, 2016",9:00 PM,1610612743,83,1610612762,108,
225,"Fri, Nov 25, 2016",1:00 PM,1610612759,109,1610612738,103,
226,"Fri, Nov 25, 2016",7:30 PM,1610612742,90,1610612739,128,
227,"Fri, Nov 25, 2016",9:00 PM,1610612760,132,1610612743,129,OT
229,"Fri, Nov 25, 2016",8:00 PM,1610612751,97,1610612754,118,
230,"Fri, Nov 25, 2016",10:30 PM,1610612744,109,1610612747,85,
231,"Fri, Nov 25, 2016",8:00 PM,1610612748,90,1610612763,81,
232,"Fri, Nov 25, 2016",8:00 PM,1610612761,105,1610612749,99,
233,"Fri, Nov 25, 2016",7:30 PM,1610612766,111,1610612752,113,OT
234,"Fri, Nov 25, 2016",7:00 PM,1610612764,94,1610612753,91,
235,"Fri, Nov 25, 2016",7:30 PM,1610612741,105,1610612755,89,
236,"Fri, Nov 25, 2016",9:00 PM,1610612750,98,1610612756,85,
237,"Fri, Nov 25, 2016",10:00 PM,1610612740,104,1610612757,119,
238,"Fri, Nov 25, 2016",10:30 PM,1610612745,117,1610612758,104,
239,"Fri, Nov 25, 2016",8:00 PM,1610612737,68,1610612762,95,
240,"Sat, Nov 26, 2016",7:00 PM,1610612752,102,1610612766,107,
241,"Sat, Nov 26, 2016",10:30 PM,1610612750,102,1610612744,115,
242,"Sat, Nov 26, 2016",8:00 PM,1610612763,110,1610612748,107,
243,"Sat, Nov 26, 2016",8:00 PM,1610612765,88,1610612760,106,
244,"Sat, Nov 26, 2016",7:00 PM,1610612759,112,1610612764,100,
245,"Sun, Nov 27, 2016",6:00 PM,1610612758,122,1610612751,105,
246,"Sun, Nov 27, 2016",7:00 PM,1610612740,81,1610612742,91,
248,"Sun, Nov 27, 2016",9:30 PM,1610612737,94,1610612747,109,
249,"Sun, Nov 27, 2016",6:00 PM,1610612749,104,1610612753,96,
250,"Sun, Nov 27, 2016",1:00 PM,1610612739,112,1610612755,108,
251,"Sun, Nov 27, 2016",3:30 PM,1610612743,120,1610612756,114,
252,"Sun, Nov 27, 2016",9:00 PM,1610612745,130,1610612757,114,
253,"Mon, Nov 28, 2016",10:30 PM,1610612737,100,1610612744,105,
254,"Mon, Nov 28, 2016",8:00 PM,1610612766,104,1610612763,85,
255,"Mon, Nov 28, 2016",7:30 PM,1610612738,112,1610612748,104,
256,"Mon, Nov 28, 2016",8:00 PM,1610612762,112,1610612750,103,
257,"Mon, Nov 28, 2016",7:30 PM,1610612760,112,1610612752,103,
258,"Mon, Nov 28, 2016",7:30 PM,1610612755,95,1610612761,122,
259,"Mon, Nov 28, 2016",7:00 PM,1610612758,95,1610612764,101,OT
261,"Tue, Nov 29, 2016",7:00 PM,1610612765,112,1610612766,89,
262,"Tue, Nov 29, 2016",8:00 PM,1610612739,101,1610612749,118,
263,"Tue, Nov 29, 2016",8:00 PM,1610612747,88,1610612740,105,
264,"Tue, Nov 29, 2016",8:30 PM,1610612753,95,1610612759,83,
265,"Tue, Nov 29, 2016",9:00 PM,1610612745,101,1610612762,120,
266,"Wed, Nov 30, 2016",7:30 PM,1610612765,121,1610612738,114,
267,"Wed, Nov 30, 2016",8:00 PM,1610612747,96,1610612741,90,
268,"Wed, Nov 30, 2016",8:30 PM,1610612759,94,1610612742,87,
269,"Wed, Nov 30, 2016",9:00 PM,1610612748,106,1610612743,98,
270,"Wed, Nov 30, 2016",8:00 PM,1610612752,106,1610612750,104,
271,"Wed, Nov 30, 2016",8:00 PM,1610612764,115,1610612760,126,OT
272,"Wed, Nov 30, 2016",9:00 PM,1610612737,107,1610612756,109,
273,"Wed, Nov 30, 2016",10:00 PM,1610612754,109,1610612757,131,
274,"Wed, Nov 30, 2016",7:30 PM,1610612763,105,1610612761,120,
275,"Thu, Dec 1, 2016",7:30 PM,1610612749,111,1610612751,93,
276,"Thu, Dec 1, 2016",7:00 PM,1610612742,87,1610612766,97,
278,"Thu, Dec 1, 2016",10:30 PM,1610612745,132,1610612744,127,2OT
279,"Thu, Dec 1, 2016",8:00 PM,1610612753,94,1610612763,95,
280,"Thu, Dec 1, 2016",9:00 PM,1610612748,111,1610612762,110,
281,"Fri, Dec 2, 2016",8:00 PM,1610612765,121,1610612737,85,
282,"Fri, Dec 2, 2016",7:30 PM,1610612758,92,1610612738,97,
283,"Fri, Dec 2, 2016",8:00 PM,1610612739,105,1610612741,111,
284,"Fri, Dec 2, 2016",10:30 PM,1610612745,128,1610612743,110,
286,"Fri, Dec 2, 2016",7:30 PM,1610612750,114,1610612752,118,
287,"Fri, Dec 2, 2016",7:00 PM,1610612753,105,1610612755,88,
288,"Fri, Dec 2, 2016",8:30 PM,1610612764,105,1610612759,107,
289,"Fri, Dec 2, 2016",7:30 PM,1610612747,80,1610612761,113,
290,"Sat, Dec 3, 2016",7:00 PM,1610612750,125,1610612766,120,OT
291,"Sat, Dec 3, 2016",8:30 PM,1610612741,82,1610612742,107,
292,"Sat, Dec 3, 2016",10:30 PM,1610612756,109,1610612744,138,
293,"Sat, Dec 3, 2016",8:00 PM,1610612747,100,1610612763,103,
294,"Sat, Dec 3, 2016",5:00 PM,1610612751,103,1610612749,112,
295,"Sat, Dec 3, 2016",7:30 PM,1610612738,107,1610612755,106,
296,"Sat, Dec 3, 2016",10:00 PM,1610612748,92,1610612757,99,
297,"Sat, Dec 3, 2016",7:30 PM,1610612737,84,1610612761,128,
298,"Sat, Dec 3, 2016",9:00 PM,1610612743,98,1610612762,105,
299,"Sun, Dec 4, 2016",6:00 PM,1610612753,98,1610612765,92,
301,"Sun, Dec 4, 2016",7:30 PM,1610612758,98,1610612752,106,
302,"Sun, Dec 4, 2016",7:00 PM,1610612740,92,1610612760,101,
303,"Mon, Dec 5, 2016",7:30 PM,1610612760,102,1610612737,99,
304,"Mon, Dec 5, 2016",7:30 PM,1610612764,118,1610612751,113,
305,"Mon, Dec 5, 2016",8:00 PM,1610612757,112,1610612741,110,
306,"Mon, Dec 5, 2016",8:30 PM,1610612766,109,1610612742,101,
307,"Mon, Dec 5, 2016",10:30 PM,1610612754,106,1610612744,142,
308,"Mon, Dec 5, 2016",8:00 PM,1610612738,106,1610612745,107,
309,"Mon, Dec 5, 2016",10:30 PM,1610612762,107,1610612747,101,
310,"Mon, Dec 5, 2016",8:00 PM,1610612759,97,1610612749,96,
311,"Mon, Dec 5, 2016",8:00 PM,1610612763,110,1610612740,108,2OT
312,"Mon, Dec 5, 2016",7:00 PM,1610612743,106,1610612755,98,
313,"Mon, Dec 5, 2016",7:30 PM,1610612739,116,1610612761,112,
314,"Tue, Dec 6, 2016",7:30 PM,1610612741,91,1610612765,102,
315,"Tue, Dec 6, 2016",8:00 PM,1610612755,91,1610612763,96,
316,"Tue, Dec 6, 2016",7:30 PM,1610612752,114,1610612748,103,
317,"Tue, Dec 6, 2016",8:00 PM,1610612759,105,1610612750,91,
318,"Tue, Dec 6, 2016",9:00 PM,1610612756,105,1610612762,112,
319,"Tue, Dec 6, 2016",7:00 PM,1610612753,124,1610612764,116,
320,"Wed, Dec 7, 2016",7:30 PM,1610612748,95,1610612737,103,
321,"Wed, Dec 7, 2016",7:30 PM,1610612743,111,1610612751,116,
322,"Wed, Dec 7, 2016",7:00 PM,1610612765,77,1610612766,87,
323,"Wed, Dec 7, 2016",8:30 PM,1610612758,120,1610612742,89,
324,"Wed, Dec 7, 2016",8:00 PM,1610612747,95,1610612745,134,
326,"Wed, Dec 7, 2016",8:00 PM,1610612757,107,1610612749,115,
327,"Wed, Dec 7, 2016",8:00 PM,1610612739,126,1610612752,94,
328,"Wed, Dec 7, 2016",7:00 PM,1610612738,117,1610612753,87,
329,"Wed, Dec 7, 2016",9:00 PM,1610612754,109,1610612756,94,
330,"Thu, Dec 8, 2016",9:30 PM,1610612759,91,1610612741,95,
331,"Thu, Dec 8, 2016",8:00 PM,1610612757,86,1610612763,88,
332,"Thu, Dec 8, 2016",8:00 PM,1610612755,99,1610612740,88,
333,"Thu, Dec 8, 2016",7:00 PM,1610612750,110,1610612761,124,
334,"Thu, Dec 8, 2016",9:00 PM,1610612744,106,1610612762,99,
335,"Thu, Dec 8, 2016",7:00 PM,1610612743,85,1610612764,92,
336,"Fri, Dec 9, 2016",7:30 PM,1610612761,101,1610612738,94,
337,"Fri, Dec 9, 2016",7:00 PM,1610612753,88,1610612766,109,
338,"Fri, Dec 9, 2016",7:30 PM,1610612748,84,1610612739,114,
339,"Fri, Dec 9, 2016",8:30 PM,1610612754,103,1610612742,111,
340,"Fri, Dec 9, 2016",10:30 PM,1610612756,119,1610612747,115,
341,"Fri, Dec 9, 2016",8:00 PM,1610612737,114,1610612749,110,
342,"Fri, Dec 9, 2016",8:00 PM,1610612765,117,1610612750,90,
343,"Fri, Dec 9, 2016",8:00 PM,1610612745,102,1610612760,99,
344,"Fri, Dec 9, 2016",10:30 PM,1610612752,103,1610612758,100,
345,"Sat, Dec 10, 2016",8:00 PM,1610612748,100,1610612741,105,
346,"Sat, Dec 10, 2016",7:30 PM,1610612766,105,1610612739,116,
347,"Sat, Dec 10, 2016",8:00 PM,1610612742,87,1610612745,109,
348,"Sat, Dec 10, 2016",7:00 PM,1610612757,111,1610612754,118,
350,"Sat, Dec 10, 2016",8:00 PM,1610612744,89,1610612763,110,
351,"Sat, Dec 10, 2016",7:00 PM,1610612743,121,1610612753,113,
352,"Sat, Dec 10, 2016",8:30 PM,1610612751,101,1610612759,130,
353,"Sat, Dec 10, 2016",9:00 PM,1610612758,84,1610612762,104,
354,"Sat, Dec 10, 2016",7:00 PM,1610612749,105,1610612764,110,
355,"Sun, Dec 11, 2016",6:00 PM,1610612755,97,1610612765,79,
356,"Sun, Dec 11, 2016",9:30 PM,1610612752,118,1610612747,112,
357,"Sun, Dec 11, 2016",7:00 PM,1610612744,116,1610612750,108,
358,"Sun, Dec 11, 2016",7:00 PM,1610612738,96,1610612760,99,
359,"Sun, Dec 11, 2016",8:30 PM,1610612740,120,1610612756,119,OT
360,"Mon, Dec 12, 2016",8:30 PM,1610612743,92,1610612742,112,
361,"Mon, Dec 12, 2016",8:00 PM,1610612751,118,1610612745,122,
362,"Mon, Dec 12, 2016",7:00 PM,1610612766,94,1610612754,110,
364,"Mon, Dec 12, 2016",7:30 PM,1610612764,101,1610612748,112,
365,"Mon, Dec 12, 2016",10:30 PM,1610612747,92,1610612758,116,
366,"Mon, Dec 12, 2016",7:30 PM,1610612749,100,1610612761,122,
367,"Tue, Dec 13, 2016",7:30 PM,1610612753,131,1610612737,120,
368,"Tue, Dec 13, 2016",8:00 PM,1610612750,99,1610612741,94,
369,"Tue, Dec 13, 2016",7:00 PM,1610612763,86,1610612739,103,
370,"Tue, Dec 13, 2016",8:00 PM,1610612744,113,1610612740,109,
371,"Tue, Dec 13, 2016",9:00 PM,1610612752,111,1610612756,113,OT
372,"Tue, Dec 13, 2016",10:30 PM,1610612760,95,1610612757,114,
373,"Wed, Dec 14, 2016",7:30 PM,1610612747,97,1610612751,107,
374,"Wed, Dec 14, 2016",8:30 PM,1610612765,95,1610612742,85,
375,"Wed, Dec 14, 2016",8:00 PM,1610612758,98,1610612745,132,
376,"Wed, Dec 14, 2016",8:00 PM,1610612739,85,1610612763,93,
377,"Wed, Dec 14, 2016",7:00 PM,1610612754,89,1610612748,95,
379,"Wed, Dec 14, 2016",7:00 PM,1610612761,123,1610612755,114,
380,"Wed, Dec 14, 2016",9:30 PM,1610612738,101,1610612759,108,
381,"Wed, Dec 14, 2016",9:00 PM,1610612760,89,1610612762,109,
382,"Wed, Dec 14, 2016",7:00 PM,1610612766,106,1610612764,109,
383,"Thu, Dec 15, 2016",9:00 PM,1610612757,120,1610612743,132,
384,"Thu, Dec 15, 2016",10:30 PM,1610612752,90,1610612744,103,
385,"Thu, Dec 15, 2016",8:00 PM,1610612741,97,1610612749,108,
386,"Thu, Dec 15, 2016",8:00 PM,1610612754,95,1610612740,102,
387,"Thu, Dec 15, 2016",9:00 PM,1610612759,107,1610612756,92,
388,"Fri, Dec 16, 2016",7:30 PM,1610612766,88,1610612738,96,
389,"Fri, Dec 16, 2016",8:00 PM,1610612749,95,1610612741,69,
390,"Fri, Dec 16, 2016",8:00 PM,1610612740,100,1610612745,122,
391,"Fri, Dec 16, 2016",8:00 PM,1610612758,96,1610612763,92,
393,"Fri, Dec 16, 2016",7:00 PM,1610612751,111,1610612753,118,
394,"Fri, Dec 16, 2016",8:00 PM,1610612747,100,1610612755,89,
395,"Fri, Dec 16, 2016",7:30 PM,1610612737,125,1610612761,121,
396,"Fri, Dec 16, 2016",10:30 PM,1610612742,100,1610612762,103,
397,"Fri, Dec 16, 2016",7:00 PM,1610612765,108,1610612764,122,
398,"Sat, Dec 17, 2016",7:30 PM,1610612766,107,1610612737,99,
399,"Sat, Dec 17, 2016",7:30 PM,1610612747,108,1610612739,119,
400,"Sat, Dec 17, 2016",9:00 PM,1610612752,114,1610612743,127,
401,"Sat, Dec 17, 2016",7:00 PM,1610612754,105,1610612765,90,
402,"Sat, Dec 17, 2016",10:30 PM,1610612757,90,1610612744,135,
403,"Sat, Dec 17, 2016",8:00 PM,1610612745,111,1610612750,109,OT
404,"Sat, Dec 17, 2016",5:00 PM,1610612756,101,1610612760,114,
405,"Sun, Dec 18, 2016",4:00 PM,1610612758,79,1610612742,99,
406,"Sun, Dec 18, 2016",6:00 PM,1610612762,82,1610612763,73,
407,"Sun, Dec 18, 2016",6:00 PM,1610612738,105,1610612748,95,
408,"Sun, Dec 18, 2016",6:00 PM,1610612761,109,1610612753,79,
409,"Sun, Dec 18, 2016",6:00 PM,1610612751,107,1610612755,108,
410,"Sun, Dec 18, 2016",7:00 PM,1610612740,100,1610612759,113,
412,"Mon, Dec 19, 2016",8:00 PM,1610612765,82,1610612741,113,
413,"Mon, Dec 19, 2016",9:00 PM,1610612742,107,1610612743,117,
414,"Mon, Dec 19, 2016",7:00 PM,1610612764,105,1610612754,107,
415,"Mon, Dec 19, 2016",8:00 PM,1610612756,108,1610612750,115,
416,"Mon, Dec 19, 2016",8:00 PM,1610612737,110,1610612760,108,
417,"Tue, Dec 20, 2016",7:00 PM,1610612747,113,1610612766,117,
418,"Tue, Dec 20, 2016",10:30 PM,1610612762,74,1610612744,104,
419,"Tue, Dec 20, 2016",8:00 PM,1610612759,102,1610612745,100,
421,"Tue, Dec 20, 2016",8:00 PM,1610612738,112,1610612763,109,OT
422,"Tue, Dec 20, 2016",7:30 PM,1610612753,136,1610612748,130,2OT
423,"Tue, Dec 20, 2016",8:00 PM,1610612739,114,1610612749,108,OT
424,"Tue, Dec 20, 2016",7:30 PM,1610612754,111,1610612752,118,
425,"Tue, Dec 20, 2016",7:00 PM,1610612740,108,1610612755,93,
426,"Tue, Dec 20, 2016",10:30 PM,1610612757,121,1610612758,126,
427,"Tue, Dec 20, 2016",7:30 PM,1610612751,104,1610612761,116,
428,"Wed, Dec 21, 2016",7:30 PM,1610612750,92,1610612737,84,
429,"Wed, Dec 21, 2016",8:00 PM,1610612764,107,1610612741,97,
430,"Wed, Dec 21, 2016",7:00 PM,1610612749,102,1610612739,113,
431,"Wed, Dec 21, 2016",7:30 PM,1610612763,98,1610612765,86,
432,"Wed, Dec 21, 2016",8:00 PM,1610612760,121,1610612740,110,
433,"Wed, Dec 21, 2016",9:00 PM,1610612745,125,1610612756,111,
434,"Wed, Dec 21, 2016",10:00 PM,1610612742,96,1610612757,95,
435,"Wed, Dec 21, 2016",9:00 PM,1610612758,94,1610612762,93,
436,"Thu, Dec 22, 2016",7:30 PM,1610612744,117,1610612751,101,
437,"Thu, Dec 22, 2016",7:00 PM,1610612738,109,1610612754,102,
439,"Thu, Dec 22, 2016",8:00 PM,1610612747,107,1610612748,115,
440,"Thu, Dec 22, 2016",7:30 PM,1610612753,95,1610612752,106,
441,"Fri, Dec 23, 2016",7:30 PM,1610612760,117,1610612738,112,
442,"Fri, Dec 23, 2016",7:00 PM,1610612741,91,1610612766,103,
443,"Fri, Dec 23, 2016",7:30 PM,1610612751,99,1610612739,119,
444,"Fri, Dec 23, 2016",9:00 PM,1610612737,109,1610612743,108,
445,"Fri, Dec 23, 2016",7:30 PM,1610612744,119,1610612765,113,
447,"Fri, Dec 23, 2016",8:00 PM,1610612745,109,1610612763,115,
448,"Fri, Dec 23, 2016",8:00 PM,1610612764,96,1610612749,123,
449,"Fri, Dec 23, 2016",8:00 PM,1610612758,109,1610612750,105,
450,"Fri, Dec 23, 2016",8:00 PM,1610612748,87,1610612740,91,
451,"Fri, Dec 23, 2016",7:00 PM,1610612747,90,1610612753,109,
452,"Fri, Dec 23, 2016",9:00 PM,1610612755,116,1610612756,123,
453,"Fri, Dec 23, 2016",10:00 PM,1610612759,110,1610612757,90,
454,"Fri, Dec 23, 2016",9:00 PM,1610612761,104,1610612762,98,
455,"Sun, Dec 25, 2016",2:30 PM,1610612744,108,1610612739,109,
457,"Sun, Dec 25, 2016",12:00 PM,1610612738,119,1610612752,114,
458,"Sun, Dec 25, 2016",8:00 PM,1610612750,100,1610612760,112,
459,"Sun, Dec 25, 2016",5:00 PM,1610612741,100,1610612759,119,
460,"Mon, Dec 26, 2016",7:30 PM,1610612766,118,1610612751,120,
461,"Mon, Dec 26, 2016",8:00 PM,1610612754,85,1610612741,90,
462,"Mon, Dec 26, 2016",7:30 PM,1610612739,90,1610612765,106,
463,"Mon, Dec 26, 2016",8:00 PM,1610612756,115,1610612745,131,
465,"Mon, Dec 26, 2016",8:00 PM,1610612737,90,1610612750,104,
466,"Mon, Dec 26, 2016",8:00 PM,1610612742,104,1610612740,111,
467,"Mon, Dec 26, 2016",7:00 PM,1610612763,102,1610612753,112,
468,"Mon, Dec 26, 2016",10:00 PM,1610612761,95,1610612757,91,
469,"Mon, Dec 26, 2016",10:30 PM,1610612755,100,1610612758,102,
470,"Mon, Dec 26, 2016",7:00 PM,1610612749,102,1610612764,107,
471,"Tue, Dec 27, 2016",7:30 PM,1610612763,103,1610612738,113,
472,"Tue, Dec 27, 2016",8:30 PM,1610612745,123,1610612742,107,
473,"Tue, Dec 27, 2016",10:30 PM,1610612762,102,1610612747,100,
474,"Tue, Dec 27, 2016",7:30 PM,1610612760,106,1610612748,94,
475,"Wed, Dec 28, 2016",7:30 PM,1610612752,98,1610612737,102,OT
476,"Wed, Dec 28, 2016",8:00 PM,1610612751,99,1610612741,101,
477,"Wed, Dec 28, 2016",9:00 PM,1610612750,103,1610612743,105,
478,"Wed, Dec 28, 2016",7:30 PM,1610612749,119,1610612765,94,
479,"Wed, Dec 28, 2016",10:30 PM,1610612761,111,1610612744,121,
481,"Wed, Dec 28, 2016",7:00 PM,1610612766,120,1610612753,101,
482,"Wed, Dec 28, 2016",10:00 PM,1610612758,89,1610612757,102,
483,"Wed, Dec 28, 2016",8:30 PM,1610612756,98,1610612759,119,
484,"Wed, Dec 28, 2016",7:00 PM,1610612754,105,1610612764,111,
485,"Thu, Dec 29, 2016",7:00 PM,1610612748,82,1610612766,91,
486,"Thu, Dec 29, 2016",8:00 PM,1610612738,118,1610612739,124,
487,"Thu, Dec 29, 2016",10:30 PM,1610612742,101,1610612747,89,
488,"Thu, Dec 29, 2016",8:00 PM,1610612760,80,1610612763,114,
489,"Thu, Dec 29, 2016",9:00 PM,1610612761,91,1610612756,99,
490,"Thu, Dec 29, 2016",9:00 PM,1610612755,83,1610612762,100,
491,"Fri, Dec 30, 2016",8:00 PM,1610612765,98,1610612737,105,
492,"Fri, Dec 30, 2016",7:30 PM,1610612748,114,1610612738,117,
493,"Fri, Dec 30, 2016",9:00 PM,1610612755,124,1610612743,122,
494,"Fri, Dec 30, 2016",10:30 PM,1610612742,99,1610612744,108,
496,"Fri, Dec 30, 2016",4:00 PM,1610612741,101,1610612754,111,
497,"Fri, Dec 30, 2016",8:00 PM,1610612749,99,1610612750,116,
498,"Fri, Dec 30, 2016",8:00 PM,1610612752,92,1610612740,104,
499,"Fri, Dec 30, 2016",8:30 PM,1610612757,94,1610612759,110,
500,"Fri, Dec 30, 2016",7:00 PM,1610612751,95,1610612764,118,
501,"Sat, Dec 31, 2016",7:00 PM,1610612749,116,1610612741,96,
502,"Sat, Dec 31, 2016",7:00 PM,1610612739,121,1610612766,109,
503,"Sat, Dec 31, 2016",8:00 PM,1610612752,122,1610612745,129,
505,"Sat, Dec 31, 2016",5:00 PM,1610612763,112,1610612758,98,
506,"Sat, Dec 31, 2016",8:00 PM,1610612756,86,1610612762,91,
507,"Sun, Jan 1, 2017",6:00 PM,1610612759,112,1610612737,114,OT
508,"Sun, Jan 1, 2017",6:00 PM,1610612753,104,1610612754,117,
509,"Sun, Jan 1, 2017",9:30 PM,1610612761,123,1610612747,114,
510,"Sun, Jan 1, 2017",6:00 PM,1610612765,107,1610612748,98,
511,"Sun, Jan 1, 2017",7:00 PM,1610612757,95,1610612750,89,
512,"Mon, Jan 2, 2017",7:30 PM,1610612762,101,1610612751,89,
513,"Mon, Jan 2, 2017",8:00 PM,1610612766,111,1610612741,118,
514,"Mon, Jan 2, 2017",7:00 PM,1610612740,82,1610612739,90,
515,"Mon, Jan 2, 2017",10:30 PM,1610612743,119,1610612744,127,
516,"Mon, Jan 2, 2017",8:00 PM,1610612764,91,1610612745,101,
518,"Mon, Jan 2, 2017",7:00 PM,1610612760,94,1610612749,98,
519,"Mon, Jan 2, 2017",7:30 PM,1610612753,115,1610612752,103,
520,"Tue, Jan 3, 2017",7:30 PM,1610612762,104,1610612738,115,
521,"Tue, Jan 3, 2017",8:30 PM,1610612764,105,1610612742,113,
522,"Tue, Jan 3, 2017",9:00 PM,1610612758,120,1610612743,113,
523,"Tue, Jan 3, 2017",7:30 PM,1610612754,121,1610612765,116,
524,"Tue, Jan 3, 2017",10:30 PM,1610612763,102,1610612747,116,
525,"Tue, Jan 3, 2017",7:00 PM,1610612750,91,1610612755,93,
526,"Tue, Jan 3, 2017",9:00 PM,1610612748,90,1610612756,99,
527,"Tue, Jan 3, 2017",8:30 PM,1610612761,82,1610612759,110,
528,"Wed, Jan 4, 2017",7:00 PM,1610612760,112,1610612766,123,
529,"Wed, Jan 4, 2017",8:00 PM,1610612741,106,1610612739,94,
530,"Wed, Jan 4, 2017",10:30 PM,1610612757,117,1610612744,125,
532,"Wed, Jan 4, 2017",7:30 PM,1610612749,105,1610612752,104,
533,"Wed, Jan 4, 2017",7:00 PM,1610612737,111,1610612753,92,
534,"Wed, Jan 4, 2017",10:30 PM,1610612748,107,1610612758,102,
535,"Thu, Jan 5, 2017",8:30 PM,1610612756,102,1610612742,95,
536,"Thu, Jan 5, 2017",9:00 PM,1610612759,127,1610612743,99,
537,"Thu, Jan 5, 2017",7:30 PM,1610612766,114,1610612765,115,
538,"Thu, Jan 5, 2017",8:00 PM,1610612760,116,1610612745,118,
539,"Thu, Jan 5, 2017",7:00 PM,1610612751,109,1610612754,121,
540,"Thu, Jan 5, 2017",8:00 PM,1610612737,99,1610612740,94,
541,"Thu, Jan 5, 2017",10:30 PM,1610612747,109,1610612757,118,
542,"Thu, Jan 5, 2017",7:30 PM,1610612762,93,1610612761,101,
543,"Fri, Jan 6, 2017",7:30 PM,1610612755,106,1610612738,110,
544,"Fri, Jan 6, 2017",7:30 PM,1610612739,116,1610612751,108,
545,"Fri, Jan 6, 2017",10:30 PM,1610612763,128,1610612744,119,OT
546,"Fri, Jan 6, 2017",10:30 PM,1610612748,100,1610612747,127,
547,"Fri, Jan 6, 2017",8:00 PM,1610612752,116,1610612749,111,
548,"Fri, Jan 6, 2017",7:00 PM,1610612745,100,1610612753,93,
550,"Fri, Jan 6, 2017",7:00 PM,1610612750,105,1610612764,112,
551,"Sat, Jan 7, 2017",7:30 PM,1610612740,108,1610612738,117,
552,"Sat, Jan 7, 2017",8:00 PM,1610612761,118,1610612741,123,OT
553,"Sat, Jan 7, 2017",8:30 PM,1610612737,97,1610612742,82,
554,"Sat, Jan 7, 2017",7:00 PM,1610612752,109,1610612754,123,
555,"Sat, Jan 7, 2017",8:00 PM,1610612762,94,1610612750,92,
556,"Sat, Jan 7, 2017",8:00 PM,1610612743,106,1610612760,121,
557,"Sat, Jan 7, 2017",8:30 PM,1610612766,85,1610612759,102,
558,"Sun, Jan 8, 2017",12:00 PM,1610612755,105,1610612751,95,
560,"Sun, Jan 8, 2017",9:30 PM,1610612753,95,1610612747,111,
561,"Sun, Jan 8, 2017",8:00 PM,1610612762,79,1610612763,88,
562,"Sun, Jan 8, 2017",2:00 PM,1610612764,107,1610612749,101,
563,"Sun, Jan 8, 2017",8:30 PM,1610612739,120,1610612756,116,
564,"Sun, Jan 8, 2017",9:00 PM,1610612765,125,1610612757,124,2OT
565,"Sun, Jan 8, 2017",9:00 PM,1610612744,117,1610612758,106,
566,"Sun, Jan 8, 2017",6:00 PM,1610612745,129,1610612761,122,
567,"Mon, Jan 9, 2017",8:00 PM,1610612760,109,1610612741,94,
568,"Mon, Jan 9, 2017",8:00 PM,1610612742,92,1610612750,101,
569,"Mon, Jan 9, 2017",7:30 PM,1610612740,110,1610612752,96,
570,"Tue, Jan 10, 2017",7:30 PM,1610612737,117,1610612751,97,
571,"Tue, Jan 10, 2017",10:30 PM,1610612748,95,1610612744,107,
572,"Tue, Jan 10, 2017",8:00 PM,1610612766,114,1610612745,121,
573,"Tue, Jan 10, 2017",10:30 PM,1610612757,108,1610612747,87,
574,"Tue, Jan 10, 2017",10:30 PM,1610612765,94,1610612758,100,
575,"Tue, Jan 10, 2017",8:30 PM,1610612749,109,1610612759,107,
576,"Tue, Jan 10, 2017",7:30 PM,1610612738,106,1610612761,114,
577,"Tue, Jan 10, 2017",9:00 PM,1610612739,92,1610612762,100,
578,"Tue, Jan 10, 2017",7:00 PM,1610612741,99,1610612764,101,
579,"Wed, Jan 11, 2017",8:00 PM,1610612764,108,1610612738,117,
581,"Wed, Jan 11, 2017",8:00 PM,1610612745,105,1610612750,119,
582,"Wed, Jan 11, 2017",8:00 PM,1610612763,95,1610612760,103,
583,"Wed, Jan 11, 2017",7:00 PM,1610612752,97,1610612755,98,
584,"Wed, Jan 11, 2017",10:30 PM,1610612739,86,1610612757,102,
585,"Thu, Jan 12, 2017",7:30 PM,1610612740,104,1610612751,95,
586,"Thu, Jan 12, 2017",3:00 PM,1610612754,112,1610612743,140,
587,"Thu, Jan 12, 2017",10:30 PM,1610612765,107,1610612744,127,
588,"Thu, Jan 12, 2017",8:00 PM,1610612741,89,1610612752,104,
589,"Thu, Jan 12, 2017",10:00 PM,1610612742,113,1610612756,108,
590,"Thu, Jan 12, 2017",8:30 PM,1610612747,94,1610612759,134,
591,"Fri, Jan 13, 2017",8:00 PM,1610612738,103,1610612737,101,
592,"Fri, Jan 13, 2017",8:00 PM,1610612763,110,1610612745,105,
593,"Fri, Jan 13, 2017",8:00 PM,1610612748,108,1610612749,116,
594,"Fri, Jan 13, 2017",8:00 PM,1610612760,86,1610612750,96,
595,"Fri, Jan 13, 2017",7:00 PM,1610612766,93,1610612755,102,
596,"Fri, Jan 13, 2017",10:00 PM,1610612753,115,1610612757,109,
597,"Fri, Jan 13, 2017",10:30 PM,1610612739,120,1610612758,108,
598,"Fri, Jan 13, 2017",7:30 PM,1610612751,113,1610612761,132,
599,"Fri, Jan 13, 2017",10:30 PM,1610612765,77,1610612762,110,
600,"Sat, Jan 14, 2017",5:00 PM,1610612740,99,1610612741,107,
602,"Sat, Jan 14, 2017",6:00 PM,1610612759,105,1610612756,108,
603,"Sat, Jan 14, 2017",9:00 PM,1610612753,107,1610612762,114,
604,"Sat, Jan 14, 2017",8:00 PM,1610612755,93,1610612764,109,
605,"Sun, Jan 15, 2017",3:00 PM,1610612749,98,1610612737,111,
606,"Sun, Jan 15, 2017",6:00 PM,1610612745,137,1610612751,112,
607,"Sun, Jan 15, 2017",2:00 PM,1610612750,87,1610612742,98,
608,"Sun, Jan 15, 2017",9:30 PM,1610612765,102,1610612747,97,
609,"Sun, Jan 15, 2017",9:00 PM,1610612741,108,1610612763,104,
610,"Sun, Jan 15, 2017",9:00 PM,1610612760,122,1610612758,118,
611,"Sun, Jan 15, 2017",3:00 PM,1610612752,101,1610612761,116,
612,"Mon, Jan 16, 2017",7:30 PM,1610612766,98,1610612738,108,
613,"Mon, Jan 16, 2017",5:00 PM,1610612753,112,1610612743,125,
614,"Mon, Jan 16, 2017",8:00 PM,1610612739,91,1610612744,126,
615,"Mon, Jan 16, 2017",4:00 PM,1610612740,95,1610612754,98,
617,"Mon, Jan 16, 2017",3:30 PM,1610612755,113,1610612749,104,
618,"Mon, Jan 16, 2017",1:00 PM,1610612737,108,1610612752,107,
619,"Mon, Jan 16, 2017",9:00 PM,1610612762,106,1610612756,101,
620,"Mon, Jan 16, 2017",2:00 PM,1610612757,101,1610612764,120,
621,"Tue, Jan 17, 2017",7:30 PM,1610612761,119,1610612751,109,
622,"Tue, Jan 17, 2017",8:00 PM,1610612742,99,1610612741,98,
623,"Tue, Jan 17, 2017",10:30 PM,1610612743,127,1610612747,121,
624,"Tue, Jan 17, 2017",7:30 PM,1610612745,103,1610612748,109,
625,"Tue, Jan 17, 2017",8:30 PM,1610612750,114,1610612759,122,
626,"Wed, Jan 18, 2017",7:30 PM,1610612752,117,1610612738,106,
627,"Wed, Jan 18, 2017",7:00 PM,1610612757,85,1610612766,107,
628,"Wed, Jan 18, 2017",8:00 PM,1610612737,95,1610612765,118,
629,"Wed, Jan 18, 2017",10:30 PM,1610612760,100,1610612744,121,
630,"Wed, Jan 18, 2017",8:00 PM,1610612749,92,1610612745,111,
631,"Wed, Jan 18, 2017",8:00 PM,1610612753,98,1610612740,118,
632,"Wed, Jan 18, 2017",7:00 PM,1610612761,89,1610612755,94,
633,"Wed, Jan 18, 2017",10:30 PM,1610612754,106,1610612758,100,
634,"Wed, Jan 18, 2017",7:00 PM,1610612763,101,1610612764,104,
635,"Thu, Jan 19, 2017",7:00 PM,1610612756,103,1610612739,118,
637,"Thu, Jan 19, 2017",7:30 PM,1610612742,95,1610612748,99,
638,"Thu, Jan 19, 2017",8:00 PM,1610612764,113,1610612752,110,
639,"Thu, Jan 19, 2017",8:30 PM,1610612743,104,1610612759,118,
640,"Fri, Jan 20, 2017",8:00 PM,1610612741,93,1610612737,102,
641,"Fri, Jan 20, 2017",7:00 PM,1610612761,78,1610612766,113,
642,"Fri, Jan 20, 2017",8:30 PM,1610612762,112,1610612742,107,OT
643,"Fri, Jan 20, 2017",8:00 PM,1610612744,125,1610612745,108,
644,"Fri, Jan 20, 2017",10:30 PM,1610612754,95,1610612747,108,
645,"Fri, Jan 20, 2017",8:00 PM,1610612758,91,1610612763,107,
646,"Fri, Jan 20, 2017",8:00 PM,1610612751,143,1610612740,114,
647,"Fri, Jan 20, 2017",7:00 PM,1610612749,96,1610612753,112,
648,"Fri, Jan 20, 2017",7:00 PM,1610612757,92,1610612755,93,
649,"Sat, Jan 21, 2017",7:00 PM,1610612755,93,1610612737,110,
650,"Sat, Jan 21, 2017",5:00 PM,1610612757,127,1610612738,123,OT
651,"Sat, Jan 21, 2017",9:00 PM,1610612758,99,1610612741,102,
652,"Sat, Jan 21, 2017",7:00 PM,1610612751,105,1610612766,112,
653,"Sat, Jan 21, 2017",8:30 PM,1610612759,118,1610612739,115,OT
655,"Sat, Jan 21, 2017",6:00 PM,1610612764,112,1610612765,113,
656,"Sat, Jan 21, 2017",8:00 PM,1610612745,119,1610612763,95,
657,"Sat, Jan 21, 2017",7:30 PM,1610612749,97,1610612748,109,
658,"Sat, Jan 21, 2017",7:30 PM,1610612756,107,1610612752,105,
659,"Sat, Jan 21, 2017",9:00 PM,1610612754,100,1610612762,109,
660,"Sun, Jan 22, 2017",3:30 PM,1610612747,73,1610612742,122,
661,"Sun, Jan 22, 2017",7:00 PM,1610612743,108,1610612750,111,
662,"Sun, Jan 22, 2017",12:00 PM,1610612744,118,1610612753,98,
663,"Sun, Jan 22, 2017",6:00 PM,1610612756,115,1610612761,103,
665,"Mon, Jan 23, 2017",7:30 PM,1610612759,112,1610612751,86,
666,"Mon, Jan 23, 2017",7:00 PM,1610612764,109,1610612766,99,
667,"Mon, Jan 23, 2017",7:30 PM,1610612758,109,1610612765,104,
668,"Mon, Jan 23, 2017",8:00 PM,1610612752,109,1610612754,103,
669,"Mon, Jan 23, 2017",7:30 PM,1610612744,102,1610612748,105,
670,"Mon, Jan 23, 2017",8:00 PM,1610612745,114,1610612749,127,
671,"Mon, Jan 23, 2017",8:00 PM,1610612739,122,1610612740,124,
672,"Mon, Jan 23, 2017",9:00 PM,1610612760,97,1610612762,95,
673,"Tue, Jan 24, 2017",9:00 PM,1610612762,93,1610612743,103,
674,"Tue, Jan 24, 2017",7:00 PM,1610612741,100,1610612753,92,
676,"Tue, Jan 24, 2017",9:00 PM,1610612750,112,1610612756,111,
677,"Tue, Jan 24, 2017",7:00 PM,1610612759,108,1610612761,106,
678,"Tue, Jan 24, 2017",7:00 PM,1610612738,108,1610612764,123,
679,"Wed, Jan 25, 2017",7:30 PM,1610612745,109,1610612738,120,
680,"Wed, Jan 25, 2017",7:30 PM,1610612748,109,1610612751,106,
681,"Wed, Jan 25, 2017",8:00 PM,1610612737,119,1610612741,114,
682,"Wed, Jan 25, 2017",8:00 PM,1610612744,113,1610612766,103,
683,"Wed, Jan 25, 2017",7:00 PM,1610612758,116,1610612739,112,OT
684,"Wed, Jan 25, 2017",8:30 PM,1610612752,95,1610612742,103,
685,"Wed, Jan 25, 2017",8:00 PM,1610612761,99,1610612763,101,
686,"Wed, Jan 25, 2017",8:00 PM,1610612755,114,1610612749,109,
687,"Wed, Jan 25, 2017",8:00 PM,1610612760,114,1610612740,105,
688,"Wed, Jan 25, 2017",10:30 PM,1610612747,98,1610612757,105,
689,"Thu, Jan 26, 2017",9:00 PM,1610612756,120,1610612743,127,
690,"Thu, Jan 26, 2017",8:00 PM,1610612754,109,1610612750,103,
691,"Thu, Jan 26, 2017",8:00 PM,1610612742,98,1610612760,109,
692,"Thu, Jan 26, 2017",10:30 PM,1610612747,88,1610612762,96,
693,"Fri, Jan 27, 2017",8:00 PM,1610612764,112,1610612737,86,
694,"Fri, Jan 27, 2017",7:30 PM,1610612753,98,1610612738,128,
695,"Fri, Jan 27, 2017",8:00 PM,1610612748,100,1610612741,88,
696,"Fri, Jan 27, 2017",7:30 PM,1610612751,116,1610612739,124,
697,"Fri, Jan 27, 2017",7:00 PM,1610612758,111,1610612754,115,OT
698,"Fri, Jan 27, 2017",8:00 PM,1610612759,103,1610612740,119,
699,"Fri, Jan 27, 2017",7:30 PM,1610612766,107,1610612752,110,
700,"Fri, Jan 27, 2017",8:00 PM,1610612745,123,1610612755,118,
701,"Fri, Jan 27, 2017",10:00 PM,1610612763,109,1610612757,112,
702,"Fri, Jan 27, 2017",7:30 PM,1610612749,86,1610612761,102,
703,"Sat, Jan 28, 2017",7:00 PM,1610612758,109,1610612766,106,
705,"Sat, Jan 28, 2017",7:30 PM,1610612765,103,1610612748,116,
706,"Sat, Jan 28, 2017",8:00 PM,1610612738,112,1610612749,108,OT
707,"Sat, Jan 28, 2017",9:00 PM,1610612751,109,1610612750,129,
708,"Sat, Jan 28, 2017",9:00 PM,1610612743,123,1610612756,112,
709,"Sat, Jan 28, 2017",9:00 PM,1610612763,102,1610612762,95,
710,"Sun, Jan 29, 2017",3:00 PM,1610612752,139,1610612737,142,4OT
711,"Sun, Jan 29, 2017",7:00 PM,1610612755,108,1610612741,121,
712,"Sun, Jan 29, 2017",3:30 PM,1610612760,91,1610612739,107,
713,"Sun, Jan 29, 2017",6:00 PM,1610612745,101,1610612754,120,
714,"Sun, Jan 29, 2017",6:00 PM,1610612764,107,1610612740,94,
715,"Sun, Jan 29, 2017",9:00 PM,1610612744,113,1610612757,111,
716,"Sun, Jan 29, 2017",7:00 PM,1610612742,105,1610612759,101,
717,"Sun, Jan 29, 2017",6:00 PM,1610612753,114,1610612761,113,
718,"Mon, Jan 30, 2017",8:00 PM,1610612765,109,1610612738,113,
719,"Mon, Jan 30, 2017",8:30 PM,1610612739,97,1610612742,104,
720,"Mon, Jan 30, 2017",7:30 PM,1610612751,96,1610612748,104,
721,"Mon, Jan 30, 2017",8:00 PM,1610612753,105,1610612750,111,OT
722,"Mon, Jan 30, 2017",6:00 PM,1610612758,119,1610612755,122,
723,"Mon, Jan 30, 2017",10:30 PM,1610612763,115,1610612756,96,
724,"Tue, Jan 31, 2017",8:00 PM,1610612758,83,1610612745,105,
725,"Tue, Jan 31, 2017",10:30 PM,1610612743,116,1610612747,120,
726,"Tue, Jan 31, 2017",10:00 PM,1610612766,98,1610612757,115,
727,"Tue, Jan 31, 2017",8:30 PM,1610612760,94,1610612759,108,
728,"Tue, Jan 31, 2017",7:00 PM,1610612740,106,1610612761,108,OT
729,"Tue, Jan 31, 2017",7:00 PM,1610612752,101,1610612764,117,
730,"Wed, Feb 1, 2017",7:30 PM,1610612761,104,1610612738,109,
731,"Wed, Feb 1, 2017",7:30 PM,1610612752,95,1610612751,90,
732,"Wed, Feb 1, 2017",7:00 PM,1610612750,97,1610612739,125,
733,"Wed, Feb 1, 2017",8:30 PM,1610612755,95,1610612742,113,
734,"Wed, Feb 1, 2017",9:00 PM,1610612763,119,1610612743,99,
735,"Wed, Feb 1, 2017",7:30 PM,1610612740,98,1610612765,118,
736,"Wed, Feb 1, 2017",10:30 PM,1610612766,111,1610612744,126,
737,"Wed, Feb 1, 2017",7:30 PM,1610612737,93,1610612748,116,
738,"Wed, Feb 1, 2017",9:30 PM,1610612741,128,1610612760,100,
739,"Wed, Feb 1, 2017",7:00 PM,1610612754,98,1610612753,88,
741,"Wed, Feb 1, 2017",9:00 PM,1610612749,88,1610612762,104,
742,"Thu, Feb 2, 2017",8:00 PM,1610612737,113,1610612745,108,
744,"Thu, Feb 2, 2017",8:30 PM,1610612755,86,1610612759,102,
745,"Thu, Feb 2, 2017",7:00 PM,1610612747,108,1610612764,116,
746,"Fri, Feb 3, 2017",8:00 PM,1610612747,107,1610612738,113,
747,"Fri, Feb 3, 2017",7:30 PM,1610612754,106,1610612751,97,
748,"Fri, Feb 3, 2017",9:00 PM,1610612749,117,1610612743,121,
749,"Fri, Feb 3, 2017",7:30 PM,1610612750,108,1610612765,116,
750,"Fri, Feb 3, 2017",8:00 PM,1610612741,117,1610612745,121,OT
751,"Fri, Feb 3, 2017",8:00 PM,1610612763,102,1610612760,114,
752,"Fri, Feb 3, 2017",7:00 PM,1610612761,94,1610612753,102,
753,"Fri, Feb 3, 2017",10:30 PM,1610612742,108,1610612757,104,
754,"Fri, Feb 3, 2017",10:30 PM,1610612756,105,1610612758,103,
755,"Sat, Feb 4, 2017",7:00 PM,1610612753,86,1610612737,113,
756,"Sat, Feb 4, 2017",7:00 PM,1610612765,84,1610612754,105,
757,"Sat, Feb 4, 2017",7:30 PM,1610612755,102,1610612748,125,
758,"Sat, Feb 4, 2017",9:00 PM,1610612763,107,1610612750,99,
759,"Sat, Feb 4, 2017",8:30 PM,1610612739,111,1610612752,104,
760,"Sat, Feb 4, 2017",9:00 PM,1610612749,137,1610612756,112,
761,"Sat, Feb 4, 2017",10:30 PM,1610612744,106,1610612758,109,OT
762,"Sat, Feb 4, 2017",9:00 PM,1610612743,97,1610612759,121,
763,"Sat, Feb 4, 2017",9:00 PM,1610612766,98,1610612762,105,
764,"Sat, Feb 4, 2017",7:00 PM,1610612740,91,1610612764,105,
766,"Sun, Feb 5, 2017",12:00 PM,1610612761,103,1610612751,95,
767,"Sun, Feb 5, 2017",3:00 PM,1610612757,99,1610612760,105,
768,"Mon, Feb 6, 2017",7:30 PM,1610612762,120,1610612737,95,
769,"Mon, Feb 6, 2017",9:00 PM,1610612742,87,1610612743,110,
770,"Mon, Feb 6, 2017",7:30 PM,1610612755,96,1610612765,113,
771,"Mon, Feb 6, 2017",7:00 PM,1610612760,90,1610612754,93,
772,"Mon, Feb 6, 2017",9:30 PM,1610612759,74,1610612763,89,
773,"Mon, Feb 6, 2017",8:00 PM,1610612748,115,1610612750,113,
774,"Mon, Feb 6, 2017",8:00 PM,1610612756,106,1610612740,111,
775,"Mon, Feb 6, 2017",7:00 PM,1610612747,121,1610612752,107,
776,"Mon, Feb 6, 2017",10:30 PM,1610612741,112,1610612758,107,
778,"Mon, Feb 6, 2017",7:00 PM,1610612739,140,1610612764,135,OT
779,"Tue, Feb 7, 2017",7:00 PM,1610612751,107,1610612766,111,
780,"Tue, Feb 7, 2017",8:30 PM,1610612757,114,1610612742,113,
781,"Tue, Feb 7, 2017",8:00 PM,1610612753,104,1610612745,128,
782,"Wed, Feb 8, 2017",7:30 PM,1610612743,106,1610612737,117,
783,"Wed, Feb 8, 2017",7:30 PM,1610612764,114,1610612751,110,OT
784,"Wed, Feb 8, 2017",7:30 PM,1610612747,102,1610612765,121,
785,"Wed, Feb 8, 2017",10:30 PM,1610612741,92,1610612744,123,
786,"Wed, Feb 8, 2017",7:00 PM,1610612739,132,1610612754,117,
787,"Wed, Feb 8, 2017",8:00 PM,1610612756,91,1610612763,110,
788,"Wed, Feb 8, 2017",8:00 PM,1610612748,106,1610612749,88,
789,"Wed, Feb 8, 2017",8:00 PM,1610612761,109,1610612750,112,
790,"Wed, Feb 8, 2017",8:00 PM,1610612762,127,1610612740,94,
792,"Wed, Feb 8, 2017",7:00 PM,1610612759,111,1610612755,103,
793,"Wed, Feb 8, 2017",10:30 PM,1610612738,92,1610612758,108,
794,"Thu, Feb 9, 2017",7:00 PM,1610612745,107,1610612766,95,
795,"Thu, Feb 9, 2017",8:30 PM,1610612762,105,1610612742,112,OT
796,"Thu, Feb 9, 2017",8:00 PM,1610612739,109,1610612760,118,
797,"Thu, Feb 9, 2017",7:00 PM,1610612755,112,1610612753,111,
798,"Thu, Feb 9, 2017",10:30 PM,1610612738,120,1610612757,111,
799,"Fri, Feb 10, 2017",7:30 PM,1610612748,108,1610612751,99,
800,"Fri, Feb 10, 2017",7:30 PM,1610612759,103,1610612765,92,
801,"Fri, Feb 10, 2017",8:00 PM,1610612744,122,1610612763,107,
802,"Fri, Feb 10, 2017",8:00 PM,1610612747,122,1610612749,114,
803,"Fri, Feb 10, 2017",8:00 PM,1610612740,122,1610612750,106,
804,"Fri, Feb 10, 2017",7:30 PM,1610612743,131,1610612752,123,
805,"Fri, Feb 10, 2017",10:30 PM,1610612741,97,1610612756,115,
806,"Fri, Feb 10, 2017",10:30 PM,1610612737,107,1610612758,108,
807,"Fri, Feb 10, 2017",8:00 PM,1610612754,107,1610612764,112,
809,"Sat, Feb 11, 2017",7:30 PM,1610612743,109,1610612739,125,
810,"Sat, Feb 11, 2017",9:00 PM,1610612753,80,1610612742,112,
811,"Sat, Feb 11, 2017",9:00 PM,1610612756,102,1610612745,133,
812,"Sat, Feb 11, 2017",7:00 PM,1610612749,116,1610612754,100,
813,"Sat, Feb 11, 2017",8:30 PM,1610612744,130,1610612760,114,
814,"Sat, Feb 11, 2017",7:30 PM,1610612748,109,1610612755,117,
815,"Sat, Feb 11, 2017",10:00 PM,1610612738,112,1610612762,104,
816,"Sun, Feb 12, 2017",3:30 PM,1610612741,89,1610612750,117,
817,"Sun, Feb 12, 2017",3:30 PM,1610612759,90,1610612752,94,
818,"Sun, Feb 12, 2017",9:00 PM,1610612740,99,1610612758,105,
819,"Sun, Feb 12, 2017",6:00 PM,1610612765,102,1610612761,101,
820,"Mon, Feb 13, 2017",7:30 PM,1610612763,112,1610612751,103,
821,"Mon, Feb 13, 2017",7:00 PM,1610612755,105,1610612766,99,
822,"Mon, Feb 13, 2017",8:30 PM,1610612738,111,1610612742,98,
823,"Mon, Feb 13, 2017",9:00 PM,1610612744,110,1610612743,132,
824,"Mon, Feb 13, 2017",7:00 PM,1610612759,110,1610612754,106,
825,"Mon, Feb 13, 2017",7:30 PM,1610612753,116,1610612748,107,
826,"Mon, Feb 13, 2017",8:00 PM,1610612765,89,1610612749,102,
827,"Mon, Feb 13, 2017",9:00 PM,1610612740,110,1610612756,108,
828,"Mon, Feb 13, 2017",10:30 PM,1610612737,109,1610612757,104,OT
830,"Mon, Feb 13, 2017",8:00 PM,1610612760,98,1610612764,120,
831,"Tue, Feb 14, 2017",8:00 PM,1610612761,94,1610612741,105,
832,"Tue, Feb 14, 2017",10:30 PM,1610612758,97,1610612747,96,
833,"Tue, Feb 14, 2017",8:00 PM,1610612739,116,1610612750,108,
834,"Wed, Feb 15, 2017",7:30 PM,1610612755,108,1610612738,116,
835,"Wed, Feb 15, 2017",7:30 PM,1610612749,129,1610612751,125,
836,"Wed, Feb 15, 2017",7:00 PM,1610612754,104,1610612739,113,
837,"Wed, Feb 15, 2017",9:00 PM,1610612750,112,1610612743,99,
838,"Wed, Feb 15, 2017",7:30 PM,1610612742,91,1610612765,98,
839,"Wed, Feb 15, 2017",10:30 PM,1610612758,86,1610612744,109,
840,"Wed, Feb 15, 2017",8:00 PM,1610612748,117,1610612745,109,
842,"Wed, Feb 15, 2017",8:00 PM,1610612740,95,1610612763,91,
843,"Wed, Feb 15, 2017",9:30 PM,1610612752,105,1610612760,116,
844,"Wed, Feb 15, 2017",7:00 PM,1610612759,107,1610612753,79,
845,"Wed, Feb 15, 2017",9:00 PM,1610612747,101,1610612756,137,
846,"Wed, Feb 15, 2017",7:30 PM,1610612766,85,1610612761,90,
847,"Wed, Feb 15, 2017",9:00 PM,1610612757,88,1610612762,111,
848,"Thu, Feb 16, 2017",8:00 PM,1610612738,103,1610612741,104,
849,"Thu, Feb 16, 2017",7:00 PM,1610612764,111,1610612754,98,
850,"Thu, Feb 23, 2017",8:00 PM,1610612752,104,1610612739,119,
851,"Thu, Feb 23, 2017",7:30 PM,1610612766,108,1610612765,114,OT
853,"Thu, Feb 23, 2017",8:00 PM,1610612745,129,1610612740,99,
854,"Thu, Feb 23, 2017",7:00 PM,1610612757,112,1610612753,103,
855,"Thu, Feb 23, 2017",10:30 PM,1610612743,100,1610612758,116,
856,"Fri, Feb 24, 2017",8:00 PM,1610612748,108,1610612737,90,
857,"Fri, Feb 24, 2017",8:00 PM,1610612756,121,1610612741,128,OT
858,"Fri, Feb 24, 2017",9:00 PM,1610612751,109,1610612743,129,
859,"Fri, Feb 24, 2017",7:00 PM,1610612763,92,1610612754,102,
861,"Fri, Feb 24, 2017",8:00 PM,1610612762,109,1610612749,95,
862,"Fri, Feb 24, 2017",8:00 PM,1610612742,84,1610612750,97,
863,"Fri, Feb 24, 2017",8:00 PM,1610612747,93,1610612760,110,
864,"Fri, Feb 24, 2017",7:00 PM,1610612764,112,1610612755,120,
865,"Fri, Feb 24, 2017",8:00 PM,1610612738,97,1610612761,107,
866,"Sat, Feb 25, 2017",8:30 PM,1610612741,117,1610612739,99,
867,"Sat, Feb 25, 2017",8:30 PM,1610612740,83,1610612742,96,
868,"Sat, Feb 25, 2017",10:30 PM,1610612751,95,1610612744,112,
869,"Sat, Feb 25, 2017",9:00 PM,1610612750,130,1610612745,142,
870,"Sat, Feb 25, 2017",8:00 PM,1610612754,95,1610612748,113,
871,"Sat, Feb 25, 2017",7:30 PM,1610612755,109,1610612752,110,
872,"Sat, Feb 25, 2017",7:00 PM,1610612737,86,1610612753,105,
873,"Sat, Feb 25, 2017",5:00 PM,1610612766,99,1610612758,85,
874,"Sun, Feb 26, 2017",5:00 PM,1610612763,105,1610612743,98,
875,"Sun, Feb 26, 2017",6:00 PM,1610612738,104,1610612765,98,
877,"Sun, Feb 26, 2017",3:30 PM,1610612759,119,1610612747,98,
878,"Sun, Feb 26, 2017",3:30 PM,1610612756,96,1610612749,100,
879,"Sun, Feb 26, 2017",7:00 PM,1610612740,110,1610612760,118,
880,"Sun, Feb 26, 2017",6:00 PM,1610612757,106,1610612761,112,
881,"Sun, Feb 26, 2017",5:00 PM,1610612762,102,1610612764,92,
882,"Mon, Feb 27, 2017",7:30 PM,1610612737,114,1610612738,98,
883,"Mon, Feb 27, 2017",7:00 PM,1610612749,95,1610612739,102,
884,"Mon, Feb 27, 2017",8:30 PM,1610612748,89,1610612742,96,
885,"Mon, Feb 27, 2017",9:30 PM,1610612754,117,1610612745,108,
886,"Mon, Feb 27, 2017",7:00 PM,1610612761,92,1610612752,91,
887,"Mon, Feb 27, 2017",7:00 PM,1610612744,119,1610612755,108,
888,"Mon, Feb 27, 2017",10:30 PM,1610612750,102,1610612758,88,
889,"Tue, Feb 28, 2017",8:00 PM,1610612743,125,1610612741,107,
890,"Tue, Feb 28, 2017",7:30 PM,1610612757,113,1610612765,120,OT
891,"Tue, Feb 28, 2017",10:30 PM,1610612766,109,1610612747,104,
892,"Tue, Feb 28, 2017",8:00 PM,1610612756,112,1610612763,130,
893,"Tue, Feb 28, 2017",8:00 PM,1610612762,106,1610612760,109,
894,"Tue, Feb 28, 2017",7:00 PM,1610612744,108,1610612764,112,
895,"Wed, Mar 1, 2017",7:30 PM,1610612742,95,1610612737,100,
896,"Wed, Mar 1, 2017",8:00 PM,1610612739,99,1610612738,103,
898,"Wed, Mar 1, 2017",7:30 PM,1610612755,98,1610612748,125,
899,"Wed, Mar 1, 2017",8:00 PM,1610612743,110,1610612749,98,
900,"Wed, Mar 1, 2017",8:00 PM,1610612765,86,1610612740,109,
901,"Wed, Mar 1, 2017",7:00 PM,1610612752,101,1610612753,90,
902,"Wed, Mar 1, 2017",10:30 PM,1610612751,109,1610612758,100,
903,"Wed, Mar 1, 2017",8:30 PM,1610612754,99,1610612759,100,
904,"Wed, Mar 1, 2017",7:30 PM,1610612764,105,1610612761,96,
905,"Wed, Mar 1, 2017",9:00 PM,1610612750,107,1610612762,80,
906,"Thu, Mar 2, 2017",8:00 PM,1610612744,87,1610612741,94,
907,"Thu, Mar 2, 2017",9:00 PM,1610612766,103,1610612756,120,
908,"Thu, Mar 2, 2017",10:30 PM,1610612760,109,1610612757,114,
909,"Fri, Mar 3, 2017",7:00 PM,1610612739,135,1610612737,130,
910,"Fri, Mar 3, 2017",8:30 PM,1610612763,100,1610612742,104,
911,"Fri, Mar 3, 2017",10:30 PM,1610612738,115,1610612747,95,
913,"Fri, Mar 3, 2017",9:30 PM,1610612759,101,1610612740,98,OT
914,"Fri, Mar 3, 2017",7:00 PM,1610612748,99,1610612753,110,
915,"Fri, Mar 3, 2017",7:00 PM,1610612752,102,1610612755,105,
916,"Fri, Mar 3, 2017",9:00 PM,1610612760,111,1610612756,118,
917,"Fri, Mar 3, 2017",9:00 PM,1610612751,97,1610612762,112,
918,"Fri, Mar 3, 2017",7:00 PM,1610612761,114,1610612764,106,
920,"Sat, Mar 4, 2017",9:00 PM,1610612766,112,1610612743,102,
921,"Sat, Mar 4, 2017",9:00 PM,1610612763,108,1610612745,123,
922,"Sat, Mar 4, 2017",8:00 PM,1610612739,92,1610612748,120,
923,"Sat, Mar 4, 2017",8:00 PM,1610612761,94,1610612749,101,
924,"Sat, Mar 4, 2017",6:00 PM,1610612765,136,1610612755,106,
925,"Sat, Mar 4, 2017",10:00 PM,1610612751,116,1610612757,130,
926,"Sat, Mar 4, 2017",9:00 PM,1610612750,90,1610612759,97,OT
927,"Sun, Mar 5, 2017",1:00 PM,1610612754,97,1610612737,96,
928,"Sun, Mar 5, 2017",8:30 PM,1610612760,89,1610612742,104,
929,"Sun, Mar 5, 2017",9:30 PM,1610612740,105,1610612747,97,
930,"Sun, Mar 5, 2017",3:30 PM,1610612744,112,1610612752,105,
931,"Sun, Mar 5, 2017",5:00 PM,1610612738,106,1610612756,109,
932,"Sun, Mar 5, 2017",6:00 PM,1610612762,110,1610612758,109,OT
933,"Sun, Mar 5, 2017",5:00 PM,1610612753,114,1610612764,115,
934,"Mon, Mar 6, 2017",7:30 PM,1610612744,119,1610612737,111,
935,"Mon, Mar 6, 2017",8:00 PM,1610612754,88,1610612766,100,
936,"Mon, Mar 6, 2017",7:00 PM,1610612748,106,1610612739,98,
937,"Mon, Mar 6, 2017",9:00 PM,1610612758,96,1610612743,108,
938,"Mon, Mar 6, 2017",7:30 PM,1610612741,95,1610612765,109,
940,"Mon, Mar 6, 2017",8:00 PM,1610612751,122,1610612763,109,
941,"Mon, Mar 6, 2017",7:00 PM,1610612752,113,1610612753,105,
942,"Mon, Mar 6, 2017",7:00 PM,1610612749,112,1610612755,98,
943,"Mon, Mar 6, 2017",8:30 PM,1610612745,110,1610612759,112,
944,"Mon, Mar 6, 2017",9:00 PM,1610612740,83,1610612762,88,
945,"Tue, Mar 7, 2017",8:30 PM,1610612747,111,1610612742,122,
946,"Tue, Mar 7, 2017",8:00 PM,1610612757,126,1610612760,121,
947,"Tue, Mar 7, 2017",9:00 PM,1610612764,131,1610612756,127,
948,"Wed, Mar 8, 2017",7:30 PM,1610612751,105,1610612737,110,
949,"Wed, Mar 8, 2017",9:00 PM,1610612764,123,1610612743,113,
950,"Wed, Mar 8, 2017",10:30 PM,1610612738,99,1610612744,86,
951,"Wed, Mar 8, 2017",8:00 PM,1610612762,115,1610612745,108,
952,"Wed, Mar 8, 2017",8:00 PM,1610612765,98,1610612754,115,
953,"Wed, Mar 8, 2017",7:30 PM,1610612766,101,1610612748,108,
954,"Wed, Mar 8, 2017",8:00 PM,1610612752,93,1610612749,104,
956,"Wed, Mar 8, 2017",8:00 PM,1610612761,94,1610612740,87,
957,"Wed, Mar 8, 2017",7:00 PM,1610612741,91,1610612753,98,
958,"Wed, Mar 8, 2017",8:30 PM,1610612758,104,1610612759,114,
959,"Thu, Mar 9, 2017",7:30 PM,1610612739,101,1610612765,106,
961,"Thu, Mar 9, 2017",8:00 PM,1610612759,92,1610612760,102,
962,"Thu, Mar 9, 2017",10:30 PM,1610612747,122,1610612756,110,
963,"Thu, Mar 9, 2017",10:00 PM,1610612755,108,1610612757,114,OT
964,"Fri, Mar 10, 2017",8:00 PM,1610612761,99,1610612737,105,
965,"Fri, Mar 10, 2017",8:00 PM,1610612745,115,1610612741,94,
966,"Fri, Mar 10, 2017",7:00 PM,1610612753,81,1610612766,121,
967,"Fri, Mar 10, 2017",9:00 PM,1610612751,96,1610612742,105,
968,"Fri, Mar 10, 2017",9:00 PM,1610612738,99,1610612743,119,
969,"Fri, Mar 10, 2017",8:00 PM,1610612754,85,1610612749,99,
970,"Fri, Mar 10, 2017",8:00 PM,1610612744,102,1610612750,103,
971,"Fri, Mar 10, 2017",10:30 PM,1610612764,130,1610612758,122,OT
972,"Sat, Mar 11, 2017",7:00 PM,1610612740,125,1610612766,122,OT
973,"Sat, Mar 11, 2017",9:00 PM,1610612756,100,1610612742,98,
974,"Sat, Mar 11, 2017",5:00 PM,1610612752,92,1610612765,112,
976,"Sat, Mar 11, 2017",9:00 PM,1610612737,107,1610612763,90,
977,"Sat, Mar 11, 2017",8:00 PM,1610612761,89,1610612748,104,
978,"Sat, Mar 11, 2017",8:00 PM,1610612750,95,1610612749,102,
979,"Sat, Mar 11, 2017",3:00 PM,1610612762,104,1610612760,112,
980,"Sat, Mar 11, 2017",7:00 PM,1610612739,116,1610612753,104,
981,"Sat, Mar 11, 2017",10:00 PM,1610612764,125,1610612757,124,OT
982,"Sat, Mar 11, 2017",10:30 PM,1610612743,105,1610612758,92,
983,"Sat, Mar 11, 2017",8:30 PM,1610612744,85,1610612759,107,
984,"Sun, Mar 12, 2017",3:30 PM,1610612741,80,1610612738,100,
985,"Sun, Mar 12, 2017",6:00 PM,1610612752,112,1610612751,120,
986,"Sun, Mar 12, 2017",9:00 PM,1610612739,112,1610612745,117,
987,"Sun, Mar 12, 2017",6:00 PM,1610612748,98,1610612754,102,
988,"Sun, Mar 12, 2017",9:30 PM,1610612755,118,1610612747,116,
989,"Sun, Mar 12, 2017",9:00 PM,1610612757,110,1610612756,101,
990,"Mon, Mar 13, 2017",7:00 PM,1610612741,115,1610612766,109,
991,"Mon, Mar 13, 2017",10:30 PM,1610612747,101,1610612743,129,
992,"Mon, Mar 13, 2017",8:00 PM,1610612749,93,1610612763,113,
993,"Mon, Mar 13, 2017",8:00 PM,1610612764,104,1610612750,119,
994,"Mon, Mar 13, 2017",10:30 PM,1610612753,115,1610612758,120,
995,"Mon, Mar 13, 2017",8:00 PM,1610612737,99,1610612759,107,
996,"Mon, Mar 13, 2017",7:30 PM,1610612742,78,1610612761,100,
998,"Tue, Mar 14, 2017",7:30 PM,1610612760,122,1610612751,104,
999,"Tue, Mar 14, 2017",7:00 PM,1610612765,96,1610612739,128,
1000,"Tue, Mar 14, 2017",10:30 PM,1610612755,104,1610612744,106,
1001,"Tue, Mar 14, 2017",8:00 PM,1610612757,77,1610612740,100,
1002,"Tue, Mar 14, 2017",7:30 PM,1610612754,81,1610612752,87,
1003,"Wed, Mar 15, 2017",7:30 PM,1610612750,104,1610612738,117,
1004,"Wed, Mar 15, 2017",8:00 PM,1610612763,98,1610612741,91,
1005,"Wed, Mar 15, 2017",7:30 PM,1610612762,97,1610612765,83,
1006,"Wed, Mar 15, 2017",8:00 PM,1610612747,100,1610612745,139,
1007,"Wed, Mar 15, 2017",7:00 PM,1610612766,77,1610612754,98,
1009,"Wed, Mar 15, 2017",7:30 PM,1610612740,112,1610612748,120,
1010,"Wed, Mar 15, 2017",10:00 PM,1610612758,107,1610612756,101,
1011,"Wed, Mar 15, 2017",8:00 PM,1610612757,110,1610612759,106,
1012,"Wed, Mar 15, 2017",7:00 PM,1610612742,112,1610612764,107,
1013,"Thu, Mar 16, 2017",7:30 PM,1610612763,103,1610612737,91,
1014,"Thu, Mar 16, 2017",7:00 PM,1610612762,83,1610612739,91,
1016,"Thu, Mar 16, 2017",10:30 PM,1610612753,92,1610612744,122,
1017,"Thu, Mar 16, 2017",7:30 PM,1610612751,121,1610612752,110,
1018,"Thu, Mar 16, 2017",7:00 PM,1610612760,123,1610612761,102,
1019,"Fri, Mar 17, 2017",7:30 PM,1610612738,98,1610612751,95,
1020,"Fri, Mar 17, 2017",7:30 PM,1610612761,87,1610612765,75,
1021,"Fri, Mar 17, 2017",10:30 PM,1610612749,107,1610612747,103,
1022,"Fri, Mar 17, 2017",8:00 PM,1610612750,105,1610612748,123,
1023,"Fri, Mar 17, 2017",8:00 PM,1610612745,112,1610612740,128,
1024,"Fri, Mar 17, 2017",7:00 PM,1610612742,74,1610612755,116,
1025,"Fri, Mar 17, 2017",10:00 PM,1610612753,109,1610612756,103,
1026,"Fri, Mar 17, 2017",7:00 PM,1610612741,107,1610612764,112,
1027,"Sat, Mar 18, 2017",6:00 PM,1610612757,113,1610612737,97,
1028,"Sat, Mar 18, 2017",9:00 PM,1610612762,86,1610612741,95,
1029,"Sat, Mar 18, 2017",7:00 PM,1610612764,93,1610612766,98,
1030,"Sat, Mar 18, 2017",9:30 PM,1610612745,109,1610612743,105,
1031,"Sat, Mar 18, 2017",10:30 PM,1610612749,92,1610612744,117,
1033,"Sat, Mar 18, 2017",9:00 PM,1610612759,96,1610612763,104,
1034,"Sat, Mar 18, 2017",3:00 PM,1610612758,94,1610612760,110,
1035,"Sun, Mar 19, 2017",12:00 PM,1610612742,111,1610612751,104,
1036,"Sun, Mar 19, 2017",4:30 PM,1610612756,95,1610612765,112,
1037,"Sun, Mar 19, 2017",9:30 PM,1610612739,125,1610612747,120,
1038,"Sun, Mar 19, 2017",6:00 PM,1610612757,115,1610612748,104,
1039,"Sun, Mar 19, 2017",6:00 PM,1610612750,109,1610612740,123,
1040,"Sun, Mar 19, 2017",1:00 PM,1610612738,99,1610612755,105,
1041,"Sun, Mar 19, 2017",7:00 PM,1610612758,102,1610612759,118,
1042,"Sun, Mar 19, 2017",6:00 PM,1610612754,91,1610612761,116,
1043,"Mon, Mar 20, 2017",7:30 PM,1610612764,102,1610612738,110,
1044,"Mon, Mar 20, 2017",7:00 PM,1610612737,90,1610612766,105,
1045,"Mon, Mar 20, 2017",8:00 PM,1610612743,124,1610612745,125,
1046,"Mon, Mar 20, 2017",7:00 PM,1610612762,100,1610612754,107,
1048,"Mon, Mar 20, 2017",8:00 PM,1610612744,111,1610612760,95,
1049,"Mon, Mar 20, 2017",7:00 PM,1610612755,109,1610612753,112,OT
1050,"Tue, Mar 21, 2017",7:30 PM,1610612765,96,1610612751,98,
1051,"Tue, Mar 21, 2017",8:30 PM,1610612744,112,1610612742,87,
1053,"Tue, Mar 21, 2017",7:30 PM,1610612756,97,1610612748,112,
1054,"Tue, Mar 21, 2017",9:30 PM,1610612759,100,1610612750,93,
1055,"Tue, Mar 21, 2017",8:00 PM,1610612763,82,1610612740,95,
1056,"Tue, Mar 21, 2017",10:00 PM,1610612749,93,1610612757,90,
1057,"Tue, Mar 21, 2017",7:00 PM,1610612741,120,1610612761,122,OT
1058,"Wed, Mar 22, 2017",7:30 PM,1610612754,100,1610612738,109,
1059,"Wed, Mar 22, 2017",8:00 PM,1610612765,95,1610612741,117,
1060,"Wed, Mar 22, 2017",9:00 PM,1610612739,113,1610612743,126,
1061,"Wed, Mar 22, 2017",8:00 PM,1610612755,97,1610612760,122,
1062,"Wed, Mar 22, 2017",7:00 PM,1610612766,109,1610612753,102,
1063,"Wed, Mar 22, 2017",10:30 PM,1610612749,116,1610612758,98,
1064,"Wed, Mar 22, 2017",10:30 PM,1610612752,101,1610612762,108,
1065,"Wed, Mar 22, 2017",8:00 PM,1610612737,100,1610612764,104,
1066,"Thu, Mar 23, 2017",7:30 PM,1610612756,98,1610612751,126,
1068,"Thu, Mar 23, 2017",7:30 PM,1610612761,101,1610612748,84,
1069,"Thu, Mar 23, 2017",10:00 PM,1610612752,95,1610612757,110,
1070,"Thu, Mar 23, 2017",8:30 PM,1610612763,90,1610612759,97,
1071,"Fri, Mar 24, 2017",7:30 PM,1610612756,120,1610612738,130,
1072,"Fri, Mar 24, 2017",8:00 PM,1610612755,117,1610612741,107,
1073,"Fri, Mar 24, 2017",7:00 PM,1610612739,112,1610612766,105,
1074,"Fri, Mar 24, 2017",10:30 PM,1610612758,100,1610612744,114,
1075,"Fri, Mar 24, 2017",8:00 PM,1610612740,107,1610612745,117,
1076,"Fri, Mar 24, 2017",7:00 PM,1610612743,125,1610612754,117,
1077,"Fri, Mar 24, 2017",10:30 PM,1610612750,119,1610612747,130,OT
1078,"Fri, Mar 24, 2017",8:00 PM,1610612737,97,1610612749,100,
1079,"Fri, Mar 24, 2017",7:00 PM,1610612765,87,1610612753,115,
1080,"Fri, Mar 24, 2017",7:00 PM,1610612751,108,1610612764,129,
1081,"Sat, Mar 25, 2017",7:30 PM,1610612764,127,1610612739,115,
1082,"Sat, Mar 25, 2017",8:30 PM,1610612761,94,1610612742,86,
1084,"Sat, Mar 25, 2017",10:00 PM,1610612750,100,1610612757,112,
1085,"Sat, Mar 25, 2017",8:30 PM,1610612752,98,1610612759,106,
1086,"Sun, Mar 26, 2017",1:00 PM,1610612751,107,1610612737,92,
1087,"Sun, Mar 26, 2017",6:00 PM,1610612748,108,1610612738,112,
1088,"Sun, Mar 26, 2017",1:00 PM,1610612756,106,1610612766,120,
1089,"Sun, Mar 26, 2017",8:00 PM,1610612740,115,1610612743,90,
1090,"Sun, Mar 26, 2017",8:00 PM,1610612763,94,1610612744,106,
1091,"Sun, Mar 26, 2017",3:30 PM,1610612760,125,1610612745,137,
1092,"Sun, Mar 26, 2017",6:00 PM,1610612755,94,1610612754,107,
1094,"Sun, Mar 26, 2017",9:30 PM,1610612757,97,1610612747,81,
1095,"Sun, Mar 26, 2017",3:30 PM,1610612741,109,1610612749,94,
1096,"Mon, Mar 27, 2017",8:30 PM,1610612760,92,1610612742,91,
1097,"Mon, Mar 27, 2017",7:30 PM,1610612765,95,1610612752,109,
1098,"Mon, Mar 27, 2017",10:30 PM,1610612763,90,1610612758,91,
1099,"Mon, Mar 27, 2017",8:00 PM,1610612739,74,1610612759,103,
1100,"Mon, Mar 27, 2017",7:30 PM,1610612753,112,1610612761,131,
1101,"Mon, Mar 27, 2017",10:30 PM,1610612740,100,1610612762,108,
1102,"Tue, Mar 28, 2017",7:30 PM,1610612756,91,1610612737,95,
1103,"Tue, Mar 28, 2017",7:30 PM,1610612755,106,1610612751,101,
1104,"Tue, Mar 28, 2017",7:00 PM,1610612749,118,1610612766,108,
1105,"Tue, Mar 28, 2017",7:30 PM,1610612748,97,1610612765,96,
1106,"Tue, Mar 28, 2017",8:00 PM,1610612744,113,1610612745,106,
1107,"Tue, Mar 28, 2017",7:00 PM,1610612750,115,1610612754,114,
1108,"Tue, Mar 28, 2017",10:30 PM,1610612764,119,1610612747,108,
1109,"Tue, Mar 28, 2017",10:00 PM,1610612743,113,1610612757,122,
1110,"Wed, Mar 29, 2017",7:30 PM,1610612749,103,1610612738,100,
1112,"Wed, Mar 29, 2017",8:00 PM,1610612754,97,1610612763,110,
1113,"Wed, Mar 29, 2017",8:00 PM,1610612742,118,1610612740,121,
1114,"Wed, Mar 29, 2017",7:30 PM,1610612748,105,1610612752,88,
1115,"Wed, Mar 29, 2017",7:00 PM,1610612760,114,1610612753,106,OT
1116,"Wed, Mar 29, 2017",7:00 PM,1610612737,99,1610612755,92,
1117,"Wed, Mar 29, 2017",10:30 PM,1610612762,112,1610612758,82,
1118,"Wed, Mar 29, 2017",9:30 PM,1610612744,110,1610612759,98,
1119,"Wed, Mar 29, 2017",7:30 PM,1610612766,110,1610612761,106,
1120,"Thu, Mar 30, 2017",8:00 PM,1610612739,93,1610612741,99,
1121,"Thu, Mar 30, 2017",7:30 PM,1610612751,89,1610612765,90,
1122,"Thu, Mar 30, 2017",8:00 PM,1610612747,104,1610612750,119,
1124,"Thu, Mar 30, 2017",10:30 PM,1610612745,107,1610612757,117,
1125,"Fri, Mar 31, 2017",7:30 PM,1610612753,116,1610612738,117,
1126,"Fri, Mar 31, 2017",7:00 PM,1610612743,114,1610612766,122,
1127,"Fri, Mar 31, 2017",7:30 PM,1610612755,105,1610612739,122,
1128,"Fri, Mar 31, 2017",10:30 PM,1610612745,98,1610612744,107,
1129,"Fri, Mar 31, 2017",8:00 PM,1610612742,90,1610612763,99,
1130,"Fri, Mar 31, 2017",8:00 PM,1610612752,98,1610612748,94,
1131,"Fri, Mar 31, 2017",8:00 PM,1610612765,105,1610612749,108,OT
1132,"Fri, Mar 31, 2017",8:00 PM,1610612758,89,1610612740,117,
1133,"Fri, Mar 31, 2017",8:00 PM,1610612759,100,1610612760,95,
1134,"Fri, Mar 31, 2017",7:00 PM,1610612754,100,1610612761,111,
1135,"Fri, Mar 31, 2017",9:00 PM,1610612764,88,1610612762,95,
1136,"Sat, Apr 1, 2017",6:00 PM,1610612753,111,1610612751,121,
1137,"Sat, Apr 1, 2017",5:00 PM,1610612737,104,1610612741,106,
1139,"Sat, Apr 1, 2017",8:00 PM,1610612758,123,1610612750,117,
1140,"Sat, Apr 1, 2017",10:00 PM,1610612756,117,1610612757,130,
1141,"Sun, Apr 2, 2017",6:00 PM,1610612737,82,1610612751,91,
1142,"Sun, Apr 2, 2017",6:00 PM,1610612754,130,1610612739,135,2OT
1143,"Sun, Apr 2, 2017",8:00 PM,1610612764,115,1610612744,139,
1144,"Sun, Apr 2, 2017",3:30 PM,1610612763,103,1610612747,108,
1145,"Sun, Apr 2, 2017",6:00 PM,1610612743,116,1610612748,113,
1146,"Sun, Apr 2, 2017",3:30 PM,1610612742,109,1610612749,105,
1147,"Sun, Apr 2, 2017",6:00 PM,1610612741,117,1610612740,110,
1148,"Sun, Apr 2, 2017",1:00 PM,1610612738,110,1610612752,94,
1149,"Sun, Apr 2, 2017",3:00 PM,1610612766,113,1610612760,101,
1150,"Sun, Apr 2, 2017",9:00 PM,1610612745,123,1610612756,116,
1151,"Sun, Apr 2, 2017",3:30 PM,1610612762,103,1610612759,109,
1152,"Sun, Apr 2, 2017",6:00 PM,1610612755,105,1610612761,113,
1153,"Mon, Apr 3, 2017",7:00 PM,1610612757,109,1610612750,110,
1154,"Tue, Apr 4, 2017",7:00 PM,1610612753,102,1610612739,122,
1155,"Tue, Apr 4, 2017",10:30 PM,1610612750,107,1610612744,121,
1156,"Tue, Apr 4, 2017",7:00 PM,1610612761,90,1610612754,108,
1157,"Tue, Apr 4, 2017",8:00 PM,1610612743,134,1610612740,131,
1158,"Tue, Apr 4, 2017",8:00 PM,1610612741,91,1610612752,100,
1159,"Tue, Apr 4, 2017",8:00 PM,1610612749,79,1610612760,110,
1160,"Tue, Apr 4, 2017",7:00 PM,1610612751,141,1610612755,118,
1161,"Tue, Apr 4, 2017",10:30 PM,1610612742,87,1610612758,98,
1162,"Tue, Apr 4, 2017",8:30 PM,1610612763,89,1610612759,95,OT
1163,"Tue, Apr 4, 2017",9:00 PM,1610612757,87,1610612762,106,
1164,"Tue, Apr 4, 2017",7:00 PM,1610612766,111,1610612764,118,
1165,"Wed, Apr 5, 2017",8:00 PM,1610612739,114,1610612738,91,
1166,"Wed, Apr 5, 2017",7:00 PM,1610612748,112,1610612766,99,
1167,"Wed, Apr 5, 2017",7:30 PM,1610612761,105,1610612765,102,
1168,"Wed, Apr 5, 2017",8:00 PM,1610612743,104,1610612745,110,
1170,"Wed, Apr 5, 2017",8:00 PM,1610612760,103,1610612763,100,
1171,"Wed, Apr 5, 2017",10:00 PM,1610612744,120,1610612756,111,
1172,"Wed, Apr 5, 2017",8:30 PM,1610612747,102,1610612759,95,
1173,"Thu, Apr 6, 2017",8:00 PM,1610612738,116,1610612737,123,
1174,"Thu, Apr 6, 2017",7:00 PM,1610612749,89,1610612754,104,
1175,"Thu, Apr 6, 2017",7:30 PM,1610612764,106,1610612752,103,
1176,"Thu, Apr 6, 2017",7:00 PM,1610612751,107,1610612753,115,
1177,"Thu, Apr 6, 2017",7:00 PM,1610612741,102,1610612755,90,
1178,"Thu, Apr 6, 2017",10:30 PM,1610612750,98,1610612757,105,
1179,"Fri, Apr 7, 2017",7:30 PM,1610612737,114,1610612739,100,
1180,"Fri, Apr 7, 2017",8:30 PM,1610612759,102,1610612742,89,
1181,"Fri, Apr 7, 2017",9:00 PM,1610612740,106,1610612743,122,
1182,"Fri, Apr 7, 2017",8:00 PM,1610612765,114,1610612745,109,
1183,"Fri, Apr 7, 2017",10:30 PM,1610612758,94,1610612747,98,
1184,"Fri, Apr 7, 2017",8:00 PM,1610612752,88,1610612763,101,
1185,"Fri, Apr 7, 2017",10:00 PM,1610612760,99,1610612756,120,
1186,"Fri, Apr 7, 2017",7:30 PM,1610612748,94,1610612761,96,
1187,"Fri, Apr 7, 2017",9:00 PM,1610612750,113,1610612762,120,
1188,"Sat, Apr 8, 2017",5:00 PM,1610612741,106,1610612751,107,
1189,"Sat, Apr 8, 2017",6:00 PM,1610612738,121,1610612766,114,
1190,"Sat, Apr 8, 2017",10:30 PM,1610612740,101,1610612744,123,
1191,"Sat, Apr 8, 2017",6:00 PM,1610612754,127,1610612753,112,
1192,"Sat, Apr 8, 2017",7:00 PM,1610612749,90,1610612755,82,
1193,"Sat, Apr 8, 2017",10:00 PM,1610612762,86,1610612757,101,
1195,"Sat, Apr 8, 2017",7:00 PM,1610612748,106,1610612764,103,
1196,"Sun, Apr 9, 2017",3:30 PM,1610612739,125,1610612737,126,OT
1197,"Sun, Apr 9, 2017",5:00 PM,1610612760,106,1610612743,105,
1198,"Sun, Apr 9, 2017",9:30 PM,1610612750,109,1610612747,110,
1199,"Sun, Apr 9, 2017",6:00 PM,1610612765,103,1610612763,90,
1200,"Sun, Apr 9, 2017",12:00 PM,1610612761,110,1610612752,97,
1201,"Sun, Apr 9, 2017",6:00 PM,1610612742,111,1610612756,124,
1202,"Sun, Apr 9, 2017",6:00 PM,1610612745,135,1610612758,128,
1203,"Mon, Apr 10, 2017",7:30 PM,1610612751,105,1610612738,114,
1204,"Mon, Apr 10, 2017",8:00 PM,1610612753,75,1610612741,122,
1205,"Mon, Apr 10, 2017",8:00 PM,1610612764,105,1610612765,101,
1206,"Mon, Apr 10, 2017",10:30 PM,1610612762,105,1610612744,99,
1208,"Mon, Apr 10, 2017",7:30 PM,1610612739,121,1610612748,124,OT
1209,"Mon, Apr 10, 2017",8:00 PM,1610612766,79,1610612749,89,
1210,"Mon, Apr 10, 2017",7:00 PM,1610612754,120,1610612755,111,
1211,"Mon, Apr 10, 2017",10:00 PM,1610612759,98,1610612757,99,
1212,"Tue, Apr 11, 2017",7:30 PM,1610612766,76,1610612737,103,
1213,"Tue, Apr 11, 2017",8:30 PM,1610612743,109,1610612742,91,
1214,"Tue, Apr 11, 2017",10:30 PM,1610612740,96,1610612747,108,
1215,"Tue, Apr 11, 2017",8:00 PM,1610612760,100,1610612750,98,
1216,"Tue, Apr 11, 2017",10:30 PM,1610612756,104,1610612758,129,
1217,"Wed, Apr 12, 2017",8:00 PM,1610612749,94,1610612738,112,
1218,"Wed, Apr 12, 2017",8:00 PM,1610612751,73,1610612741,112,
1219,"Wed, Apr 12, 2017",8:00 PM,1610612761,98,1610612739,83,
1220,"Wed, Apr 12, 2017",10:30 PM,1610612747,94,1610612744,109,
1221,"Wed, Apr 12, 2017",8:00 PM,1610612750,118,1610612745,123,
1222,"Wed, Apr 12, 2017",8:00 PM,1610612737,86,1610612754,104,
1224,"Wed, Apr 12, 2017",8:00 PM,1610612742,100,1610612763,93,
1225,"Wed, Apr 12, 2017",8:00 PM,1610612764,102,1610612748,110,
1226,"Wed, Apr 12, 2017",8:00 PM,1610612755,113,1610612752,114,
1227,"Wed, Apr 12, 2017",8:00 PM,1610612743,111,1610612760,105,
1228,"Wed, Apr 12, 2017",8:00 PM,1610612765,109,1610612753,113,
1229,"Wed, Apr 12, 2017",10:30 PM,1610612740,103,1610612757,100,
1230,"Wed, Apr 12, 2017",9:00 PM,1610612759,97,1610612762,101,