PLAYER_ID,RANK,PLAYER,TEAM,GP,MIN,FGM,FGA,FG_PCT,FG3M,FG3A,FG3_PCT,FTM,FTA,FT_PCT,OREB,DREB,REB,AST,STL,BLK,TOV,PTS,EFF
201566,1,Russell Westbrook,OKC,81,34.6,10.2,24,0.425,2.5,7.2,0.343,8.8,10.4,0.845,1.7,9,10.7,10.4,1.63,0.38,5.41,31.6,33.8
201935,2,James Harden,HOU,81,36.4,8.3,18.9,0.44,3.2,9.3,0.347,9.2,10.9,0.847,1.2,7,8.1,11.2,1.49,0.47,5.73,29.1,32.4
202738,3,Isaiah Thomas,BOS,76,33.8,9,19.4,0.463,3.2,8.5,0.379,7.8,8.5,0.909,0.6,2.1,2.7,5.9,0.92,0.17,2.76,28.9,24.7
203076,4,Anthony Davis,NOP,75,36.1,10.3,20.3,0.505,0.5,1.8,0.299,6.9,8.6,0.802,2.3,9.5,11.8,2.1,1.25,2.23,2.41,28,31.1
201942,5,DeMar DeRozan,TOR,74,35.4,9.7,20.9,0.467,0.4,1.7,0.266,7.4,8.7,0.842,0.9,4.3,5.2,3.9,1.05,0.18,2.43,27.3,22.7
203081,6,Damian Lillard,POR,75,35.9,8.8,19.8,0.444,2.9,7.7,0.37,6.5,7.3,0.895,0.6,4.3,4.9,5.9,0.91,0.27,2.63,27,24.5
202326,7,DeMarcus Cousins,NOP,72,34.2,9,19.9,0.452,1.8,5,0.361,7.2,9.3,0.772,2.1,8.9,11,4.6,1.39,1.29,3.74,27,28.5
2544,8,LeBron James,CLE,74,37.8,9.9,18.2,0.548,1.7,4.6,0.363,4.8,7.2,0.674,1.3,7.3,8.6,8.7,1.24,0.59,4.09,26.4,31
202695,9,Kawhi Leonard,SAS,74,33.6,8.6,17.7,0.485,2,5.2,0.38,6.3,7.2,0.88,1.1,4.7,5.8,3.5,1.8,0.74,2.08,25.5,25.3
201939,10,Stephen Curry,GSW,79,33.4,8.5,18.3,0.468,4.1,10,0.411,4.1,4.6,0.898,0.8,3.7,4.5,6.6,1.8,0.22,3.03,25.3,25.2
202681,11,Kyrie Irving,CLE,72,35.1,9.3,19.7,0.473,2.5,6.1,0.401,4.1,4.6,0.905,0.7,2.5,3.2,5.8,1.15,0.33,2.5,25.2,22.4
1626157,12,Karl-Anthony Towns,MIN,82,37,9.8,18,0.542,1.2,3.4,0.367,4.3,5.2,0.832,3.6,8.7,12.3,2.7,0.68,1.26,2.59,25.1,30.3
201142,13,Kevin Durant,GSW,62,33.4,8.9,16.5,0.537,1.9,5,0.375,5.4,6.2,0.875,0.6,7.6,8.3,4.8,1.06,1.6,2.23,25.1,30.2
202710,14,Jimmy Butler,CHI,76,37,7.5,16.5,0.455,1.2,3.3,0.367,7.7,8.9,0.865,1.7,4.5,6.2,5.5,1.88,0.42,2.09,23.9,25.6
202331,15,Paul George,IND,75,35.9,8.3,18,0.461,2.6,6.6,0.393,4.5,5,0.898,0.8,5.8,6.6,3.3,1.59,0.36,2.93,23.7,22.4
203952,16,Andrew Wiggins,MIN,82,37.2,8.6,19.1,0.452,1.3,3.5,0.356,5,6.6,0.76,1.2,2.8,4,2.3,1,0.37,2.28,23.6,16.9
202689,17,Kemba Walker,CHA,79,34.7,8.1,18.3,0.444,3,7.6,0.399,3.8,4.5,0.847,0.6,3.3,3.9,5.5,1.08,0.28,2.13,23.2,20.9
202322,18,John Wall,WAS,78,36.4,8.3,18.4,0.451,1.1,3.5,0.327,5.4,6.8,0.801,0.8,3.4,4.2,10.7,2.01,0.63,4.13,23.1,25
203078,19,Bradley Beal,WAS,77,34.9,8.3,17.2,0.482,2.9,7.2,0.404,3.7,4.4,0.825,0.7,2.4,3.1,3.5,1.08,0.27,2.03,23.1,19.3
203468,20,CJ McCollum,POR,80,35,8.7,18,0.48,2.3,5.5,0.421,3.4,3.7,0.912,0.8,2.9,3.6,3.6,0.9,0.53,2.15,23,19.7
203507,21,Giannis Antetokounmpo,MIL,80,35.6,8.2,15.7,0.521,0.6,2.3,0.272,5.9,7.7,0.77,1.8,7,8.8,5.4,1.64,1.89,2.93,22.9,28.4
2546,22,Carmelo Anthony,NYK,74,34.3,8.1,18.8,0.433,2,5.7,0.359,4.1,4.9,0.833,0.8,5.1,5.9,2.9,0.81,0.46,2.07,22.4,19
200768,23,Kyle Lowry,TOR,60,37.4,7.1,15.3,0.464,3.2,7.8,0.412,5,6.1,0.819,0.8,4,4.8,7,1.47,0.32,2.88,22.4,23.7
202691,24,Klay Thompson,GSW,78,34,8.3,17.6,0.468,3.4,8.3,0.414,2.4,2.8,0.853,0.6,3,3.7,2.1,0.85,0.51,1.64,22.3,18
1626164,25,Devin Booker,PHX,78,35,7.8,18.3,0.423,1.9,5.2,0.363,4.7,5.7,0.832,0.6,2.6,3.2,3.4,0.92,0.27,3.09,22.1,15.3
202330,26,Gordon Hayward,UTA,73,34.5,7.5,15.8,0.471,2,5.1,0.398,5,5.9,0.844,0.7,4.7,5.4,3.5,1,0.27,1.92,21.9,20.8
201933,27,Blake Griffin,LAC,61,34,7.9,15.9,0.493,0.6,1.9,0.336,5.2,6.9,0.76,1.8,6.3,8.1,4.9,0.93,0.36,2.33,21.6,23.9
202339,28,Eric Bledsoe,PHX,66,33,6.8,15.7,0.434,1.6,4.7,0.335,5.9,6.9,0.847,0.8,4.1,4.8,6.3,1.38,0.47,3.39,21.1,20.8
201572,29,Brook Lopez,BKN,75,29.6,7.4,15.6,0.474,1.8,5.2,0.346,3.9,4.9,0.81,1.6,3.8,5.4,2.3,0.51,1.65,2.45,20.5,18.8
201144,30,Mike Conley,MEM,69,33.2,6.7,14.6,0.46,2.5,6.1,0.408,4.6,5.3,0.859,0.4,3,3.5,6.3,1.33,0.28,2.26,20.5,21
201609,31,Goran Dragic,MIA,73,33.7,7.3,15.4,0.475,1.6,4,0.405,4.1,5.2,0.79,0.8,3,3.8,5.8,1.22,0.18,2.9,20.3,19.3
201188,32,Marc Gasol,MEM,74,34.2,7.2,15.7,0.459,1.4,3.6,0.388,3.8,4.5,0.837,0.8,5.5,6.3,4.6,0.91,1.34,2.24,19.5,21.2
203084,33,Harrison Barnes,DAL,79,35.8,7.6,16.2,0.468,1,2.8,0.351,3.1,3.6,0.861,1.2,3.8,5,1.5,0.82,0.19,1.29,19.2,16.3
201567,34,Kevin Love,CLE,60,31.4,6.2,14.5,0.427,2.4,6.5,0.373,4.3,4.9,0.871,2.5,8.6,11.1,1.9,0.88,0.35,2.03,19,22.4
2548,35,Dwyane Wade,CHI,60,29.9,6.9,15.9,0.434,0.8,2.4,0.31,3.7,4.7,0.794,1.1,3.5,4.5,3.8,1.43,0.68,2.3,18.3,16.4
201568,36,Danilo Gallinari,DEN,63,33.9,5.3,11.9,0.447,2,5.1,0.389,5.5,6.1,0.902,0.6,4.5,5.2,2.1,0.63,0.24,1.3,18.2,17.9
204001,37,Kristaps Porzingis,NYK,66,32.8,6.7,14.9,0.45,1.7,4.8,0.357,3,3.8,0.786,1.7,5.5,7.2,1.5,0.71,1.95,1.79,18.1,18.6
101108,38,Chris Paul,LAC,61,31.5,6.1,12.9,0.476,2,5,0.411,3.8,4.3,0.892,0.7,4.3,5,9.2,1.95,0.13,2.41,18.1,24.8
200794,39,Paul Millsap,ATL,69,34,6.2,14.1,0.442,1.1,3.5,0.311,4.5,5.9,0.768,1.6,6.1,7.7,3.7,1.3,0.9,2.29,18.1,20.1
201565,40,Derrick Rose,NYK,64,32.5,7.2,15.3,0.471,0.2,0.9,0.217,3.5,4,0.874,1,2.8,3.8,4.4,0.69,0.27,2.3,18,16.4
203471,41,Dennis Schroder,ATL,79,31.5,6.9,15.4,0.451,1.3,3.7,0.34,2.8,3.2,0.855,0.5,2.6,3.1,6.3,0.94,0.2,3.27,17.9,16.3
101150,42,Lou Williams,HOU,81,24.6,5.3,12.3,0.429,2,5.5,0.365,5,5.6,0.88,0.3,2.2,2.5,3,0.99,0.25,1.98,17.5,14.5
200746,43,LaMarcus Aldridge,SAS,72,32.6,6.9,14.6,0.477,0.3,0.8,0.411,3.1,3.8,0.812,2.4,4.9,7.3,1.9,0.64,1.22,1.36,17.3,18.6
203095,44,Evan Fournier,ORL,68,33.1,6,13.7,0.439,1.9,5.3,0.356,3.3,4.1,0.805,0.6,2.4,3.1,3,0.97,0.06,2.07,17.2,13.7
202355,45,Hassan Whiteside,MIA,77,32.6,7,12.6,0.557,0,0,0,2.9,4.6,0.628,3.8,10.3,14.1,0.7,0.74,2.09,2,17,25.4
203999,46,Nikola Jokic,DEN,73,27.9,6.8,11.7,0.578,0.6,1.9,0.324,2.6,3.1,0.825,2.9,6.9,9.8,4.9,0.84,0.75,2.34,16.7,25.2
201569,47,Eric Gordon,HOU,75,31,5.5,13.5,0.406,3.3,8.8,0.372,2,2.3,0.84,0.4,2.3,2.7,2.5,0.64,0.55,1.61,16.2,12.6
202699,48,Tobias Harris,DET,82,31.3,6.2,13,0.481,1.3,3.8,0.347,2.3,2.8,0.841,0.8,4.3,5.1,1.7,0.73,0.48,1.17,16.1,15.8
203506,49,Victor Oladipo,OKC,67,33.2,6.1,13.9,0.442,1.9,5.3,0.361,1.7,2.3,0.753,0.6,3.8,4.3,2.6,1.16,0.31,1.78,15.9,14.3
201163,50,Wilson Chandler,DEN,71,30.9,6.1,13.2,0.461,1.5,4.6,0.337,2,2.7,0.727,1.5,5,6.5,2,0.72,0.42,1.61,15.7,15.9
1626156,51,D'Angelo Russell,LAL,63,28.7,5.6,13.8,0.405,2.1,6.1,0.352,2.3,3,0.782,0.5,3,3.5,4.8,1.38,0.25,2.79,15.6,13.9
201950,52,Jrue Holiday,NOP,67,32.7,6,13.3,0.454,1.5,4.2,0.356,1.8,2.5,0.708,0.7,3.3,3.9,7.3,1.49,0.66,2.9,15.4,17.8
201952,53,Jeff Teague,IND,82,32.4,4.9,11.1,0.442,1.1,3.1,0.357,4.4,5.1,0.867,0.4,3.6,4,7.8,1.22,0.39,2.63,15.3,19.2
201587,54,Nicolas Batum,CHA,77,34,5.1,12.7,0.403,1.8,5.3,0.333,3.2,3.7,0.856,0.6,5.6,6.2,5.9,1.12,0.38,2.52,15.1,18.2
200755,55,JJ Redick,LAC,78,28.2,5.1,11.4,0.445,2.6,6,0.429,2.3,2.6,0.891,0.1,2.1,2.2,1.4,0.69,0.17,1.26,15,11.6
201586,56,Serge Ibaka,TOR,79,30.7,6,12.4,0.48,1.6,4,0.391,1.4,1.6,0.856,1.6,5.2,6.8,0.9,0.52,1.57,1.33,14.8,16.7
203903,57,Jordan Clarkson,LAL,82,29.2,5.8,13.1,0.445,1.4,4.3,0.329,1.6,2,0.798,0.6,2.4,3,2.6,1.07,0.1,2,14.7,11.8
202696,58,Nikola Vucevic,ORL,75,29,6.4,13.7,0.468,0.3,1,0.307,1.4,2.1,0.669,2.3,8,10.4,2.8,1.01,0.99,1.56,14.6,20.2
1626167,59,Myles Turner,IND,81,31.4,5.5,10.7,0.511,0.5,1.4,0.348,3,3.7,0.809,1.7,5.6,7.3,1.3,0.91,2.12,1.3,14.5,18.8
203501,60,Tim Hardaway Jr.,ATL,79,27.3,5.3,11.5,0.455,1.9,5.3,0.357,2.1,2.7,0.766,0.4,2.4,2.8,2.3,0.7,0.19,1.34,14.5,12.2
203933,61,TJ Warren,PHX,66,31,6.1,12.3,0.495,0.4,1.5,0.265,1.8,2.3,0.773,1.9,3.2,5.1,1.1,1.15,0.59,0.86,14.4,14.8
202683,62,Enes Kanter,OKC,72,21.3,5.6,10.2,0.545,0.1,0.5,0.132,3.1,4,0.786,2.7,4,6.7,0.9,0.44,0.53,1.71,14.3,15.7
2216,63,Zach Randolph,MEM,73,24.5,5.9,13.2,0.449,0.3,1.3,0.223,1.9,2.6,0.731,2.5,5.7,8.2,1.7,0.52,0.14,1.36,14.1,15.3
203497,64,Rudy Gobert,UTA,81,33.9,5.1,7.7,0.661,0,0,0,3.8,5.9,0.653,3.9,8.9,12.8,1.2,0.6,2.64,1.81,14,24.8
201143,65,Al Horford,BOS,68,32.3,5.6,11.8,0.473,1.3,3.6,0.355,1.6,2,0.8,1.4,5.4,6.8,5,0.76,1.26,1.69,14,19.5
202694,66,Marcus Morris,DET,79,32.8,5.3,12.7,0.418,1.5,4.5,0.331,1.8,2.3,0.784,1,3.7,4.6,2,0.66,0.32,1.1,14,12.6
202693,67,Markieff Morris,WAS,76,31.2,5.3,11.7,0.457,0.9,2.6,0.362,2.4,2.8,0.837,1.4,5.1,6.5,1.7,1.08,0.55,1.7,14,15.3
203109,68,Jae Crowder,BOS,72,32.4,4.6,10,0.463,2.2,5.5,0.398,2.4,3,0.811,0.7,5.1,5.8,2.2,1.01,0.32,1.11,13.9,16.1
203484,69,Kentavious Caldwell-Pope,DET,76,33.6,4.9,12.2,0.399,2,5.8,0.35,2,2.4,0.832,0.7,2.5,3.3,2.5,1.17,0.16,1.13,13.8,12
202711,70,Bojan Bogdanovic,WAS,81,25.7,4.6,10.4,0.445,1.8,4.8,0.367,2.7,3,0.893,0.5,3,3.4,1.4,0.42,0.09,1.62,13.7,11.3
204020,71,Tyler Johnson,MIA,73,29.8,4.9,11.3,0.433,1.3,3.4,0.372,2.7,3.5,0.768,0.7,3.3,4,3.2,1.15,0.6,1.23,13.7,14.2
203115,72,Will Barton,DEN,60,28.4,4.9,11.1,0.443,1.5,3.9,0.37,2.4,3.2,0.753,1,3.4,4.3,3.4,0.8,0.47,1.62,13.7,14.1
203083,73,Andre Drummond,DET,81,30,6,11.2,0.53,0,0.1,0.286,1.7,4.4,0.386,4.3,9.5,13.8,1.1,1.53,1.1,1.88,13.6,21.3
201583,74,Ryan Anderson,HOU,72,29.4,4.5,10.7,0.418,2.8,7,0.403,1.8,2.1,0.86,1.6,3,4.6,0.9,0.43,0.19,0.76,13.6,12.4
2730,75,Dwight Howard,ATL,74,29.7,5.2,8.3,0.633,0,0,0,3.1,5.7,0.533,4,8.7,12.7,1.4,0.86,1.24,2.3,13.5,21.7
202083,76,Wesley Matthews,DAL,73,34.5,4.6,11.6,0.393,2.4,6.6,0.363,2,2.5,0.816,0.2,3.3,3.5,2.9,1.05,0.21,1.4,13.5,12.3
203490,77,Otto Porter Jr.,WAS,80,32.6,5.2,10,0.516,1.9,4.3,0.434,1.2,1.5,0.832,1.5,5,6.4,1.5,1.45,0.53,0.55,13.4,17.7
201954,78,Darren Collison,SAC,68,30.3,5,10.5,0.476,1.1,2.6,0.417,2.2,2.5,0.86,0.3,1.9,2.2,4.6,0.99,0.13,1.68,13.2,13.6
201156,79,Nick Young,LAL,60,25.9,4.5,10.6,0.43,2.8,7,0.404,1.3,1.5,0.856,0.4,1.9,2.3,1,0.62,0.23,0.6,13.2,10.5
203944,80,Julius Randle,LAL,74,28.8,5.1,10.4,0.488,0.2,0.9,0.27,2.8,3.8,0.723,2,6.6,8.6,3.6,0.66,0.5,2.34,13.2,17.8
203930,81,Sean Kilpatrick,BKN,70,25.1,4.4,10.5,0.415,1.5,4.4,0.341,2.9,3.5,0.843,0.3,3.7,4,2.2,0.64,0.09,1.93,13.1,11.5
101141,82,Ersan Ilyasova,ATL,82,26.1,4.7,10.9,0.431,1.7,4.9,0.353,2,2.5,0.778,1.4,4.5,5.9,1.7,0.71,0.28,1.41,13.1,13.5
203496,83,Robert Covington,PHI,67,31.6,4.4,10.9,0.399,2,6.1,0.333,2.1,2.6,0.822,1.4,5.1,6.5,1.5,1.9,1.03,1.96,12.9,14.9
203967,84,Dario Saric,PHI,81,26.3,4.7,11.4,0.411,1.3,4.2,0.311,2.1,2.7,0.782,1.4,5,6.3,2.2,0.7,0.37,2.26,12.8,12.9
201949,85,James Johnson,MIA,76,27.4,4.8,10.1,0.479,1.1,3.4,0.34,2,2.8,0.707,0.9,4.1,4.9,3.6,1,1.13,2.25,12.8,15.2
203552,86,Seth Curry,DAL,70,29.3,4.8,10,0.481,2,4.6,0.425,1.2,1.4,0.85,0.4,2.2,2.6,2.7,1.13,0.1,1.31,12.8,12.6
203901,87,Elfrid Payton,ORL,82,29.4,5.2,11.1,0.471,0.5,1.8,0.274,1.8,2.6,0.692,1.1,3.6,4.7,6.5,1.07,0.49,2.17,12.8,16.6
203932,88,Aaron Gordon,ORL,80,28.9,4.9,10.8,0.454,1,3.3,0.288,2,2.7,0.719,1.5,3.6,5.1,1.9,0.81,0.5,1.11,12.7,13.2
201599,89,DeAndre Jordan,LAC,81,31.7,5.1,7.1,0.714,0,0,0,2.5,5.2,0.482,3.7,10.1,13.8,1.2,0.63,1.65,1.42,12.7,23.8
203918,90,Rodney Hood,UTA,59,27,4.6,11.3,0.408,1.9,5.2,0.371,1.5,1.9,0.783,0.3,3.2,3.4,1.6,0.64,0.19,1.1,12.7,10.4
203991,91,Clint Capela,HOU,65,23.9,5.6,8.7,0.643,0,0,0,1.4,2.7,0.531,2.7,5.4,8.1,1,0.52,1.22,1.34,12.6,17.7
2200,92,Pau Gasol,SAS,64,25.4,4.7,9.4,0.502,0.9,1.6,0.538,2,2.9,0.707,1.7,6.2,7.8,2.3,0.38,1.09,1.27,12.4,17.2
2037,93,Jamal Crawford,LAC,82,26.3,4.4,10.6,0.413,1.4,3.9,0.36,2.1,2.5,0.857,0.2,1.4,1.6,2.6,0.74,0.17,1.63,12.3,9.2
203085,94,Austin Rivers,LAC,74,27.8,4.4,9.9,0.442,1.5,4,0.371,1.8,2.6,0.691,0.3,1.9,2.2,2.8,0.65,0.14,1.55,12,9.9
202685,95,Jonas Valanciunas,TOR,80,25.8,4.9,8.8,0.557,0,0,0.5,2.2,2.7,0.811,2.8,6.7,9.5,0.7,0.46,0.79,1.33,12,17.7
202328,96,Greg Monroe,MIL,81,22.5,4.8,9,0.533,0,0,0,2.2,3,0.741,2.1,4.5,6.6,2.3,1.14,0.47,1.73,11.7,15.5
2772,97,Trevor Ariza,HOU,80,34.7,4.1,10,0.409,2.4,6.9,0.344,1.2,1.6,0.738,0.7,5.1,5.7,2.2,1.84,0.25,0.91,11.7,14.5
1626163,98,Frank Kaminsky,CHA,75,26.1,4.3,10.7,0.399,1.5,4.7,0.328,1.6,2.1,0.756,0.8,3.7,4.5,2.2,0.61,0.45,1.01,11.7,11.4
203500,99,Steven Adams,OKC,80,29.9,4.7,8.2,0.571,0,0,0,2,3.2,0.611,3.5,4.2,7.7,1.1,1.11,0.98,1.83,11.3,15.6
101107,100,Marvin Williams,CHA,76,30.2,3.9,9.3,0.422,1.6,4.7,0.35,1.7,2,0.873,1.2,5.4,6.6,1.4,0.76,0.7,0.79,11.2,14.2
201937,101,Ricky Rubio,MIN,75,32.9,3.5,8.7,0.402,0.8,2.6,0.306,3.4,3.8,0.891,0.9,3.2,4.1,9.1,1.71,0.13,2.6,11.1,17.9
203082,102,Terrence Ross,ORL,78,25.1,4.2,9.6,0.437,1.8,5,0.363,0.8,1,0.831,0.2,2.4,2.6,1.1,1.12,0.42,0.87,11,9.9
201152,102,Thaddeus Young,IND,74,30.2,4.9,9.3,0.527,0.6,1.6,0.381,0.6,1.2,0.523,1.8,4.3,6.1,1.6,1.53,0.39,1.28,11,14.4
203145,104,Kent Bazemore,ATL,73,26.9,4,9.9,0.409,1.3,3.6,0.346,1.6,2.3,0.708,0.6,2.5,3.2,2.4,1.25,0.71,1.71,11,10.3
101114,105,Deron Williams,CLE,64,26.3,4.1,9.4,0.438,1.3,3.7,0.363,1.4,1.7,0.826,0.2,2.1,2.3,5.6,0.48,0.13,2.16,11,11.8
201959,106,Taj Gibson,OKC,78,25.5,4.7,9.1,0.515,0,0.2,0.231,1.4,2,0.715,2,4.2,6.2,0.9,0.53,0.83,1.35,10.8,13
201584,107,Courtney Lee,NYK,77,31.9,4.2,9.1,0.456,1.4,3.5,0.401,1.1,1.3,0.867,0.7,2.7,3.4,2.3,1.05,0.31,0.9,10.8,11.9
101162,108,Marcin Gortat,WAS,82,31.2,4.8,8.2,0.579,0,0,0,1.3,1.9,0.648,2.9,7.5,10.4,1.5,0.49,0.74,1.45,10.8,18.2
101139,109,CJ Miles,IND,76,23.4,3.7,8.5,0.434,2.2,5.4,0.413,1.1,1.2,0.903,0.4,2.6,3,0.6,0.61,0.33,0.53,10.7,9.8
203459,110,Allen Crabbe,POR,79,28.5,3.8,8.2,0.468,1.7,3.8,0.444,1.3,1.6,0.847,0.2,2.6,2.9,1.2,0.68,0.25,0.78,10.7,10.3
202703,111,Nikola Mirotic,CHI,70,24,3.7,8.9,0.413,1.8,5.4,0.342,1.4,1.8,0.773,0.9,4.6,5.5,1.1,0.76,0.79,1.14,10.6,11.9
203935,112,Marcus Smart,BOS,79,30.4,3.4,9.5,0.359,1.2,4.2,0.283,2.6,3.2,0.812,1,2.9,3.9,4.6,1.58,0.43,2.01,10.6,12.4
1627741,113,Buddy Hield,SAC,82,23,4,9.4,0.426,1.8,4.6,0.391,0.8,0.9,0.842,0.4,2.9,3.3,1.5,0.46,0.11,1.23,10.6,9.1
201158,114,Marco Belinelli,CHA,74,24,3.6,8.3,0.429,1.4,3.8,0.36,2,2.3,0.893,0.2,2.2,2.4,2,0.59,0.12,0.95,10.5,9.7
201961,115,Wayne Ellington,MIA,62,24.2,3.7,9,0.416,2.4,6.4,0.378,0.6,0.7,0.86,0.3,1.8,2.1,1.1,0.56,0.06,0.48,10.5,8.5
203486,116,Mason Plumlee,DEN,81,26.5,4.1,7.7,0.536,0,0.1,0,2.1,3.7,0.58,2.1,5.4,7.5,3.5,0.85,1.14,1.65,10.4,16.6
201577,117,Robin Lopez,CHI,81,28,4.7,9.6,0.493,0,0,0,0.9,1.3,0.721,3,3.4,6.4,1,0.22,1.44,1.12,10.4,13.1
203469,118,Cody Zeller,CHA,62,27.8,4.1,7.1,0.571,0,0,0,2.1,3.2,0.679,2.2,4.4,6.5,1.6,1,0.94,1.05,10.3,15.2
202720,119,Jon Leuer,DET,75,26.3,4.1,8.6,0.48,0.7,2.2,0.293,1.3,1.5,0.867,1.4,4,5.4,1.5,0.41,0.35,0.88,10.2,12.3
1627763,119,Malcolm Brogdon,MIL,75,26.4,3.9,8.5,0.457,1,2.6,0.404,1.5,1.7,0.865,0.6,2.2,2.8,4.2,1.12,0.16,1.51,10.2,12.2
203110,121,Draymond Green,GSW,76,32.5,3.6,8.6,0.418,1.1,3.5,0.308,2,2.8,0.709,1.3,6.6,7.9,7,2.03,1.39,2.42,10.2,20.3
203994,122,Jusuf Nurkic,POR,65,21.4,4.2,8.2,0.507,0,0,0,1.8,3.2,0.571,2.4,4.8,7.2,1.9,0.77,1.14,2.2,10.2,13.5
2225,123,Tony Parker,SAS,63,25.4,4.2,9,0.466,0.4,1.1,0.333,1.3,1.9,0.726,0.1,1.7,1.8,4.5,0.54,0.03,1.41,10.1,10.3
2594,124,Kyle Korver,CLE,67,26.2,3.6,7.7,0.464,2.4,5.4,0.451,0.6,0.6,0.905,0.1,2.7,2.8,1.6,0.51,0.31,1.03,10.1,10.1
203090,125,Maurice Harkless,POR,77,28.9,4.1,8.1,0.503,0.9,2.5,0.351,1,1.6,0.621,1.6,2.8,4.4,1.1,1.1,0.91,1.12,10,11.9
202344,126,Trevor Booker,BKN,71,24.7,4.3,8.3,0.516,0.4,1.1,0.321,1,1.5,0.673,2,6,8,1.9,1.06,0.39,1.79,10,15.1
203476,127,Gorgui Dieng,MIN,82,32.4,4,8.1,0.502,0.2,0.5,0.372,1.7,2,0.814,2.3,5.6,7.9,1.9,1.07,1.16,1.3,10,16.3
203498,128,Shabazz Muhammad,MIN,78,19.4,3.7,7.7,0.482,0.6,1.9,0.338,1.9,2.4,0.774,1.1,1.7,2.8,0.4,0.28,0.08,0.72,9.9,8.3
1627750,129,Jamal Murray,DEN,82,21.5,3.6,8.9,0.404,1.4,4.2,0.334,1.3,1.5,0.883,0.5,2.1,2.6,2.1,0.62,0.29,1.38,9.9,8.6
201951,130,Ty Lawson,SAC,69,25.1,3.4,7.6,0.454,0.5,1.7,0.288,2.5,3.1,0.797,0.6,2,2.6,4.8,1.07,0.09,1.87,9.9,11.8
203087,131,Jeremy Lamb,CHA,62,18.4,3.6,7.9,0.46,0.7,2.4,0.281,1.8,2.1,0.853,0.5,3.8,4.3,1.2,0.44,0.37,0.65,9.7,10.8
202702,132,Kenneth Faried,DEN,61,21.2,3.7,6.8,0.548,0,0.1,0,2.1,3.1,0.693,3,4.6,7.6,0.9,0.7,0.66,0.97,9.6,14.5
202734,133,E'Twaun Moore,NOP,73,24.9,3.9,8.5,0.457,1.1,2.8,0.37,0.8,1,0.77,0.5,1.6,2.1,2.2,0.68,0.44,0.85,9.6,9.4
201976,134,Patrick Beverley,HOU,67,30.7,3.4,8.1,0.42,1.6,4.3,0.382,1.1,1.4,0.768,1.4,4.4,5.9,4.2,1.48,0.37,1.49,9.5,14.9
201988,135,Patty Mills,SAS,80,21.9,3.4,7.8,0.44,1.8,4.4,0.414,0.8,1,0.825,0.3,1.5,1.8,3.5,0.81,0.04,1.26,9.5,9.8
203917,136,Nik Stauskas,PHI,80,27.4,3.1,7.9,0.396,1.7,4.5,0.368,1.5,1.9,0.813,0.3,2.6,2.8,2.4,0.56,0.4,1.6,9.5,8.9
1627742,137,Brandon Ingram,LAL,79,28.8,3.5,8.7,0.402,0.7,2.4,0.294,1.7,2.7,0.621,0.8,3.2,4,2.1,0.63,0.46,1.47,9.4,8.9
202397,138,Ish Smith,DET,81,24.1,4.1,9.2,0.439,0.3,1.3,0.267,0.9,1.3,0.706,0.3,2.6,2.9,5.2,0.75,0.41,1.38,9.4,11.6
202709,139,Cory Joseph,TOR,80,25,3.7,8.3,0.452,0.6,1.7,0.356,1.2,1.5,0.77,0.6,2.3,2.9,3.3,0.83,0.16,1.35,9.3,10.3
201145,140,Jeff Green,ORL,69,22.4,3.2,8.1,0.394,0.8,2.8,0.275,2.1,2.4,0.863,0.6,2.5,3.1,1.2,0.54,0.19,1.09,9.2,7.9
201945,141,Gerald Henderson,PHI,72,23.2,3.3,7.7,0.423,0.8,2.4,0.353,1.8,2.3,0.806,0.5,2.1,2.6,1.6,0.56,0.21,0.86,9.2,8.3
1627737,142,Marquese Chriss,PHX,82,21.3,3.5,7.7,0.449,0.9,2.7,0.321,1.4,2.2,0.624,1.2,3.1,4.2,0.7,0.82,0.85,1.32,9.2,9.4
203077,143,Michael Kidd-Gilchrist,CHA,81,29,3.6,7.6,0.477,0,0.1,0.111,1.9,2.4,0.784,1.9,5,7,1.4,1,0.95,0.69,9.2,14.3
2207,144,Joe Johnson,UTA,78,23.6,3.5,8,0.436,1.4,3.3,0.411,0.8,1,0.818,0.4,2.7,3.1,1.8,0.46,0.23,0.88,9.2,9.2
2749,145,Jameer Nelson,DEN,75,27.3,3.6,8.1,0.444,1.4,3.6,0.388,0.6,0.8,0.714,0.4,2.2,2.6,5.1,0.72,0.11,1.71,9.2,11.3
101112,146,Channing Frye,CLE,74,18.9,3.2,7,0.458,1.9,4.5,0.409,0.9,1,0.851,0.5,3.4,3.9,0.6,0.45,0.5,0.72,9.1,9.9
2403,147,Nene,HOU,67,17.9,3.7,5.9,0.617,0,0.1,0.333,1.7,2.9,0.589,1.4,2.8,4.2,1,0.84,0.58,1.09,9.1,11.1
1626149,148,Montrezl Harrell,HOU,58,18.3,3.9,5.9,0.652,0,0.1,0.143,1.3,2.1,0.628,1.4,2.4,3.8,1.1,0.34,0.72,0.76,9.1,11.4
2754,149,Tony Allen,MEM,71,27,3.9,8.4,0.461,0.2,0.8,0.278,1.1,1.8,0.615,2.3,3.2,5.5,1.4,1.62,0.41,1.41,9.1,11.3
203482,150,Kelly Olynyk,BOS,75,20.5,3.5,6.8,0.512,0.9,2.6,0.354,1.2,1.6,0.732,1,3.8,4.8,2,0.59,0.39,1.28,9,11.8
202323,151,Evan Turner,POR,65,25.5,3.6,8.5,0.426,0.5,1.8,0.263,1.3,1.6,0.825,0.6,3.2,3.8,3.2,0.82,0.37,1.54,9,10.5
203926,152,Doug McDermott,OKC,66,22.8,3.4,7.5,0.447,1.2,3.2,0.37,1.1,1.3,0.845,0.3,2.4,2.7,0.9,0.2,0.08,0.58,9,7.9
203210,153,JaMychal Green,MEM,77,27.3,3.2,6.5,0.5,0.7,1.9,0.379,1.7,2.2,0.802,2.2,4.9,7.1,1.1,0.61,0.44,1.22,8.9,13.3
201960,154,DeMarre Carroll,TOR,72,26.1,3.1,7.6,0.4,1.5,4.4,0.341,1.2,1.6,0.761,0.9,2.9,3.8,1,1.13,0.38,0.75,8.9,9.5
202329,155,Al-Farouq Aminu,POR,61,29.1,3,7.6,0.393,1.1,3.5,0.33,1.6,2.2,0.706,1.3,6.1,7.4,1.6,0.98,0.72,1.54,8.7,12.6
201578,156,Marreese Speights,LAC,82,15.7,3,6.7,0.445,1.3,3.4,0.372,1.5,1.7,0.876,1.1,3.5,4.5,0.8,0.28,0.5,0.84,8.7,10
1626178,157,Rondae Hollis-Jefferson,BKN,78,22.6,3,6.9,0.434,0.2,0.9,0.224,2.4,3.2,0.751,1.2,4.6,5.8,2,1.05,0.56,1.49,8.7,11.8
203503,158,Tony Snell,MIL,80,29.2,3.1,6.8,0.455,1.8,4.4,0.406,0.6,0.7,0.81,0.3,2.8,3.1,1.2,0.69,0.18,0.69,8.5,9.2
101145,159,Monta Ellis,IND,74,27,3.3,7.5,0.443,0.6,1.8,0.319,1.3,1.7,0.727,0.3,2.5,2.8,3.2,1.05,0.36,1.82,8.5,9.4
201167,160,Arron Afflalo,SAC,61,25.9,3,6.9,0.44,1,2.5,0.411,1.4,1.5,0.892,0.1,1.9,2,1.3,0.34,0.1,0.69,8.4,7.5
1626181,161,Norman Powell,TOR,76,18,3,6.7,0.449,0.7,2.3,0.324,1.7,2.1,0.792,0.3,1.9,2.2,1.1,0.68,0.18,0.92,8.4,7.5
203584,162,Troy Daniels,MEM,67,17.7,2.8,7.4,0.374,2.1,5.3,0.389,0.6,0.8,0.796,0.3,1.2,1.5,0.7,0.3,0.06,0.67,8.2,5.3
1626195,163,Willy Hernangomez,NYK,72,18.4,3.4,6.5,0.529,0.1,0.2,0.267,1.3,1.7,0.728,2.4,4.6,7,1.3,0.57,0.5,1.39,8.2,12.6
1626161,164,Willie Cauley-Stein,SAC,75,18.9,3.4,6.4,0.53,0,0,0,1.3,2,0.669,1.1,3.4,4.5,1.1,0.71,0.59,0.92,8.1,10.4
203463,165,Ben McLemore,SAC,61,19.3,3,6.9,0.43,1.1,2.8,0.382,1.1,1.5,0.753,0.3,1.8,2.1,0.8,0.48,0.1,1.02,8.1,6.3
2744,166,Al Jefferson,IND,66,14.1,3.6,7.1,0.499,0,0,0,1,1.3,0.765,1.1,3.1,4.2,0.9,0.29,0.24,0.5,8.1,9.3
202684,167,Tristan Thompson,CLE,78,29.9,3.4,5.6,0.6,0,0,0,1.4,2.7,0.498,3.7,5.5,9.2,1,0.5,1.08,0.82,8.1,15.4
1713,168,Vince Carter,MEM,73,24.7,2.6,6.7,0.394,1.5,4.1,0.378,1.2,1.6,0.765,0.5,2.6,3.1,1.8,0.82,0.49,0.68,8,9.2
203458,169,Alex Len,PHX,77,20.3,3,6,0.497,0,0.2,0.25,1.9,2.7,0.721,2,4.6,6.6,0.6,0.49,1.27,1.32,8,11.8
204038,170,Langston Galloway,SAC,74,20.2,2.8,7.4,0.38,1.6,4.2,0.39,0.7,0.9,0.797,0.4,1.7,2.1,1.3,0.62,0.08,0.62,7.9,6.6
201571,171,D.J. Augustin,ORL,78,19.7,2.5,6.6,0.377,1.2,3.5,0.347,1.7,2.1,0.814,0.2,1.3,1.5,2.7,0.4,0.01,1.15,7.9,6.8
200765,172,Rajon Rondo,CHI,69,26.7,3.3,8.1,0.408,0.7,1.9,0.376,0.4,0.7,0.6,1.1,4.1,5.1,6.7,1.43,0.16,2.45,7.8,13.7
200771,173,Sergio Rodriguez,PHI,68,22.3,3.1,7.9,0.392,1.4,3.7,0.365,0.3,0.4,0.667,0.3,2,2.3,5.1,0.72,0.06,1.88,7.8,9.1
202066,174,Garrett Temple,SAC,65,26.6,2.8,6.6,0.424,1.3,3.4,0.373,0.9,1.1,0.784,0.5,2.3,2.8,2.6,1.29,0.43,1.2,7.8,9.6
203200,175,Justin Holiday,NYK,82,20,2.8,6.6,0.433,1.2,3.3,0.355,0.8,1,0.825,0.3,2.4,2.7,1.2,0.79,0.38,0.8,7.7,8.1
203521,176,Matthew Dellavedova,MIL,76,26.1,2.7,7,0.39,1,2.8,0.367,1.1,1.3,0.854,0.3,1.6,1.9,4.7,0.7,0,1.75,7.6,8.7
2738,177,Andre Iguodala,GSW,76,26.3,2.9,5.5,0.528,0.8,2.3,0.362,0.9,1.3,0.706,0.7,3.3,4,3.4,1,0.51,0.76,7.6,12.8
1938,178,Manu Ginobili,SAS,69,18.7,2.5,6.4,0.39,1.3,3.3,0.392,1.2,1.6,0.804,0.4,1.9,2.3,2.7,1.19,0.23,1.39,7.5,8.3
202697,179,Iman Shumpert,CLE,76,25.5,2.6,6.4,0.411,1.2,3.4,0.36,0.9,1.2,0.789,0.5,2.4,2.9,1.4,0.82,0.36,1.03,7.5,7.9
1627785,180,Isaiah Whitehead,BKN,73,22.5,2.8,7,0.402,0.6,2,0.295,1.2,1.5,0.805,0.4,2.1,2.5,2.6,0.58,0.49,1.95,7.4,7.2
203915,181,Spencer Dinwiddie,BKN,59,22.6,2.3,5.1,0.444,0.6,1.7,0.376,2.1,2.7,0.792,0.5,2.3,2.8,3.1,0.75,0.39,1.12,7.3,9.8
201980,182,Danny Green,SAS,68,26.8,2.6,6.6,0.392,1.7,4.6,0.379,0.4,0.5,0.844,0.5,2.8,3.3,1.8,1.03,0.84,1.12,7.3,9.1
101135,183,David Lee,SAS,79,18.7,3.1,5.3,0.59,0,0,0,1,1.4,0.708,1.9,3.7,5.6,1.6,0.39,0.51,1.04,7.3,11.7
1627755,184,Tyler Ulis,PHX,61,18.4,3,7.2,0.421,0.3,1.3,0.266,0.9,1.2,0.775,0.3,1.2,1.6,3.7,0.79,0.08,1.26,7.3,7.7
200757,185,Thabo Sefolosha,ATL,62,25.7,2.8,6.4,0.441,0.7,1.9,0.342,0.9,1.2,0.733,0.9,3.5,4.4,1.7,1.55,0.5,0.94,7.2,10.5
204025,186,Tim Frazier,NOP,65,23.5,2.5,6.2,0.403,0.6,2,0.313,1.5,2,0.76,0.5,2.1,2.7,5.2,0.86,0.09,1.55,7.1,10.2
1626204,187,Larry Nance Jr.,LAL,63,22.9,3,5.7,0.526,0.2,0.6,0.278,0.9,1.3,0.738,1.9,4,5.9,1.5,1.3,0.62,0.89,7.1,12.5
201943,188,Brandon Jennings,WAS,81,22.2,2.4,6.6,0.359,1,3.1,0.313,1.4,1.9,0.75,0.4,2.1,2.4,4.9,0.86,0.05,1.58,7.1,9
2440,189,Matt Barnes,GSW,74,24,2.5,6.4,0.391,1.2,3.6,0.331,0.9,1.2,0.787,0.9,4.2,5.2,2.6,0.65,0.35,1.45,7.1,10.4
1626147,190,Justin Anderson,PHI,75,16.4,2.5,5.9,0.424,0.8,2.6,0.299,1.4,1.7,0.791,0.9,2.3,3.3,0.9,0.55,0.31,0.88,7.1,7.5
201229,191,Anthony Tolliver,SAC,65,22.7,2.4,5.4,0.442,1.4,3.5,0.391,0.9,1.3,0.744,0.8,2.9,3.6,1.2,0.52,0.31,0.86,7.1,8.6
204060,192,Joe Ingles,UTA,82,24,2.5,5.5,0.452,1.5,3.4,0.441,0.6,0.8,0.735,0.3,2.9,3.2,2.7,1.17,0.1,1.3,7.1,9.7
203524,193,Solomon Hill,NOP,80,29.7,2.3,6,0.383,1.2,3.4,0.348,1.3,1.6,0.805,0.6,3.2,3.8,1.8,0.9,0.4,1.02,7,8.9
203120,194,Justin Hamilton,BKN,64,18.4,2.7,5.9,0.459,0.9,2.8,0.306,0.6,0.8,0.75,1.1,3,4.1,0.9,0.45,0.67,0.67,6.9,8.9
204456,195,T.J. McConnell,PHI,81,26.3,2.9,6.3,0.461,0.1,0.7,0.2,0.9,1.1,0.811,0.5,2.6,3.1,6.6,1.65,0.12,1.96,6.9,12.8
202335,196,Patrick Patterson,TOR,65,24.6,2.4,5.9,0.401,1.4,3.9,0.372,0.7,0.9,0.717,1,3.6,4.5,1.2,0.62,0.35,0.58,6.8,9.1
203546,197,Ian Clark,GSW,77,14.8,2.7,5.6,0.487,0.8,2.1,0.374,0.6,0.8,0.759,0.3,1.3,1.6,1.2,0.51,0.1,0.71,6.8,6.4
1626171,198,Bobby Portis,CHI,64,15.6,2.9,5.9,0.488,0.5,1.5,0.333,0.6,0.9,0.661,1.2,3.5,4.6,0.5,0.25,0.17,0.58,6.8,8.5
201162,199,Jared Dudley,PHX,64,21.3,2.5,5.4,0.454,1.2,3.2,0.379,0.7,1,0.662,0.5,3,3.5,1.9,0.66,0.25,1.14,6.8,8.7
203089,200,John Henson,MIL,58,19.4,2.7,5.3,0.515,0,0,0,1.3,1.8,0.692,1.6,3.5,5.1,1,0.5,1.34,0.9,6.8,10.6
101109,201,Raymond Felton,LAC,80,21.3,2.8,6.4,0.43,0.6,1.8,0.319,0.6,0.8,0.781,0.4,2.3,2.7,2.4,0.83,0.28,1.04,6.7,8.1
2734,202,Devin Harris,DAL,65,16.7,2.1,5.2,0.399,0.9,2.7,0.328,1.6,2,0.829,0.2,1.8,2,2.1,0.66,0.11,0.88,6.7,7.2
203516,203,James Ennis III,MEM,64,23.5,2.3,5,0.455,0.8,2.1,0.372,1.3,1.7,0.782,1.1,3,4,1,0.72,0.3,0.92,6.7,8.7
203939,204,Dwight Powell,DAL,77,17.3,2.5,4.9,0.515,0.3,1,0.284,1.4,1.8,0.759,1.2,2.8,4,0.6,0.79,0.51,0.44,6.7,9.4
200782,205,PJ Tucker,TOR,81,27.6,2.5,6,0.413,0.9,2.4,0.357,0.9,1.1,0.774,1.4,4.4,5.8,1.2,1.43,0.23,0.81,6.7,10.8
201585,206,Kosta Koufos,SAC,71,20,3,5.5,0.551,0,0,0,0.5,0.9,0.613,1.7,4,5.7,0.7,0.51,0.68,0.86,6.6,10.5
203460,207,Andre Roberson,OKC,79,30.1,2.7,5.9,0.464,0.6,2.3,0.245,0.6,1.4,0.423,1.2,3.9,5.1,1,1.19,1,0.65,6.6,10.3
1627759,208,Jaylen Brown,BOS,78,17.2,2.5,5.4,0.455,0.6,1.7,0.343,1.1,1.6,0.685,0.6,2.2,2.8,0.8,0.45,0.23,0.87,6.6,6.6
201967,209,Dante Cunningham,NOP,66,25,2.6,5.4,0.485,1.1,2.7,0.392,0.2,0.4,0.593,0.8,3.3,4.2,0.6,0.59,0.42,0.42,6.6,9
1626155,210,Sam Dekker,HOU,77,18.4,2.6,5.6,0.473,0.8,2.4,0.321,0.5,0.9,0.559,1.2,2.5,3.7,1,0.49,0.27,0.53,6.5,8.1
101161,211,Amir Johnson,BOS,80,20.1,2.7,4.6,0.576,0.3,0.8,0.409,0.8,1.3,0.67,1.5,3.1,4.6,1.8,0.64,0.78,0.96,6.5,10.9
1627789,212,Timothe Luwawu-Cabarrot,PHI,69,17.2,2.1,5.2,0.402,0.7,2.3,0.311,1.5,1.8,0.854,0.4,1.8,2.2,1.1,0.46,0.14,1.06,6.4,5.9
203141,213,Mirza Teletovic,MIL,70,16.2,2.2,6,0.373,1.5,4.4,0.341,0.5,0.6,0.778,0.2,2.2,2.3,0.7,0.17,0.19,0.53,6.4,5.4
203585,214,Rodney McGruder,MIA,78,25.2,2.4,5.9,0.413,0.9,2.8,0.332,0.6,0.9,0.62,1.2,2.1,3.3,1.6,0.59,0.23,0.72,6.4,7.5
1626162,215,Kelly Oubre Jr.,WAS,79,20.3,2.4,5.6,0.421,0.7,2.4,0.287,0.9,1.3,0.758,0.8,2.5,3.3,0.6,0.73,0.22,0.63,6.3,7
203124,216,Kyle O'Quinn,NYK,79,15.6,2.7,5.2,0.521,0,0.2,0.118,0.8,1.1,0.771,2,3.6,5.6,1.5,0.46,1.32,0.96,6.3,11.4
2571,217,Leandro Barbosa,PHX,67,14.4,2.6,5.9,0.439,0.5,1.5,0.357,0.6,0.7,0.889,0.2,1.3,1.6,1.2,0.46,0.12,0.72,6.3,5.5
1627851,218,Mindaugas Kuzminskas,NYK,68,14.9,2.3,5.4,0.428,0.8,2.5,0.321,0.8,1,0.809,0.7,1.2,1.9,1,0.43,0.16,0.75,6.3,5.7
203957,219,Dante Exum,UTA,66,18.6,2.3,5.5,0.427,0.7,2.3,0.295,0.9,1.1,0.795,0.5,1.5,2,1.7,0.32,0.18,1.21,6.2,5.8
203488,220,Mike Muscala,ATL,70,17.7,2.4,4.8,0.504,0.7,1.6,0.418,0.7,0.9,0.766,1.1,2.3,3.4,1.4,0.43,0.59,0.79,6.2,8.6
202357,221,Nemanja Bjelica,MIN,65,18.3,2.3,5.5,0.424,0.9,2.7,0.316,0.7,0.9,0.738,0.9,2.9,3.8,1.2,0.62,0.31,0.91,6.2,7.8
1626168,222,Trey Lyles,UTA,71,16.3,2.2,6.2,0.362,0.9,2.9,0.319,0.8,1.1,0.722,0.7,2.6,3.3,1,0.37,0.28,0.9,6.2,6
203613,223,Jonathon Simmons,SAS,78,17.8,2.3,5.4,0.42,0.4,1.3,0.294,1.3,1.7,0.75,0.3,1.8,2.1,1.6,0.6,0.32,0.97,6.2,6.3
201580,224,JaVale McGee,GSW,77,9.6,2.7,4.1,0.652,0,0,0,0.7,1.4,0.505,1.3,1.9,3.2,0.2,0.25,0.87,0.52,6.1,8
2585,225,Zaza Pachulia,GSW,70,18.1,2.3,4.4,0.534,0,0,0,1.4,1.8,0.778,2,3.9,5.9,1.9,0.84,0.47,1.24,6.1,11.5
203922,226,Glenn Robinson III,IND,69,20.7,2.3,4.9,0.467,0.7,1.8,0.392,0.8,1.1,0.711,0.8,2.7,3.6,0.7,0.59,0.29,0.54,6.1,7.7
201601,227,Luc Mbah a Moute,LAC,80,22.3,2.4,4.7,0.505,0.5,1.4,0.391,0.7,1.1,0.678,0.6,1.6,2.1,0.5,1.01,0.44,0.57,6.1,6.9
203518,228,Alex Abrines,OKC,68,15.5,2,5,0.393,1.4,3.6,0.381,0.6,0.7,0.898,0.3,1,1.3,0.6,0.54,0.12,0.49,6,4.9
202687,229,Bismack Biyombo,ORL,81,22.1,2.2,4.2,0.528,0,0,0,1.5,2.9,0.534,1.9,5.1,7,0.9,0.31,1.12,1.17,6,10.8
1627734,230,Domantas Sabonis,OKC,81,20.1,2.4,5.9,0.399,0.6,2,0.321,0.5,0.8,0.657,0.6,3,3.6,1,0.48,0.4,1.02,5.9,6.5
1626150,231,Andrew Harrison,MEM,72,20.5,1.6,5,0.325,0.6,2.2,0.276,2.1,2.7,0.763,0.3,1.6,1.9,2.8,0.74,0.29,1.18,5.9,6.4
1626170,232,Jerian Grant,CHI,63,16.3,2,4.8,0.425,0.8,2.1,0.366,1,1.2,0.89,0.3,1.5,1.8,1.9,0.75,0.13,0.7,5.9,6.9
204028,233,Tarik Black,LAL,67,16.3,2.2,4.4,0.51,0,0,0.5,1.2,1.6,0.752,2.1,3,5.1,0.6,0.43,0.66,0.87,5.7,9.1
1627752,234,Taurean Prince,ATL,59,16.6,1.9,4.8,0.4,0.6,1.7,0.324,1.3,1.6,0.787,0.4,2.2,2.7,0.9,0.73,0.46,1.03,5.7,6.2
201160,235,Jason Smith,WAS,74,14.4,2.4,4.4,0.529,0.5,1.1,0.474,0.5,0.7,0.686,0.9,2.6,3.5,0.5,0.28,0.73,0.78,5.7,7.6
2210,236,Richard Jefferson,CLE,79,20.4,1.9,4.3,0.446,0.8,2.4,0.333,1,1.4,0.741,0.4,2.2,2.6,1,0.33,0.13,0.66,5.7,6.3
1626179,237,Terry Rozier,BOS,74,17.1,2,5.6,0.367,0.8,2.4,0.318,0.7,0.9,0.773,0.5,2.5,3.1,1.8,0.61,0.15,0.64,5.5,6.8
203924,238,Jerami Grant,OKC,80,19.1,1.9,4.1,0.463,0.5,1.5,0.371,1.1,1.8,0.612,0.5,2.1,2.6,0.6,0.41,0.99,0.55,5.5,6.5
203086,239,Meyers Leonard,POR,74,16.5,2,5.1,0.386,1,2.9,0.347,0.5,0.5,0.875,0.4,2.8,3.2,1,0.18,0.38,0.47,5.4,6.5
203530,240,Joffrey Lauvergne,CHI,70,14,2.1,4.8,0.44,0.5,1.4,0.337,0.7,1,0.63,1,2.6,3.6,1,0.36,0.09,0.8,5.4,6.5
1627098,241,Malcolm Delaney,ATL,73,17.1,2,5.3,0.374,0.4,1.5,0.236,1,1.3,0.806,0.1,1.5,1.7,2.6,0.53,0.01,1.3,5.4,5.4
203186,242,Willie Reed,MIA,71,14.5,2.3,4,0.568,0,0.1,0.25,0.7,1.2,0.557,1.8,2.9,4.7,0.4,0.25,0.66,0.44,5.3,8.5
200751,243,Randy Foye,BKN,69,18.6,1.7,4.7,0.363,1,2.9,0.33,0.8,0.9,0.857,0.1,2.1,2.2,2,0.51,0.13,1.16,5.2,5.7
2733,244,Shaun Livingston,GSW,76,17.7,2.3,4.2,0.547,0,0,0.333,0.6,0.8,0.7,0.4,1.6,2,1.8,0.5,0.26,0.82,5.1,6.8
203473,245,Dewayne Dedmon,SAS,76,17.7,2.1,3.4,0.622,0,0,0,0.9,1.2,0.699,1.7,4.8,6.5,0.6,0.49,0.8,0.8,5.1,11
201166,246,Aaron Brooks,IND,65,13.8,1.9,4.6,0.403,0.7,2,0.375,0.5,0.6,0.8,0.3,0.8,1.1,1.9,0.38,0.14,1.02,5,4.6
1627823,247,Juan Hernangomez,DEN,62,13.6,1.6,3.6,0.451,0.7,1.8,0.407,0.9,1.2,0.75,0.7,2.3,3,0.5,0.48,0.19,0.5,4.9,6.3
1626209,248,Mario Hezonja,ORL,65,14.8,1.8,5.1,0.355,0.7,2.2,0.299,0.6,0.8,0.8,0.3,1.9,2.2,1,0.46,0.23,0.89,4.9,4.4
203382,249,Aron Baynes,DET,75,15.5,1.9,3.7,0.513,0,0,0,1.1,1.3,0.84,1.5,3,4.4,0.4,0.23,0.52,0.67,4.9,7.8
1626245,250,Cristiano Felicio,CHI,66,15.8,1.9,3.3,0.579,0,0,0,0.9,1.4,0.645,1.9,2.8,4.7,0.6,0.38,0.26,0.5,4.8,8.3
202337,251,Luke Babbitt,MIA,68,15.7,1.7,4.1,0.402,1.3,3.1,0.414,0.2,0.2,0.733,0.2,1.9,2.1,0.5,0.29,0.16,0.37,4.8,4.9
2561,252,David West,GSW,68,12.6,2,3.7,0.536,0,0.1,0.375,0.6,0.8,0.768,0.7,2.3,3,2.2,0.62,0.71,1.15,4.6,8.1
2564,253,Boris Diaw,UTA,73,17.6,2,4.5,0.446,0.3,1.1,0.247,0.4,0.5,0.743,0.6,1.5,2.2,2.3,0.25,0.12,1.19,4.6,5.7
201228,254,C.J. Watson,ORL,62,16.6,1.5,4,0.387,0.5,1.7,0.305,0.9,1.1,0.864,0.3,1.2,1.4,1.8,0.69,0.03,0.76,4.5,5.2
201147,255,Corey Brewer,LAL,82,15.6,1.8,4.2,0.422,0.3,1.4,0.229,0.6,0.8,0.735,0.4,1.6,2,1.2,0.74,0.24,0.67,4.5,5.4
202722,256,Davis Bertans,SAS,67,12.1,1.5,3.5,0.44,1,2.6,0.399,0.4,0.5,0.824,0.3,1.1,1.5,0.7,0.3,0.42,0.48,4.5,4.9
203943,257,Noah Vonleh,POR,74,17.1,1.8,3.6,0.481,0.1,0.3,0.35,0.8,1.3,0.638,1.8,3.5,5.2,0.4,0.41,0.36,0.86,4.4,7.6
1626169,258,Stanley Johnson,DET,77,17.8,1.7,4.7,0.353,0.6,2,0.292,0.5,0.7,0.679,0.5,2,2.5,1.4,0.73,0.31,0.92,4.4,5.1
1627827,259,Dorian Finney-Smith,DAL,81,20.3,1.5,4.1,0.372,0.7,2.4,0.293,0.6,0.8,0.754,0.7,2.1,2.7,0.8,0.64,0.31,0.56,4.3,5.5
1891,260,Jason Terry,MIL,74,18.4,1.4,3.3,0.432,1,2.3,0.427,0.3,0.4,0.828,0.2,1.2,1.4,1.3,0.62,0.27,0.49,4.1,5.4
1627775,261,Patrick McCaw,GSW,71,15.1,1.5,3.5,0.433,0.6,1.7,0.333,0.4,0.5,0.784,0.3,1.1,1.4,1.1,0.45,0.21,0.51,4,4.5
201973,262,Jonas Jerebko,BOS,78,15.8,1.5,3.4,0.435,0.6,1.7,0.346,0.3,0.5,0.703,0.8,2.7,3.5,0.9,0.32,0.22,0.5,3.8,6.2
1627739,263,Kris Dunn,MIN,78,17.1,1.5,4,0.377,0.3,0.9,0.288,0.5,0.8,0.61,0.3,1.8,2.1,2.4,1,0.46,1.14,3.8,5.8
1626145,264,Tyus Jones,MIN,60,12.9,1.3,3,0.414,0.4,1.2,0.356,0.6,0.7,0.767,0.2,1,1.1,2.6,0.8,0.08,0.63,3.5,5.5
203937,265,Kyle Anderson,SAS,72,14.2,1.3,2.9,0.445,0.2,0.6,0.375,0.6,0.8,0.789,0.5,2.4,2.9,1.3,0.71,0.36,0.54,3.4,6.3
1626257,266,Salah Mejri,DAL,73,12.4,1.2,1.9,0.642,0,0,0.333,0.5,0.8,0.59,1.3,2.9,4.2,0.2,0.44,0.84,0.55,2.9,7
202730,267,Lavoy Allen,IND,61,14.3,1.3,2.8,0.458,0,0,0,0.4,0.5,0.697,1.7,1.9,3.6,0.9,0.3,0.39,0.48,2.9,6
203902,268,Semaj Christon,OKC,64,15.2,1.2,3.5,0.345,0.2,1,0.19,0.3,0.5,0.548,0.3,1.1,1.4,2,0.44,0.11,0.67,2.9,3.6
202325,269,Wesley Johnson,LAC,68,11.9,1.1,2.9,0.365,0.4,1.7,0.246,0.2,0.3,0.647,0.4,2.3,2.7,0.3,0.43,0.44,0.26,2.7,4.4
202732,270,DeAndre Liggins,DAL,62,12.5,0.9,2.3,0.387,0.3,0.7,0.37,0.4,0.6,0.625,0.3,1.4,1.7,0.9,0.76,0.23,0.68,2.5,3.7
202332,271,Cole Aldrich,MIN,62,8.6,0.7,1.4,0.523,0,0,0,0.2,0.4,0.682,0.8,1.7,2.5,0.4,0.4,0.37,0.27,1.7,4.4
,,,,,,,,,,,,,,,,,,,,,,,
https://stats.nba.com/leaders/?Season=2016-17&SeasonType=Regular%20Season,,,,,,,,,,,,,,,,,,,,,,,