-- MySQL dump 10.13  Distrib 5.7.17, for macos10.12 (x86_64)
--
-- Host: ix.cs.uoregon.edu    Database: nba
-- ------------------------------------------------------
-- Server version	5.7.18

/*!40101 SET @OLD_CHARACTER_SET_CLIENT=@@CHARACTER_SET_CLIENT */;
/*!40101 SET @OLD_CHARACTER_SET_RESULTS=@@CHARACTER_SET_RESULTS */;
/*!40101 SET @OLD_COLLATION_CONNECTION=@@COLLATION_CONNECTION */;
/*!40101 SET NAMES utf8 */;
/*!40103 SET @OLD_TIME_ZONE=@@TIME_ZONE */;
/*!40103 SET TIME_ZONE='+00:00' */;
/*!40014 SET @OLD_UNIQUE_CHECKS=@@UNIQUE_CHECKS, UNIQUE_CHECKS=0 */;
/*!40014 SET @OLD_FOREIGN_KEY_CHECKS=@@FOREIGN_KEY_CHECKS, FOREIGN_KEY_CHECKS=0 */;
/*!40101 SET @OLD_SQL_MODE=@@SQL_MODE, SQL_MODE='NO_AUTO_VALUE_ON_ZERO' */;
/*!40111 SET @OLD_SQL_NOTES=@@SQL_NOTES, SQL_NOTES=0 */;

--
-- Table structure for table `awards`
--

DROP TABLE IF EXISTS `awards`;
/*!40101 SET @saved_cs_client     = @@character_set_client */;
/*!40101 SET character_set_client = utf8 */;
CREATE TABLE `awards` (
  `AWARD_ID` int(11) DEFAULT NULL,
  `AWARD_NAME` text
) ENGINE=InnoDB DEFAULT CHARSET=latin1;
/*!40101 SET character_set_client = @saved_cs_client */;

--
-- Dumping data for table `awards`
--

LOCK TABLES `awards` WRITE;
/*!40000 ALTER TABLE `awards` DISABLE KEYS */;
INSERT INTO `awards` VALUES (1,'ALL_STAR'),(2,'All-Rookie \r1st_Team'),(3,'All-Rookie \r2nd_Team'),(4,'All_Defensive 1st_Team'),(5,'All_Defensive 2nd_Team'),(6,'All_NBA 1st_Team'),(7,'All_NBA 2nd_Team'),(8,'All_NBA 3rd_Team'),(9,'Rookies of the November'),(10,'Rookies of the December'),(11,'Rookies of the January'),(12,'Rookies of the February'),(13,'Rookies of the March'),(14,'Rookies of the April'),(15,'Player of the November'),(16,'Player of the December'),(17,'Player of the January'),(18,'Player of the February'),(19,'Player of the March'),(20,'Player of the April'),(21,'Player of the Week1'),(22,'Player of the Week2'),(23,'Player of the Week3'),(24,'Player of the Week4'),(25,'Player of the Week5'),(26,'Player of the Week6'),(27,'Player of the Week7'),(28,'Player of the Week8'),(29,'Player of the Week9'),(30,'Player of the Week10'),(31,'Player of the Week11'),(32,'Player of the Week12'),(33,'Player of the Week13'),(34,'Player of the Week14'),(35,'Player of the Week15'),(36,'Player of the Week16'),(37,'Player of the Week17'),(38,'Player of the Week18'),(39,'Player of the Week19'),(40,'Player of the Week20'),(41,'Player of the Week21'),(42,'Player of the Week22'),(43,'Most Valuable Player'),(44,'Defensive Player of the Year'),(45,'Rookie of the Year'),(46,'Sixth Man of the Year'),(47,'Most Improved Player'),(48,'NBA Sportsmanship Award'),(49,'Community Assist Award');
/*!40000 ALTER TABLE `awards` ENABLE KEYS */;
UNLOCK TABLES;

--
-- Table structure for table `awards_granted`
--

DROP TABLE IF EXISTS `awards_granted`;
/*!40101 SET @saved_cs_client     = @@character_set_client */;
/*!40101 SET character_set_client = utf8 */;
CREATE TABLE `awards_granted` (
  `AWARD_ID` int(11) DEFAULT NULL,
  `PLAYER_ID` int(11) DEFAULT NULL
) ENGINE=InnoDB DEFAULT CHARSET=latin1;
/*!40101 SET character_set_client = @saved_cs_client */;

--
-- Dumping data for table `awards_granted`
--

LOCK TABLES `awards_granted` WRITE;
/*!40000 ALTER TABLE `awards_granted` DISABLE KEYS */;
INSERT INTO `awards_granted` VALUES (1,203507),(1,2546),(1,202710),(1,201942),(1,202331),(1,202681),(1,2544),(1,201567),(1,200768),(1,200794),(1,202738),(1,202689),(1,202322),(1,202326),(1,201939),(1,203076),(1,201142),(1,201188),(1,203110),(1,201935),(1,202330),(1,201599),(1,202695),(1,202691),(1,201566),(2,1627763),(2,203954),(2,1626195),(2,1627741),(2,203967),(3,1627759),(3,1627737),(3,1627812),(3,1627742),(3,1627750),(4,201976),(4,203497),(4,203110),(4,202695),(4,101108),(5,2754),(5,203507),(5,203076),(5,201980),(5,203460),(6,203076),(6,201935),(6,2544),(6,202695),(6,201566),(7,203507),(7,201939),(7,201142),(7,203497),(7,202738),(8,202710),(8,201942),(8,203110),(8,201599),(8,202322),(9,203954),(10,203954),(11,203954),(12,203967),(13,203967),(14,1626195),(9,1627750),(10,1627741),(11,1627737),(12,1627812),(13,1627741),(14,1627755),(15,2544),(16,202322),(17,202738),(18,2544),(19,203507),(20,202331),(15,201566),(16,201935),(17,201939),(18,201566),(19,203081),(20,101108),(21,2544),(22,2544),(23,201942),(24,202710),(25,201567),(26,203507),(27,2544),(28,201942),(29,202738),(30,202322),(31,202710),(32,201942),(33,203954),(34,203079),(35,202738),(36,2544),(37,202689),(38,202322),(39,202355),(40,201942),(41,202710),(42,202331),(21,201566),(22,201588),(23,201935),(24,203076),(25,201142),(26,201566),(27,201188),(28,201935),(29,201566),(30,201935),(31,201939),(32,202330),(33,202695),(34,202326),(35,201939),(36,201933),(37,202695),(38,1626157),(39,203081),(40,201935),(41,201939),(42,201566),(43,201566),(44,203110),(45,1627763),(46,201569),(47,203507),(48,202689),(49,202738);
/*!40000 ALTER TABLE `awards_granted` ENABLE KEYS */;
UNLOCK TABLES;

--
-- Table structure for table `coach`
--

DROP TABLE IF EXISTS `coach`;
/*!40101 SET @saved_cs_client     = @@character_set_client */;
/*!40101 SET character_set_client = utf8 */;
CREATE TABLE `coach` (
  `TEAM_ID` int(11) DEFAULT NULL,
  `COACH_ID` int(11) DEFAULT NULL,
  `COACH_NAME` text,
  `START_DATE` text,
  `BIRTHDAY` text
) ENGINE=InnoDB DEFAULT CHARSET=latin1;
/*!40101 SET character_set_client = @saved_cs_client */;

--
-- Dumping data for table `coach`
--

LOCK TABLES `coach` WRITE;
/*!40000 ALTER TABLE `coach` DISABLE KEYS */;
INSERT INTO `coach` VALUES (1610612737,1,'Mike Budenholzer','May 28, 2013','August 6, 1969'),(1610612738,2,'Brad Stevens','July 3, 2013','October 22, 1976'),(1610612751,3,'Kenny Atkinson','April 17, 2016',' June 2, 1967'),(1610612766,4,'Steve Clifford','May 29, 2013','September 17, 1961'),(1610612741,5,'Fred Hoiberg','June 2, 2015','October 15, 1972'),(1610612739,6,'Tyronn Lue','January 22, 2016','May 3, 1977'),(1610612742,7,'Rick Carlisle','May 9, 2008','October 27, 1959'),(1610612743,8,'Michael Malone','June 15, 2015','June, 1, 1971'),(1610612765,9,'Stan Van Gundy','May 14, 2014','August 26, 1959'),(1610612744,10,'Steve Kerr','May 19, 2014','September 27, 1965'),(1610612745,11,'Mike D\'Antoni','June 1, 2016 ','May 8, 1951'),(1610612754,12,'Nate McMillan','May 16, 2016','August 3, 1964'),(1610612746,13,'Doc Rivers','June 25, 2013','October 13, 1961'),(1610612747,14,'Luke Walton','April 29, 2016','March 28, 1980'),(1610612763,15,'David Fizdale','May 29, 2016','June 16, 1974'),(1610612748,16,'Erik Spoelstra','April 28, 2008','November 1, 1970'),(1610612749,17,'Jason Kidd','July 1, 2014','March 23, 1973'),(1610612750,18,'Tom Thibodeau','April 20, 2016','January 17, 1958'),(1610612740,19,'Alvin Gentry','May 30, 2015','November 5, 1954'),(1610612752,20,'Jeff Hornacek','June 2, 2016','May 3, 1963'),(1610612760,21,'Billy Donovan','April 30, 2015','May 30, 1965'),(1610612753,22,'Frank Vogel','May 20, 2016','June 21, 1973'),(1610612755,23,'Brett Brown','August 14, 2013','February 16, 1961'),(1610612756,24,'Jay Triano','October 22, 2017','September 21, 1958'),(1610612757,25,'Terry Stotts','August 7, 2012','November 25, 1957'),(1610612758,26,'Dave Joerger','May 9, 2016','February 21, 1974'),(1610612759,27,'Gregg Popovich','December 10, 1996','January 28, 1949'),(1610612761,28,'Dwane Casey','June 21, 2011','April 17, 1957'),(1610612762,29,'Quin Snyder','June 6, 2014','October 30, 1966'),(1610612764,30,'Scott Brooks','April 26, 2016','July 31, 1965');
/*!40000 ALTER TABLE `coach` ENABLE KEYS */;
UNLOCK TABLES;

--
-- Table structure for table `games`
--

DROP TABLE IF EXISTS `games`;
/*!40101 SET @saved_cs_client     = @@character_set_client */;
/*!40101 SET character_set_client = utf8 */;
CREATE TABLE `games` (
  `GAME_ID` int(11) DEFAULT NULL,
  `Date` text,
  `Start (ET)` text,
  `Visitor_ID` int(11) DEFAULT NULL,
  `Visitor_PTS` int(11) DEFAULT NULL,
  `Home_ID` int(11) DEFAULT NULL,
  `Home_PTS` int(11) DEFAULT NULL,
  `Notes` text
) ENGINE=InnoDB DEFAULT CHARSET=latin1;
/*!40101 SET character_set_client = @saved_cs_client */;

--
-- Dumping data for table `games`
--

LOCK TABLES `games` WRITE;
/*!40000 ALTER TABLE `games` DISABLE KEYS */;
INSERT INTO `games` VALUES (1,'Tue, Oct 25, 2016','7:30 PM',1610612752,88,1610612739,117,''),(2,'Tue, Oct 25, 2016','10:30 PM',1610612759,129,1610612744,100,''),(3,'Tue, Oct 25, 2016','10:00 PM',1610612762,104,1610612757,113,''),(4,'Wed, Oct 26, 2016','7:30 PM',1610612751,117,1610612738,122,''),(5,'Wed, Oct 26, 2016','7:00 PM',1610612742,121,1610612754,130,'OT'),(6,'Wed, Oct 26, 2016','10:30 PM',1610612745,114,1610612747,120,''),(7,'Wed, Oct 26, 2016','8:00 PM',1610612750,98,1610612763,102,''),(8,'Wed, Oct 26, 2016','8:00 PM',1610612766,107,1610612749,96,''),(9,'Wed, Oct 26, 2016','8:00 PM',1610612743,107,1610612740,102,''),(10,'Wed, Oct 26, 2016','7:00 PM',1610612748,108,1610612753,96,''),(11,'Wed, Oct 26, 2016','8:00 PM',1610612760,103,1610612755,97,''),(12,'Wed, Oct 26, 2016','10:00 PM',1610612758,113,1610612756,94,''),(13,'Wed, Oct 26, 2016','7:30 PM',1610612765,91,1610612761,109,''),(14,'Thu, Oct 27, 2016','7:30 PM',1610612764,99,1610612737,114,''),(15,'Thu, Oct 27, 2016','8:00 PM',1610612738,99,1610612741,105,''),(16,'Thu, Oct 27, 2016','10:30 PM',1610612746,114,1610612757,106,''),(17,'Thu, Oct 27, 2016','10:30 PM',1610612759,102,1610612758,94,''),(18,'Fri, Oct 28, 2016','7:30 PM',1610612754,94,1610612751,103,''),(19,'Fri, Oct 28, 2016','8:30 PM',1610612745,106,1610612742,98,''),(20,'Fri, Oct 28, 2016','7:30 PM',1610612753,82,1610612765,108,''),(21,'Fri, Oct 28, 2016','8:00 PM',1610612766,97,1610612748,91,''),(22,'Fri, Oct 28, 2016','9:30 PM',1610612744,122,1610612740,114,''),(23,'Fri, Oct 28, 2016','8:00 PM',1610612756,110,1610612760,113,'OT'),(24,'Fri, Oct 28, 2016','7:00 PM',1610612739,94,1610612761,91,''),(25,'Fri, Oct 28, 2016','9:00 PM',1610612747,89,1610612762,96,''),(26,'Sat, Oct 29, 2016','8:00 PM',1610612754,101,1610612741,118,''),(27,'Sat, Oct 29, 2016','7:00 PM',1610612738,104,1610612766,98,''),(28,'Sat, Oct 29, 2016','7:30 PM',1610612753,99,1610612739,105,''),(29,'Sat, Oct 29, 2016','9:00 PM',1610612757,115,1610612743,113,'OT'),(30,'Sat, Oct 29, 2016','8:00 PM',1610612751,108,1610612749,110,''),(31,'Sat, Oct 29, 2016','7:30 PM',1610612763,104,1610612752,111,''),(32,'Sat, Oct 29, 2016','12:30 PM',1610612737,104,1610612755,72,''),(33,'Sat, Oct 29, 2016','10:30 PM',1610612750,103,1610612758,106,''),(34,'Sat, Oct 29, 2016','8:00 PM',1610612740,79,1610612759,98,''),(35,'Sun, Oct 30, 2016','6:00 PM',1610612749,83,1610612765,98,''),(36,'Sun, Oct 30, 2016','8:00 PM',1610612742,92,1610612745,93,''),(37,'Sun, Oct 30, 2016','4:30 PM',1610612762,75,1610612746,88,''),(38,'Sun, Oct 30, 2016','8:00 PM',1610612764,103,1610612763,112,'OT'),(39,'Sun, Oct 30, 2016','6:00 PM',1610612759,106,1610612748,99,''),(40,'Sun, Oct 30, 2016','7:00 PM',1610612747,96,1610612760,113,''),(41,'Sun, Oct 30, 2016','6:00 PM',1610612744,106,1610612756,100,''),(42,'Mon, Oct 31, 2016','7:30 PM',1610612758,95,1610612737,106,''),(43,'Mon, Oct 31, 2016','7:30 PM',1610612741,118,1610612751,88,''),(44,'Mon, Oct 31, 2016','10:30 PM',1610612756,98,1610612746,116,''),(45,'Mon, Oct 31, 2016','7:30 PM',1610612743,102,1610612761,105,''),(46,'Tue, Nov 1, 2016','6:00 PM',1610612745,120,1610612739,128,''),(47,'Tue, Nov 1, 2016','7:30 PM',1610612752,89,1610612765,102,''),(48,'Tue, Nov 1, 2016','7:00 PM',1610612747,108,1610612754,115,''),(49,'Tue, Nov 1, 2016','7:30 PM',1610612758,96,1610612748,108,'OT'),(50,'Tue, Nov 1, 2016','8:00 PM',1610612763,80,1610612750,116,''),(51,'Tue, Nov 1, 2016','8:00 PM',1610612749,117,1610612740,113,''),(52,'Tue, Nov 1, 2016','7:00 PM',1610612753,103,1610612755,101,''),(53,'Tue, Nov 1, 2016','10:00 PM',1610612744,127,1610612757,104,''),(54,'Tue, Nov 1, 2016','8:30 PM',1610612762,106,1610612759,91,''),(55,'Wed, Nov 2, 2016','7:30 PM',1610612747,123,1610612737,116,''),(56,'Wed, Nov 2, 2016','8:00 PM',1610612741,100,1610612738,107,''),(57,'Wed, Nov 2, 2016','7:30 PM',1610612765,101,1610612751,109,''),(58,'Wed, Nov 2, 2016','7:00 PM',1610612755,93,1610612766,109,''),(59,'Wed, Nov 2, 2016','10:30 PM',1610612760,85,1610612746,83,''),(60,'Wed, Nov 2, 2016','8:00 PM',1610612740,83,1610612763,89,'OT'),(61,'Wed, Nov 2, 2016','7:30 PM',1610612745,118,1610612752,99,''),(62,'Wed, Nov 2, 2016','10:00 PM',1610612757,115,1610612756,118,'OT'),(63,'Wed, Nov 2, 2016','9:00 PM',1610612742,81,1610612762,97,''),(64,'Wed, Nov 2, 2016','7:00 PM',1610612761,113,1610612764,103,''),(65,'Thu, Nov 3, 2016','8:00 PM',1610612738,122,1610612739,128,''),(66,'Thu, Nov 3, 2016','10:30 PM',1610612760,96,1610612744,122,''),(67,'Thu, Nov 3, 2016','8:00 PM',1610612754,107,1610612749,125,''),(68,'Thu, Nov 3, 2016','8:00 PM',1610612743,102,1610612750,99,''),(69,'Thu, Nov 3, 2016','7:00 PM',1610612758,94,1610612753,102,''),(70,'Fri, Nov 4, 2016','7:30 PM',1610612766,99,1610612751,95,''),(71,'Fri, Nov 4, 2016','8:00 PM',1610612752,117,1610612741,104,''),(72,'Fri, Nov 4, 2016','8:30 PM',1610612757,105,1610612742,95,''),(73,'Fri, Nov 4, 2016','10:30 PM',1610612744,97,1610612747,117,''),(74,'Fri, Nov 4, 2016','8:00 PM',1610612746,99,1610612763,88,''),(75,'Fri, Nov 4, 2016','8:00 PM',1610612756,112,1610612740,111,'OT'),(76,'Fri, Nov 4, 2016','7:30 PM',1610612748,87,1610612761,96,''),(77,'Fri, Nov 4, 2016','9:00 PM',1610612759,100,1610612762,86,''),(78,'Fri, Nov 4, 2016','7:00 PM',1610612737,92,1610612764,95,''),(79,'Sat, Nov 5, 2016','7:30 PM',1610612745,97,1610612737,112,''),(80,'Sat, Nov 5, 2016','7:00 PM',1610612743,86,1610612765,103,''),(81,'Sat, Nov 5, 2016','7:00 PM',1610612741,94,1610612754,111,''),(82,'Sat, Nov 5, 2016','8:00 PM',1610612758,91,1610612749,117,''),(83,'Sat, Nov 5, 2016','6:00 PM',1610612750,92,1610612760,112,''),(84,'Sat, Nov 5, 2016','7:00 PM',1610612764,86,1610612753,88,''),(85,'Sat, Nov 5, 2016','7:00 PM',1610612739,102,1610612755,101,''),(86,'Sat, Nov 5, 2016','8:30 PM',1610612746,116,1610612759,92,''),(87,'Sun, Nov 6, 2016','7:30 PM',1610612743,123,1610612738,107,''),(88,'Sun, Nov 6, 2016','7:00 PM',1610612749,75,1610612742,86,'OT'),(89,'Sun, Nov 6, 2016','9:30 PM',1610612756,108,1610612747,119,''),(90,'Sun, Nov 6, 2016','3:30 PM',1610612757,100,1610612763,94,''),(91,'Sun, Nov 6, 2016','12:00 PM',1610612762,114,1610612752,109,''),(92,'Sun, Nov 6, 2016','6:00 PM',1610612758,96,1610612761,91,''),(93,'Mon, Nov 7, 2016','8:00 PM',1610612753,80,1610612741,112,''),(94,'Mon, Nov 7, 2016','7:00 PM',1610612754,100,1610612766,122,''),(95,'Mon, Nov 7, 2016','10:30 PM',1610612740,106,1610612744,116,''),(96,'Mon, Nov 7, 2016','10:30 PM',1610612765,82,1610612746,114,''),(97,'Mon, Nov 7, 2016','8:00 PM',1610612748,85,1610612760,97,''),(98,'Mon, Nov 7, 2016','7:00 PM',1610612762,109,1610612755,84,''),(99,'Mon, Nov 7, 2016','7:00 PM',1610612745,114,1610612764,106,''),(100,'Tue, Nov 8, 2016','7:30 PM',1610612750,110,1610612751,119,''),(101,'Tue, Nov 8, 2016','7:00 PM',1610612737,110,1610612739,106,''),(102,'Tue, Nov 8, 2016','10:30 PM',1610612742,109,1610612747,97,''),(103,'Tue, Nov 8, 2016','8:00 PM',1610612743,107,1610612763,108,''),(104,'Tue, Nov 8, 2016','10:00 PM',1610612756,121,1610612757,124,''),(105,'Tue, Nov 8, 2016','10:30 PM',1610612740,94,1610612758,102,''),(106,'Wed, Nov 9, 2016','7:30 PM',1610612741,107,1610612737,115,''),(107,'Wed, Nov 9, 2016','7:00 PM',1610612762,98,1610612766,104,''),(108,'Wed, Nov 9, 2016','10:30 PM',1610612742,95,1610612744,116,''),(109,'Wed, Nov 9, 2016','7:00 PM',1610612755,115,1610612754,122,'OT'),(110,'Wed, Nov 9, 2016','10:30 PM',1610612757,80,1610612746,111,''),(111,'Wed, Nov 9, 2016','7:00 PM',1610612751,96,1610612752,110,''),(112,'Wed, Nov 9, 2016','8:00 PM',1610612761,112,1610612760,102,''),(113,'Wed, Nov 9, 2016','7:00 PM',1610612750,123,1610612753,107,''),(114,'Wed, Nov 9, 2016','9:00 PM',1610612765,100,1610612756,107,''),(115,'Wed, Nov 9, 2016','9:30 PM',1610612745,101,1610612759,99,''),(116,'Wed, Nov 9, 2016','7:00 PM',1610612738,93,1610612764,118,''),(117,'Thu, Nov 10, 2016','9:00 PM',1610612744,125,1610612743,101,''),(118,'Thu, Nov 10, 2016','8:00 PM',1610612741,98,1610612748,95,''),(119,'Thu, Nov 10, 2016','8:00 PM',1610612740,112,1610612749,106,''),(120,'Thu, Nov 10, 2016','10:30 PM',1610612747,101,1610612758,91,''),(121,'Fri, Nov 11, 2016','7:30 PM',1610612752,87,1610612738,115,''),(122,'Fri, Nov 11, 2016','7:00 PM',1610612761,113,1610612766,111,''),(123,'Fri, Nov 11, 2016','8:00 PM',1610612746,110,1610612760,108,''),(124,'Fri, Nov 11, 2016','7:00 PM',1610612762,87,1610612753,74,''),(125,'Fri, Nov 11, 2016','7:00 PM',1610612754,105,1610612755,109,'OT'),(126,'Fri, Nov 11, 2016','10:00 PM',1610612758,120,1610612757,122,'OT'),(127,'Fri, Nov 11, 2016','8:30 PM',1610612765,86,1610612759,96,''),(128,'Fri, Nov 11, 2016','7:00 PM',1610612739,105,1610612764,94,''),(129,'Sat, Nov 12, 2016','7:30 PM',1610612755,96,1610612737,117,''),(130,'Sat, Nov 12, 2016','8:00 PM',1610612764,95,1610612741,106,''),(131,'Sat, Nov 12, 2016','9:00 PM',1610612765,106,1610612743,95,''),(132,'Sat, Nov 12, 2016','8:00 PM',1610612759,106,1610612745,100,''),(133,'Sat, Nov 12, 2016','7:00 PM',1610612738,105,1610612754,99,''),(134,'Sat, Nov 12, 2016','8:00 PM',1610612762,102,1610612748,91,''),(135,'Sat, Nov 12, 2016','8:30 PM',1610612763,96,1610612749,106,''),(136,'Sat, Nov 12, 2016','8:00 PM',1610612746,119,1610612750,105,''),(137,'Sat, Nov 12, 2016','7:00 PM',1610612747,126,1610612740,99,''),(138,'Sat, Nov 12, 2016','9:00 PM',1610612751,122,1610612756,104,''),(139,'Sat, Nov 12, 2016','7:30 PM',1610612752,107,1610612761,118,''),(140,'Sun, Nov 13, 2016','3:30 PM',1610612766,93,1610612739,100,''),(141,'Sun, Nov 13, 2016','8:00 PM',1610612756,120,1610612744,133,''),(142,'Sun, Nov 13, 2016','7:00 PM',1610612747,99,1610612750,125,''),(143,'Sun, Nov 13, 2016','7:00 PM',1610612753,119,1610612760,117,''),(144,'Sun, Nov 13, 2016','9:00 PM',1610612743,105,1610612757,112,''),(145,'Mon, Nov 14, 2016','7:30 PM',1610612760,88,1610612765,104,''),(146,'Mon, Nov 14, 2016','8:00 PM',1610612755,88,1610612745,115,''),(147,'Mon, Nov 14, 2016','7:00 PM',1610612753,69,1610612754,88,''),(148,'Mon, Nov 14, 2016','10:30 PM',1610612751,95,1610612746,127,''),(149,'Mon, Nov 14, 2016','8:00 PM',1610612738,105,1610612740,106,''),(150,'Mon, Nov 14, 2016','7:30 PM',1610612742,77,1610612752,93,''),(151,'Mon, Nov 14, 2016','8:30 PM',1610612748,90,1610612759,94,''),(152,'Mon, Nov 14, 2016','9:00 PM',1610612763,102,1610612762,96,''),(153,'Tue, Nov 15, 2016','7:00 PM',1610612761,117,1610612739,121,''),(154,'Tue, Nov 15, 2016','10:30 PM',1610612751,118,1610612747,125,''),(155,'Tue, Nov 15, 2016','7:30 PM',1610612737,93,1610612748,90,''),(156,'Tue, Nov 15, 2016','8:00 PM',1610612766,115,1610612750,108,''),(157,'Tue, Nov 15, 2016','10:00 PM',1610612741,113,1610612757,88,''),(158,'Wed, Nov 16, 2016','7:30 PM',1610612749,100,1610612737,107,''),(159,'Wed, Nov 16, 2016','7:30 PM',1610612742,83,1610612738,90,''),(160,'Wed, Nov 16, 2016','9:00 PM',1610612756,104,1610612743,120,''),(161,'Wed, Nov 16, 2016','7:00 PM',1610612739,93,1610612754,103,''),(162,'Wed, Nov 16, 2016','10:30 PM',1610612763,111,1610612746,107,''),(163,'Wed, Nov 16, 2016','7:30 PM',1610612765,102,1610612752,105,''),(164,'Wed, Nov 16, 2016','8:00 PM',1610612745,103,1610612760,105,''),(165,'Wed, Nov 16, 2016','7:00 PM',1610612740,82,1610612753,89,''),(166,'Wed, Nov 16, 2016','7:00 PM',1610612764,102,1610612755,109,''),(167,'Wed, Nov 16, 2016','10:30 PM',1610612759,110,1610612758,105,''),(168,'Wed, Nov 16, 2016','8:00 PM',1610612744,127,1610612761,121,''),(169,'Thu, Nov 17, 2016','8:00 PM',1610612757,109,1610612745,126,''),(170,'Thu, Nov 17, 2016','7:30 PM',1610612749,73,1610612748,96,''),(171,'Thu, Nov 17, 2016','8:00 PM',1610612755,86,1610612750,110,''),(172,'Thu, Nov 17, 2016','10:30 PM',1610612741,85,1610612762,77,''),(173,'Thu, Nov 17, 2016','7:00 PM',1610612752,112,1610612764,119,''),(174,'Fri, Nov 18, 2016','8:00 PM',1610612744,104,1610612738,88,''),(175,'Fri, Nov 18, 2016','7:00 PM',1610612737,96,1610612766,100,''),(176,'Fri, Nov 18, 2016','7:30 PM',1610612765,81,1610612739,104,''),(177,'Fri, Nov 18, 2016','8:30 PM',1610612763,80,1610612742,64,''),(178,'Fri, Nov 18, 2016','9:00 PM',1610612761,113,1610612743,111,'OT'),(179,'Fri, Nov 18, 2016','7:00 PM',1610612756,116,1610612754,96,''),(180,'Fri, Nov 18, 2016','10:30 PM',1610612759,116,1610612747,107,''),(181,'Fri, Nov 18, 2016','8:00 PM',1610612757,101,1610612740,113,''),(182,'Fri, Nov 18, 2016','8:00 PM',1610612751,105,1610612760,124,''),(183,'Fri, Nov 18, 2016','10:30 PM',1610612746,121,1610612758,115,''),(184,'Sat, Nov 19, 2016','7:00 PM',1610612738,94,1610612765,92,''),(185,'Sat, Nov 19, 2016','5:00 PM',1610612762,102,1610612745,111,''),(186,'Sat, Nov 19, 2016','10:30 PM',1610612741,95,1610612746,102,''),(187,'Sat, Nov 19, 2016','8:00 PM',1610612750,71,1610612763,93,''),(188,'Sat, Nov 19, 2016','8:30 PM',1610612744,124,1610612749,121,''),(189,'Sat, Nov 19, 2016','7:00 PM',1610612766,116,1610612740,121,'OT'),(190,'Sat, Nov 19, 2016','7:00 PM',1610612742,87,1610612753,95,''),(191,'Sat, Nov 19, 2016','7:30 PM',1610612756,105,1610612755,120,''),(192,'Sat, Nov 19, 2016','7:00 PM',1610612748,114,1610612764,111,''),(193,'Sun, Nov 20, 2016','3:30 PM',1610612757,129,1610612751,109,''),(194,'Sun, Nov 20, 2016','9:00 PM',1610612762,91,1610612743,105,''),(195,'Sun, Nov 20, 2016','9:30 PM',1610612741,118,1610612747,110,''),(196,'Sun, Nov 20, 2016','12:00 PM',1610612737,94,1610612752,104,''),(197,'Sun, Nov 20, 2016','7:00 PM',1610612754,115,1610612760,111,'OT'),(198,'Sun, Nov 20, 2016','9:00 PM',1610612761,99,1610612758,102,''),(199,'Mon, Nov 21, 2016','7:00 PM',1610612763,105,1610612766,90,''),(200,'Mon, Nov 21, 2016','7:30 PM',1610612745,99,1610612765,96,''),(201,'Mon, Nov 21, 2016','7:00 PM',1610612744,120,1610612754,83,''),(202,'Mon, Nov 21, 2016','10:30 PM',1610612761,115,1610612746,123,''),(203,'Mon, Nov 21, 2016','8:00 PM',1610612753,89,1610612749,93,''),(204,'Mon, Nov 21, 2016','8:00 PM',1610612738,99,1610612750,93,''),(205,'Mon, Nov 21, 2016','7:00 PM',1610612748,94,1610612755,101,''),(206,'Mon, Nov 21, 2016','8:30 PM',1610612742,91,1610612759,96,''),(207,'Mon, Nov 21, 2016','7:00 PM',1610612756,101,1610612764,106,''),(208,'Tue, Nov 22, 2016','7:30 PM',1610612740,112,1610612737,94,''),(209,'Tue, Nov 22, 2016','9:00 PM',1610612741,107,1610612743,110,''),(210,'Tue, Nov 22, 2016','10:30 PM',1610612760,109,1610612747,111,''),(211,'Tue, Nov 22, 2016','7:30 PM',1610612757,103,1610612752,107,''),(212,'Wed, Nov 23, 2016','7:30 PM',1610612738,111,1610612751,92,''),(213,'Wed, Nov 23, 2016','7:00 PM',1610612759,119,1610612766,114,''),(214,'Wed, Nov 23, 2016','7:00 PM',1610612757,125,1610612739,137,''),(215,'Wed, Nov 23, 2016','8:30 PM',1610612746,124,1610612742,104,''),(216,'Wed, Nov 23, 2016','7:30 PM',1610612748,84,1610612765,107,''),(217,'Wed, Nov 23, 2016','10:30 PM',1610612747,106,1610612744,149,''),(218,'Wed, Nov 23, 2016','8:00 PM',1610612761,115,1610612745,102,''),(219,'Wed, Nov 23, 2016','7:00 PM',1610612737,96,1610612754,85,''),(220,'Wed, Nov 23, 2016','9:30 PM',1610612750,96,1610612740,117,''),(221,'Wed, Nov 23, 2016','7:00 PM',1610612756,92,1610612753,87,''),(222,'Wed, Nov 23, 2016','7:00 PM',1610612763,104,1610612755,99,'2OT'),(223,'Wed, Nov 23, 2016','10:30 PM',1610612760,101,1610612758,116,''),(224,'Wed, Nov 23, 2016','9:00 PM',1610612743,83,1610612762,108,''),(225,'Fri, Nov 25, 2016','1:00 PM',1610612759,109,1610612738,103,''),(226,'Fri, Nov 25, 2016','7:30 PM',1610612742,90,1610612739,128,''),(227,'Fri, Nov 25, 2016','9:00 PM',1610612760,132,1610612743,129,'OT'),(228,'Fri, Nov 25, 2016','7:30 PM',1610612746,97,1610612765,108,''),(229,'Fri, Nov 25, 2016','8:00 PM',1610612751,97,1610612754,118,''),(230,'Fri, Nov 25, 2016','10:30 PM',1610612744,109,1610612747,85,''),(231,'Fri, Nov 25, 2016','8:00 PM',1610612748,90,1610612763,81,''),(232,'Fri, Nov 25, 2016','8:00 PM',1610612761,105,1610612749,99,''),(233,'Fri, Nov 25, 2016','7:30 PM',1610612766,111,1610612752,113,'OT'),(234,'Fri, Nov 25, 2016','7:00 PM',1610612764,94,1610612753,91,''),(235,'Fri, Nov 25, 2016','7:30 PM',1610612741,105,1610612755,89,''),(236,'Fri, Nov 25, 2016','9:00 PM',1610612750,98,1610612756,85,''),(237,'Fri, Nov 25, 2016','10:00 PM',1610612740,104,1610612757,119,''),(238,'Fri, Nov 25, 2016','10:30 PM',1610612745,117,1610612758,104,''),(239,'Fri, Nov 25, 2016','8:00 PM',1610612737,68,1610612762,95,''),(240,'Sat, Nov 26, 2016','7:00 PM',1610612752,102,1610612766,107,''),(241,'Sat, Nov 26, 2016','10:30 PM',1610612750,102,1610612744,115,''),(242,'Sat, Nov 26, 2016','8:00 PM',1610612763,110,1610612748,107,''),(243,'Sat, Nov 26, 2016','8:00 PM',1610612765,88,1610612760,106,''),(244,'Sat, Nov 26, 2016','7:00 PM',1610612759,112,1610612764,100,''),(245,'Sun, Nov 27, 2016','6:00 PM',1610612758,122,1610612751,105,''),(246,'Sun, Nov 27, 2016','7:00 PM',1610612740,81,1610612742,91,''),(247,'Sun, Nov 27, 2016','6:00 PM',1610612746,70,1610612754,91,''),(248,'Sun, Nov 27, 2016','9:30 PM',1610612737,94,1610612747,109,''),(249,'Sun, Nov 27, 2016','6:00 PM',1610612749,104,1610612753,96,''),(250,'Sun, Nov 27, 2016','1:00 PM',1610612739,112,1610612755,108,''),(251,'Sun, Nov 27, 2016','3:30 PM',1610612743,120,1610612756,114,''),(252,'Sun, Nov 27, 2016','9:00 PM',1610612745,130,1610612757,114,''),(253,'Mon, Nov 28, 2016','10:30 PM',1610612737,100,1610612744,105,''),(254,'Mon, Nov 28, 2016','8:00 PM',1610612766,104,1610612763,85,''),(255,'Mon, Nov 28, 2016','7:30 PM',1610612738,112,1610612748,104,''),(256,'Mon, Nov 28, 2016','8:00 PM',1610612762,112,1610612750,103,''),(257,'Mon, Nov 28, 2016','7:30 PM',1610612760,112,1610612752,103,''),(258,'Mon, Nov 28, 2016','7:30 PM',1610612755,95,1610612761,122,''),(259,'Mon, Nov 28, 2016','7:00 PM',1610612758,95,1610612764,101,'OT'),(260,'Tue, Nov 29, 2016','7:30 PM',1610612746,122,1610612751,127,'2OT'),(261,'Tue, Nov 29, 2016','7:00 PM',1610612765,112,1610612766,89,''),(262,'Tue, Nov 29, 2016','8:00 PM',1610612739,101,1610612749,118,''),(263,'Tue, Nov 29, 2016','8:00 PM',1610612747,88,1610612740,105,''),(264,'Tue, Nov 29, 2016','8:30 PM',1610612753,95,1610612759,83,''),(265,'Tue, Nov 29, 2016','9:00 PM',1610612745,101,1610612762,120,''),(266,'Wed, Nov 30, 2016','7:30 PM',1610612765,121,1610612738,114,''),(267,'Wed, Nov 30, 2016','8:00 PM',1610612747,96,1610612741,90,''),(268,'Wed, Nov 30, 2016','8:30 PM',1610612759,94,1610612742,87,''),(269,'Wed, Nov 30, 2016','9:00 PM',1610612748,106,1610612743,98,''),(270,'Wed, Nov 30, 2016','8:00 PM',1610612752,106,1610612750,104,''),(271,'Wed, Nov 30, 2016','8:00 PM',1610612764,115,1610612760,126,'OT'),(272,'Wed, Nov 30, 2016','9:00 PM',1610612737,107,1610612756,109,''),(273,'Wed, Nov 30, 2016','10:00 PM',1610612754,109,1610612757,131,''),(274,'Wed, Nov 30, 2016','7:30 PM',1610612763,105,1610612761,120,''),(275,'Thu, Dec 1, 2016','7:30 PM',1610612749,111,1610612751,93,''),(276,'Thu, Dec 1, 2016','7:00 PM',1610612742,87,1610612766,97,''),(277,'Thu, Dec 1, 2016','8:00 PM',1610612746,113,1610612739,94,''),(278,'Thu, Dec 1, 2016','10:30 PM',1610612745,132,1610612744,127,'2OT'),(279,'Thu, Dec 1, 2016','8:00 PM',1610612753,94,1610612763,95,''),(280,'Thu, Dec 1, 2016','9:00 PM',1610612748,111,1610612762,110,''),(281,'Fri, Dec 2, 2016','8:00 PM',1610612765,121,1610612737,85,''),(282,'Fri, Dec 2, 2016','7:30 PM',1610612758,92,1610612738,97,''),(283,'Fri, Dec 2, 2016','8:00 PM',1610612739,105,1610612741,111,''),(284,'Fri, Dec 2, 2016','10:30 PM',1610612745,128,1610612743,110,''),(285,'Fri, Dec 2, 2016','8:00 PM',1610612746,114,1610612740,96,''),(286,'Fri, Dec 2, 2016','7:30 PM',1610612750,114,1610612752,118,''),(287,'Fri, Dec 2, 2016','7:00 PM',1610612753,105,1610612755,88,''),(288,'Fri, Dec 2, 2016','8:30 PM',1610612764,105,1610612759,107,''),(289,'Fri, Dec 2, 2016','7:30 PM',1610612747,80,1610612761,113,''),(290,'Sat, Dec 3, 2016','7:00 PM',1610612750,125,1610612766,120,'OT'),(291,'Sat, Dec 3, 2016','8:30 PM',1610612741,82,1610612742,107,''),(292,'Sat, Dec 3, 2016','10:30 PM',1610612756,109,1610612744,138,''),(293,'Sat, Dec 3, 2016','8:00 PM',1610612747,100,1610612763,103,''),(294,'Sat, Dec 3, 2016','5:00 PM',1610612751,103,1610612749,112,''),(295,'Sat, Dec 3, 2016','7:30 PM',1610612738,107,1610612755,106,''),(296,'Sat, Dec 3, 2016','10:00 PM',1610612748,92,1610612757,99,''),(297,'Sat, Dec 3, 2016','7:30 PM',1610612737,84,1610612761,128,''),(298,'Sat, Dec 3, 2016','9:00 PM',1610612743,98,1610612762,105,''),(299,'Sun, Dec 4, 2016','6:00 PM',1610612753,98,1610612765,92,''),(300,'Sun, Dec 4, 2016','9:30 PM',1610612754,111,1610612746,102,''),(301,'Sun, Dec 4, 2016','7:30 PM',1610612758,98,1610612752,106,''),(302,'Sun, Dec 4, 2016','7:00 PM',1610612740,92,1610612760,101,''),(303,'Mon, Dec 5, 2016','7:30 PM',1610612760,102,1610612737,99,''),(304,'Mon, Dec 5, 2016','7:30 PM',1610612764,118,1610612751,113,''),(305,'Mon, Dec 5, 2016','8:00 PM',1610612757,112,1610612741,110,''),(306,'Mon, Dec 5, 2016','8:30 PM',1610612766,109,1610612742,101,''),(307,'Mon, Dec 5, 2016','10:30 PM',1610612754,106,1610612744,142,''),(308,'Mon, Dec 5, 2016','8:00 PM',1610612738,106,1610612745,107,''),(309,'Mon, Dec 5, 2016','10:30 PM',1610612762,107,1610612747,101,''),(310,'Mon, Dec 5, 2016','8:00 PM',1610612759,97,1610612749,96,''),(311,'Mon, Dec 5, 2016','8:00 PM',1610612763,110,1610612740,108,'2OT'),(312,'Mon, Dec 5, 2016','7:00 PM',1610612743,106,1610612755,98,''),(313,'Mon, Dec 5, 2016','7:30 PM',1610612739,116,1610612761,112,''),(314,'Tue, Dec 6, 2016','7:30 PM',1610612741,91,1610612765,102,''),(315,'Tue, Dec 6, 2016','8:00 PM',1610612755,91,1610612763,96,''),(316,'Tue, Dec 6, 2016','7:30 PM',1610612752,114,1610612748,103,''),(317,'Tue, Dec 6, 2016','8:00 PM',1610612759,105,1610612750,91,''),(318,'Tue, Dec 6, 2016','9:00 PM',1610612756,105,1610612762,112,''),(319,'Tue, Dec 6, 2016','7:00 PM',1610612753,124,1610612764,116,''),(320,'Wed, Dec 7, 2016','7:30 PM',1610612748,95,1610612737,103,''),(321,'Wed, Dec 7, 2016','7:30 PM',1610612743,111,1610612751,116,''),(322,'Wed, Dec 7, 2016','7:00 PM',1610612765,77,1610612766,87,''),(323,'Wed, Dec 7, 2016','8:30 PM',1610612758,120,1610612742,89,''),(324,'Wed, Dec 7, 2016','8:00 PM',1610612747,95,1610612745,134,''),(325,'Wed, Dec 7, 2016','10:30 PM',1610612744,115,1610612746,98,''),(326,'Wed, Dec 7, 2016','8:00 PM',1610612757,107,1610612749,115,''),(327,'Wed, Dec 7, 2016','8:00 PM',1610612739,126,1610612752,94,''),(328,'Wed, Dec 7, 2016','7:00 PM',1610612738,117,1610612753,87,''),(329,'Wed, Dec 7, 2016','9:00 PM',1610612754,109,1610612756,94,''),(330,'Thu, Dec 8, 2016','9:30 PM',1610612759,91,1610612741,95,''),(331,'Thu, Dec 8, 2016','8:00 PM',1610612757,86,1610612763,88,''),(332,'Thu, Dec 8, 2016','8:00 PM',1610612755,99,1610612740,88,''),(333,'Thu, Dec 8, 2016','7:00 PM',1610612750,110,1610612761,124,''),(334,'Thu, Dec 8, 2016','9:00 PM',1610612744,106,1610612762,99,''),(335,'Thu, Dec 8, 2016','7:00 PM',1610612743,85,1610612764,92,''),(336,'Fri, Dec 9, 2016','7:30 PM',1610612761,101,1610612738,94,''),(337,'Fri, Dec 9, 2016','7:00 PM',1610612753,88,1610612766,109,''),(338,'Fri, Dec 9, 2016','7:30 PM',1610612748,84,1610612739,114,''),(339,'Fri, Dec 9, 2016','8:30 PM',1610612754,103,1610612742,111,''),(340,'Fri, Dec 9, 2016','10:30 PM',1610612756,119,1610612747,115,''),(341,'Fri, Dec 9, 2016','8:00 PM',1610612737,114,1610612749,110,''),(342,'Fri, Dec 9, 2016','8:00 PM',1610612765,117,1610612750,90,''),(343,'Fri, Dec 9, 2016','8:00 PM',1610612745,102,1610612760,99,''),(344,'Fri, Dec 9, 2016','10:30 PM',1610612752,103,1610612758,100,''),(345,'Sat, Dec 10, 2016','8:00 PM',1610612748,100,1610612741,105,''),(346,'Sat, Dec 10, 2016','7:30 PM',1610612766,105,1610612739,116,''),(347,'Sat, Dec 10, 2016','8:00 PM',1610612742,87,1610612745,109,''),(348,'Sat, Dec 10, 2016','7:00 PM',1610612757,111,1610612754,118,''),(349,'Sat, Dec 10, 2016','10:30 PM',1610612740,105,1610612746,133,''),(350,'Sat, Dec 10, 2016','8:00 PM',1610612744,89,1610612763,110,''),(351,'Sat, Dec 10, 2016','7:00 PM',1610612743,121,1610612753,113,''),(352,'Sat, Dec 10, 2016','8:30 PM',1610612751,101,1610612759,130,''),(353,'Sat, Dec 10, 2016','9:00 PM',1610612758,84,1610612762,104,''),(354,'Sat, Dec 10, 2016','7:00 PM',1610612749,105,1610612764,110,''),(355,'Sun, Dec 11, 2016','6:00 PM',1610612755,97,1610612765,79,''),(356,'Sun, Dec 11, 2016','9:30 PM',1610612752,118,1610612747,112,''),(357,'Sun, Dec 11, 2016','7:00 PM',1610612744,116,1610612750,108,''),(358,'Sun, Dec 11, 2016','7:00 PM',1610612738,96,1610612760,99,''),(359,'Sun, Dec 11, 2016','8:30 PM',1610612740,120,1610612756,119,'OT'),(360,'Mon, Dec 12, 2016','8:30 PM',1610612743,92,1610612742,112,''),(361,'Mon, Dec 12, 2016','8:00 PM',1610612751,118,1610612745,122,''),(362,'Mon, Dec 12, 2016','7:00 PM',1610612766,94,1610612754,110,''),(363,'Mon, Dec 12, 2016','10:30 PM',1610612757,120,1610612746,121,''),(364,'Mon, Dec 12, 2016','7:30 PM',1610612764,101,1610612748,112,''),(365,'Mon, Dec 12, 2016','10:30 PM',1610612747,92,1610612758,116,''),(366,'Mon, Dec 12, 2016','7:30 PM',1610612749,100,1610612761,122,''),(367,'Tue, Dec 13, 2016','7:30 PM',1610612753,131,1610612737,120,''),(368,'Tue, Dec 13, 2016','8:00 PM',1610612750,99,1610612741,94,''),(369,'Tue, Dec 13, 2016','7:00 PM',1610612763,86,1610612739,103,''),(370,'Tue, Dec 13, 2016','8:00 PM',1610612744,113,1610612740,109,''),(371,'Tue, Dec 13, 2016','9:00 PM',1610612752,111,1610612756,113,'OT'),(372,'Tue, Dec 13, 2016','10:30 PM',1610612760,95,1610612757,114,''),(373,'Wed, Dec 14, 2016','7:30 PM',1610612747,97,1610612751,107,''),(374,'Wed, Dec 14, 2016','8:30 PM',1610612765,95,1610612742,85,''),(375,'Wed, Dec 14, 2016','8:00 PM',1610612758,98,1610612745,132,''),(376,'Wed, Dec 14, 2016','8:00 PM',1610612739,85,1610612763,93,''),(377,'Wed, Dec 14, 2016','7:00 PM',1610612754,89,1610612748,95,''),(378,'Wed, Dec 14, 2016','7:00 PM',1610612746,113,1610612753,108,''),(379,'Wed, Dec 14, 2016','7:00 PM',1610612761,123,1610612755,114,''),(380,'Wed, Dec 14, 2016','9:30 PM',1610612738,101,1610612759,108,''),(381,'Wed, Dec 14, 2016','9:00 PM',1610612760,89,1610612762,109,''),(382,'Wed, Dec 14, 2016','7:00 PM',1610612766,106,1610612764,109,''),(383,'Thu, Dec 15, 2016','9:00 PM',1610612757,120,1610612743,132,''),(384,'Thu, Dec 15, 2016','10:30 PM',1610612752,90,1610612744,103,''),(385,'Thu, Dec 15, 2016','8:00 PM',1610612741,97,1610612749,108,''),(386,'Thu, Dec 15, 2016','8:00 PM',1610612754,95,1610612740,102,''),(387,'Thu, Dec 15, 2016','9:00 PM',1610612759,107,1610612756,92,''),(388,'Fri, Dec 16, 2016','7:30 PM',1610612766,88,1610612738,96,''),(389,'Fri, Dec 16, 2016','8:00 PM',1610612749,95,1610612741,69,''),(390,'Fri, Dec 16, 2016','8:00 PM',1610612740,100,1610612745,122,''),(391,'Fri, Dec 16, 2016','8:00 PM',1610612758,96,1610612763,92,''),(392,'Fri, Dec 16, 2016','8:00 PM',1610612746,102,1610612748,98,''),(393,'Fri, Dec 16, 2016','7:00 PM',1610612751,111,1610612753,118,''),(394,'Fri, Dec 16, 2016','8:00 PM',1610612747,100,1610612755,89,''),(395,'Fri, Dec 16, 2016','7:30 PM',1610612737,125,1610612761,121,''),(396,'Fri, Dec 16, 2016','10:30 PM',1610612742,100,1610612762,103,''),(397,'Fri, Dec 16, 2016','7:00 PM',1610612765,108,1610612764,122,''),(398,'Sat, Dec 17, 2016','7:30 PM',1610612766,107,1610612737,99,''),(399,'Sat, Dec 17, 2016','7:30 PM',1610612747,108,1610612739,119,''),(400,'Sat, Dec 17, 2016','9:00 PM',1610612752,114,1610612743,127,''),(401,'Sat, Dec 17, 2016','7:00 PM',1610612754,105,1610612765,90,''),(402,'Sat, Dec 17, 2016','10:30 PM',1610612757,90,1610612744,135,''),(403,'Sat, Dec 17, 2016','8:00 PM',1610612745,111,1610612750,109,'OT'),(404,'Sat, Dec 17, 2016','5:00 PM',1610612756,101,1610612760,114,''),(405,'Sun, Dec 18, 2016','4:00 PM',1610612758,79,1610612742,99,''),(406,'Sun, Dec 18, 2016','6:00 PM',1610612762,82,1610612763,73,''),(407,'Sun, Dec 18, 2016','6:00 PM',1610612738,105,1610612748,95,''),(408,'Sun, Dec 18, 2016','6:00 PM',1610612761,109,1610612753,79,''),(409,'Sun, Dec 18, 2016','6:00 PM',1610612751,107,1610612755,108,''),(410,'Sun, Dec 18, 2016','7:00 PM',1610612740,100,1610612759,113,''),(411,'Sun, Dec 18, 2016','3:30 PM',1610612746,110,1610612764,117,''),(412,'Mon, Dec 19, 2016','8:00 PM',1610612765,82,1610612741,113,''),(413,'Mon, Dec 19, 2016','9:00 PM',1610612742,107,1610612743,117,''),(414,'Mon, Dec 19, 2016','7:00 PM',1610612764,105,1610612754,107,''),(415,'Mon, Dec 19, 2016','8:00 PM',1610612756,108,1610612750,115,''),(416,'Mon, Dec 19, 2016','8:00 PM',1610612737,110,1610612760,108,''),(417,'Tue, Dec 20, 2016','7:00 PM',1610612747,113,1610612766,117,''),(418,'Tue, Dec 20, 2016','10:30 PM',1610612762,74,1610612744,104,''),(419,'Tue, Dec 20, 2016','8:00 PM',1610612759,102,1610612745,100,''),(420,'Tue, Dec 20, 2016','10:30 PM',1610612743,102,1610612746,119,''),(421,'Tue, Dec 20, 2016','8:00 PM',1610612738,112,1610612763,109,'OT'),(422,'Tue, Dec 20, 2016','7:30 PM',1610612753,136,1610612748,130,'2OT'),(423,'Tue, Dec 20, 2016','8:00 PM',1610612739,114,1610612749,108,'OT'),(424,'Tue, Dec 20, 2016','7:30 PM',1610612754,111,1610612752,118,''),(425,'Tue, Dec 20, 2016','7:00 PM',1610612740,108,1610612755,93,''),(426,'Tue, Dec 20, 2016','10:30 PM',1610612757,121,1610612758,126,''),(427,'Tue, Dec 20, 2016','7:30 PM',1610612751,104,1610612761,116,''),(428,'Wed, Dec 21, 2016','7:30 PM',1610612750,92,1610612737,84,''),(429,'Wed, Dec 21, 2016','8:00 PM',1610612764,107,1610612741,97,''),(430,'Wed, Dec 21, 2016','7:00 PM',1610612749,102,1610612739,113,''),(431,'Wed, Dec 21, 2016','7:30 PM',1610612763,98,1610612765,86,''),(432,'Wed, Dec 21, 2016','8:00 PM',1610612760,121,1610612740,110,''),(433,'Wed, Dec 21, 2016','9:00 PM',1610612745,125,1610612756,111,''),(434,'Wed, Dec 21, 2016','10:00 PM',1610612742,96,1610612757,95,''),(435,'Wed, Dec 21, 2016','9:00 PM',1610612758,94,1610612762,93,''),(436,'Thu, Dec 22, 2016','7:30 PM',1610612744,117,1610612751,101,''),(437,'Thu, Dec 22, 2016','7:00 PM',1610612738,109,1610612754,102,''),(438,'Thu, Dec 22, 2016','10:30 PM',1610612759,101,1610612746,106,''),(439,'Thu, Dec 22, 2016','8:00 PM',1610612747,107,1610612748,115,''),(440,'Thu, Dec 22, 2016','7:30 PM',1610612753,95,1610612752,106,''),(441,'Fri, Dec 23, 2016','7:30 PM',1610612760,117,1610612738,112,''),(442,'Fri, Dec 23, 2016','7:00 PM',1610612741,91,1610612766,103,''),(443,'Fri, Dec 23, 2016','7:30 PM',1610612751,99,1610612739,119,''),(444,'Fri, Dec 23, 2016','9:00 PM',1610612737,109,1610612743,108,''),(445,'Fri, Dec 23, 2016','7:30 PM',1610612744,119,1610612765,113,''),(446,'Fri, Dec 23, 2016','10:30 PM',1610612742,90,1610612746,88,''),(447,'Fri, Dec 23, 2016','8:00 PM',1610612745,109,1610612763,115,''),(448,'Fri, Dec 23, 2016','8:00 PM',1610612764,96,1610612749,123,''),(449,'Fri, Dec 23, 2016','8:00 PM',1610612758,109,1610612750,105,''),(450,'Fri, Dec 23, 2016','8:00 PM',1610612748,87,1610612740,91,''),(451,'Fri, Dec 23, 2016','7:00 PM',1610612747,90,1610612753,109,''),(452,'Fri, Dec 23, 2016','9:00 PM',1610612755,116,1610612756,123,''),(453,'Fri, Dec 23, 2016','10:00 PM',1610612759,110,1610612757,90,''),(454,'Fri, Dec 23, 2016','9:00 PM',1610612761,104,1610612762,98,''),(455,'Sun, Dec 25, 2016','2:30 PM',1610612744,108,1610612739,109,''),(456,'Sun, Dec 25, 2016','10:30 PM',1610612746,102,1610612747,111,''),(457,'Sun, Dec 25, 2016','12:00 PM',1610612738,119,1610612752,114,''),(458,'Sun, Dec 25, 2016','8:00 PM',1610612750,100,1610612760,112,''),(459,'Sun, Dec 25, 2016','5:00 PM',1610612741,100,1610612759,119,''),(460,'Mon, Dec 26, 2016','7:30 PM',1610612766,118,1610612751,120,''),(461,'Mon, Dec 26, 2016','8:00 PM',1610612754,85,1610612741,90,''),(462,'Mon, Dec 26, 2016','7:30 PM',1610612739,90,1610612765,106,''),(463,'Mon, Dec 26, 2016','8:00 PM',1610612756,115,1610612745,131,''),(464,'Mon, Dec 26, 2016','10:30 PM',1610612743,106,1610612746,102,''),(465,'Mon, Dec 26, 2016','8:00 PM',1610612737,90,1610612750,104,''),(466,'Mon, Dec 26, 2016','8:00 PM',1610612742,104,1610612740,111,''),(467,'Mon, Dec 26, 2016','7:00 PM',1610612763,102,1610612753,112,''),(468,'Mon, Dec 26, 2016','10:00 PM',1610612761,95,1610612757,91,''),(469,'Mon, Dec 26, 2016','10:30 PM',1610612755,100,1610612758,102,''),(470,'Mon, Dec 26, 2016','7:00 PM',1610612749,102,1610612764,107,''),(471,'Tue, Dec 27, 2016','7:30 PM',1610612763,103,1610612738,113,''),(472,'Tue, Dec 27, 2016','8:30 PM',1610612745,123,1610612742,107,''),(473,'Tue, Dec 27, 2016','10:30 PM',1610612762,102,1610612747,100,''),(474,'Tue, Dec 27, 2016','7:30 PM',1610612760,106,1610612748,94,''),(475,'Wed, Dec 28, 2016','7:30 PM',1610612752,98,1610612737,102,'OT'),(476,'Wed, Dec 28, 2016','8:00 PM',1610612751,99,1610612741,101,''),(477,'Wed, Dec 28, 2016','9:00 PM',1610612750,103,1610612743,105,''),(478,'Wed, Dec 28, 2016','7:30 PM',1610612749,119,1610612765,94,''),(479,'Wed, Dec 28, 2016','10:30 PM',1610612761,111,1610612744,121,''),(480,'Wed, Dec 28, 2016','8:00 PM',1610612746,98,1610612740,102,''),(481,'Wed, Dec 28, 2016','7:00 PM',1610612766,120,1610612753,101,''),(482,'Wed, Dec 28, 2016','10:00 PM',1610612758,89,1610612757,102,''),(483,'Wed, Dec 28, 2016','8:30 PM',1610612756,98,1610612759,119,''),(484,'Wed, Dec 28, 2016','7:00 PM',1610612754,105,1610612764,111,''),(485,'Thu, Dec 29, 2016','7:00 PM',1610612748,82,1610612766,91,''),(486,'Thu, Dec 29, 2016','8:00 PM',1610612738,118,1610612739,124,''),(487,'Thu, Dec 29, 2016','10:30 PM',1610612742,101,1610612747,89,''),(488,'Thu, Dec 29, 2016','8:00 PM',1610612760,80,1610612763,114,''),(489,'Thu, Dec 29, 2016','9:00 PM',1610612761,91,1610612756,99,''),(490,'Thu, Dec 29, 2016','9:00 PM',1610612755,83,1610612762,100,''),(491,'Fri, Dec 30, 2016','8:00 PM',1610612765,98,1610612737,105,''),(492,'Fri, Dec 30, 2016','7:30 PM',1610612748,114,1610612738,117,''),(493,'Fri, Dec 30, 2016','9:00 PM',1610612755,124,1610612743,122,''),(494,'Fri, Dec 30, 2016','10:30 PM',1610612742,99,1610612744,108,''),(495,'Fri, Dec 30, 2016','8:00 PM',1610612746,116,1610612745,140,''),(496,'Fri, Dec 30, 2016','4:00 PM',1610612741,101,1610612754,111,''),(497,'Fri, Dec 30, 2016','8:00 PM',1610612749,99,1610612750,116,''),(498,'Fri, Dec 30, 2016','8:00 PM',1610612752,92,1610612740,104,''),(499,'Fri, Dec 30, 2016','8:30 PM',1610612757,94,1610612759,110,''),(500,'Fri, Dec 30, 2016','7:00 PM',1610612751,95,1610612764,118,''),(501,'Sat, Dec 31, 2016','7:00 PM',1610612749,116,1610612741,96,''),(502,'Sat, Dec 31, 2016','7:00 PM',1610612739,121,1610612766,109,''),(503,'Sat, Dec 31, 2016','8:00 PM',1610612752,122,1610612745,129,''),(504,'Sat, Dec 31, 2016','8:00 PM',1610612746,88,1610612760,114,''),(505,'Sat, Dec 31, 2016','5:00 PM',1610612763,112,1610612758,98,''),(506,'Sat, Dec 31, 2016','8:00 PM',1610612756,86,1610612762,91,''),(507,'Sun, Jan 1, 2017','6:00 PM',1610612759,112,1610612737,114,'OT'),(508,'Sun, Jan 1, 2017','6:00 PM',1610612753,104,1610612754,117,''),(509,'Sun, Jan 1, 2017','9:30 PM',1610612761,123,1610612747,114,''),(510,'Sun, Jan 1, 2017','6:00 PM',1610612765,107,1610612748,98,''),(511,'Sun, Jan 1, 2017','7:00 PM',1610612757,95,1610612750,89,''),(512,'Mon, Jan 2, 2017','7:30 PM',1610612762,101,1610612751,89,''),(513,'Mon, Jan 2, 2017','8:00 PM',1610612766,111,1610612741,118,''),(514,'Mon, Jan 2, 2017','7:00 PM',1610612740,82,1610612739,90,''),(515,'Mon, Jan 2, 2017','10:30 PM',1610612743,119,1610612744,127,''),(516,'Mon, Jan 2, 2017','8:00 PM',1610612764,91,1610612745,101,''),(517,'Mon, Jan 2, 2017','10:30 PM',1610612756,98,1610612746,109,''),(518,'Mon, Jan 2, 2017','7:00 PM',1610612760,94,1610612749,98,''),(519,'Mon, Jan 2, 2017','7:30 PM',1610612753,115,1610612752,103,''),(520,'Tue, Jan 3, 2017','7:30 PM',1610612762,104,1610612738,115,''),(521,'Tue, Jan 3, 2017','8:30 PM',1610612764,105,1610612742,113,''),(522,'Tue, Jan 3, 2017','9:00 PM',1610612758,120,1610612743,113,''),(523,'Tue, Jan 3, 2017','7:30 PM',1610612754,121,1610612765,116,''),(524,'Tue, Jan 3, 2017','10:30 PM',1610612763,102,1610612747,116,''),(525,'Tue, Jan 3, 2017','7:00 PM',1610612750,91,1610612755,93,''),(526,'Tue, Jan 3, 2017','9:00 PM',1610612748,90,1610612756,99,''),(527,'Tue, Jan 3, 2017','8:30 PM',1610612761,82,1610612759,110,''),(528,'Wed, Jan 4, 2017','7:00 PM',1610612760,112,1610612766,123,''),(529,'Wed, Jan 4, 2017','8:00 PM',1610612741,106,1610612739,94,''),(530,'Wed, Jan 4, 2017','10:30 PM',1610612757,117,1610612744,125,''),(531,'Wed, Jan 4, 2017','10:30 PM',1610612763,106,1610612746,115,''),(532,'Wed, Jan 4, 2017','7:30 PM',1610612749,105,1610612752,104,''),(533,'Wed, Jan 4, 2017','7:00 PM',1610612737,111,1610612753,92,''),(534,'Wed, Jan 4, 2017','10:30 PM',1610612748,107,1610612758,102,''),(535,'Thu, Jan 5, 2017','8:30 PM',1610612756,102,1610612742,95,''),(536,'Thu, Jan 5, 2017','9:00 PM',1610612759,127,1610612743,99,''),(537,'Thu, Jan 5, 2017','7:30 PM',1610612766,114,1610612765,115,''),(538,'Thu, Jan 5, 2017','8:00 PM',1610612760,116,1610612745,118,''),(539,'Thu, Jan 5, 2017','7:00 PM',1610612751,109,1610612754,121,''),(540,'Thu, Jan 5, 2017','8:00 PM',1610612737,99,1610612740,94,''),(541,'Thu, Jan 5, 2017','10:30 PM',1610612747,109,1610612757,118,''),(542,'Thu, Jan 5, 2017','7:30 PM',1610612762,93,1610612761,101,''),(543,'Fri, Jan 6, 2017','7:30 PM',1610612755,106,1610612738,110,''),(544,'Fri, Jan 6, 2017','7:30 PM',1610612739,116,1610612751,108,''),(545,'Fri, Jan 6, 2017','10:30 PM',1610612763,128,1610612744,119,'OT'),(546,'Fri, Jan 6, 2017','10:30 PM',1610612748,100,1610612747,127,''),(547,'Fri, Jan 6, 2017','8:00 PM',1610612752,116,1610612749,111,''),(548,'Fri, Jan 6, 2017','7:00 PM',1610612745,100,1610612753,93,''),(549,'Fri, Jan 6, 2017','10:30 PM',1610612746,106,1610612758,98,''),(550,'Fri, Jan 6, 2017','7:00 PM',1610612750,105,1610612764,112,''),(551,'Sat, Jan 7, 2017','7:30 PM',1610612740,108,1610612738,117,''),(552,'Sat, Jan 7, 2017','8:00 PM',1610612761,118,1610612741,123,'OT'),(553,'Sat, Jan 7, 2017','8:30 PM',1610612737,97,1610612742,82,''),(554,'Sat, Jan 7, 2017','7:00 PM',1610612752,109,1610612754,123,''),(555,'Sat, Jan 7, 2017','8:00 PM',1610612762,94,1610612750,92,''),(556,'Sat, Jan 7, 2017','8:00 PM',1610612743,106,1610612760,121,''),(557,'Sat, Jan 7, 2017','8:30 PM',1610612766,85,1610612759,102,''),(558,'Sun, Jan 8, 2017','12:00 PM',1610612755,105,1610612751,95,''),(559,'Sun, Jan 8, 2017','3:30 PM',1610612748,86,1610612746,98,''),(560,'Sun, Jan 8, 2017','9:30 PM',1610612753,95,1610612747,111,''),(561,'Sun, Jan 8, 2017','8:00 PM',1610612762,79,1610612763,88,''),(562,'Sun, Jan 8, 2017','2:00 PM',1610612764,107,1610612749,101,''),(563,'Sun, Jan 8, 2017','8:30 PM',1610612739,120,1610612756,116,''),(564,'Sun, Jan 8, 2017','9:00 PM',1610612765,125,1610612757,124,'2OT'),(565,'Sun, Jan 8, 2017','9:00 PM',1610612744,117,1610612758,106,''),(566,'Sun, Jan 8, 2017','6:00 PM',1610612745,129,1610612761,122,''),(567,'Mon, Jan 9, 2017','8:00 PM',1610612760,109,1610612741,94,''),(568,'Mon, Jan 9, 2017','8:00 PM',1610612742,92,1610612750,101,''),(569,'Mon, Jan 9, 2017','7:30 PM',1610612740,110,1610612752,96,''),(570,'Tue, Jan 10, 2017','7:30 PM',1610612737,117,1610612751,97,''),(571,'Tue, Jan 10, 2017','10:30 PM',1610612748,95,1610612744,107,''),(572,'Tue, Jan 10, 2017','8:00 PM',1610612766,114,1610612745,121,''),(573,'Tue, Jan 10, 2017','10:30 PM',1610612757,108,1610612747,87,''),(574,'Tue, Jan 10, 2017','10:30 PM',1610612765,94,1610612758,100,''),(575,'Tue, Jan 10, 2017','8:30 PM',1610612749,109,1610612759,107,''),(576,'Tue, Jan 10, 2017','7:30 PM',1610612738,106,1610612761,114,''),(577,'Tue, Jan 10, 2017','9:00 PM',1610612739,92,1610612762,100,''),(578,'Tue, Jan 10, 2017','7:00 PM',1610612741,99,1610612764,101,''),(579,'Wed, Jan 11, 2017','8:00 PM',1610612764,108,1610612738,117,''),(580,'Wed, Jan 11, 2017','10:30 PM',1610612753,96,1610612746,105,''),(581,'Wed, Jan 11, 2017','8:00 PM',1610612745,105,1610612750,119,''),(582,'Wed, Jan 11, 2017','8:00 PM',1610612763,95,1610612760,103,''),(583,'Wed, Jan 11, 2017','7:00 PM',1610612752,97,1610612755,98,''),(584,'Wed, Jan 11, 2017','10:30 PM',1610612739,86,1610612757,102,''),(585,'Thu, Jan 12, 2017','7:30 PM',1610612740,104,1610612751,95,''),(586,'Thu, Jan 12, 2017','3:00 PM',1610612754,112,1610612743,140,''),(587,'Thu, Jan 12, 2017','10:30 PM',1610612765,107,1610612744,127,''),(588,'Thu, Jan 12, 2017','8:00 PM',1610612741,89,1610612752,104,''),(589,'Thu, Jan 12, 2017','10:00 PM',1610612742,113,1610612756,108,''),(590,'Thu, Jan 12, 2017','8:30 PM',1610612747,94,1610612759,134,''),(591,'Fri, Jan 13, 2017','8:00 PM',1610612738,103,1610612737,101,''),(592,'Fri, Jan 13, 2017','8:00 PM',1610612763,110,1610612745,105,''),(593,'Fri, Jan 13, 2017','8:00 PM',1610612748,108,1610612749,116,''),(594,'Fri, Jan 13, 2017','8:00 PM',1610612760,86,1610612750,96,''),(595,'Fri, Jan 13, 2017','7:00 PM',1610612766,93,1610612755,102,''),(596,'Fri, Jan 13, 2017','10:00 PM',1610612753,115,1610612757,109,''),(597,'Fri, Jan 13, 2017','10:30 PM',1610612739,120,1610612758,108,''),(598,'Fri, Jan 13, 2017','7:30 PM',1610612751,113,1610612761,132,''),(599,'Fri, Jan 13, 2017','10:30 PM',1610612765,77,1610612762,110,''),(600,'Sat, Jan 14, 2017','5:00 PM',1610612740,99,1610612741,107,''),(601,'Sat, Jan 14, 2017','3:30 PM',1610612747,97,1610612746,113,''),(602,'Sat, Jan 14, 2017','6:00 PM',1610612759,105,1610612756,108,''),(603,'Sat, Jan 14, 2017','9:00 PM',1610612753,107,1610612762,114,''),(604,'Sat, Jan 14, 2017','8:00 PM',1610612755,93,1610612764,109,''),(605,'Sun, Jan 15, 2017','3:00 PM',1610612749,98,1610612737,111,''),(606,'Sun, Jan 15, 2017','6:00 PM',1610612745,137,1610612751,112,''),(607,'Sun, Jan 15, 2017','2:00 PM',1610612750,87,1610612742,98,''),(608,'Sun, Jan 15, 2017','9:30 PM',1610612765,102,1610612747,97,''),(609,'Sun, Jan 15, 2017','9:00 PM',1610612741,108,1610612763,104,''),(610,'Sun, Jan 15, 2017','9:00 PM',1610612760,122,1610612758,118,''),(611,'Sun, Jan 15, 2017','3:00 PM',1610612752,101,1610612761,116,''),(612,'Mon, Jan 16, 2017','7:30 PM',1610612766,98,1610612738,108,''),(613,'Mon, Jan 16, 2017','5:00 PM',1610612753,112,1610612743,125,''),(614,'Mon, Jan 16, 2017','8:00 PM',1610612739,91,1610612744,126,''),(615,'Mon, Jan 16, 2017','4:00 PM',1610612740,95,1610612754,98,''),(616,'Mon, Jan 16, 2017','10:30 PM',1610612760,98,1610612746,120,''),(617,'Mon, Jan 16, 2017','3:30 PM',1610612755,113,1610612749,104,''),(618,'Mon, Jan 16, 2017','1:00 PM',1610612737,108,1610612752,107,''),(619,'Mon, Jan 16, 2017','9:00 PM',1610612762,106,1610612756,101,''),(620,'Mon, Jan 16, 2017','2:00 PM',1610612757,101,1610612764,120,''),(621,'Tue, Jan 17, 2017','7:30 PM',1610612761,119,1610612751,109,''),(622,'Tue, Jan 17, 2017','8:00 PM',1610612742,99,1610612741,98,''),(623,'Tue, Jan 17, 2017','10:30 PM',1610612743,127,1610612747,121,''),(624,'Tue, Jan 17, 2017','7:30 PM',1610612745,103,1610612748,109,''),(625,'Tue, Jan 17, 2017','8:30 PM',1610612750,114,1610612759,122,''),(626,'Wed, Jan 18, 2017','7:30 PM',1610612752,117,1610612738,106,''),(627,'Wed, Jan 18, 2017','7:00 PM',1610612757,85,1610612766,107,''),(628,'Wed, Jan 18, 2017','8:00 PM',1610612737,95,1610612765,118,''),(629,'Wed, Jan 18, 2017','10:30 PM',1610612760,100,1610612744,121,''),(630,'Wed, Jan 18, 2017','8:00 PM',1610612749,92,1610612745,111,''),(631,'Wed, Jan 18, 2017','8:00 PM',1610612753,98,1610612740,118,''),(632,'Wed, Jan 18, 2017','7:00 PM',1610612761,89,1610612755,94,''),(633,'Wed, Jan 18, 2017','10:30 PM',1610612754,106,1610612758,100,''),(634,'Wed, Jan 18, 2017','7:00 PM',1610612763,101,1610612764,104,''),(635,'Thu, Jan 19, 2017','7:00 PM',1610612756,103,1610612739,118,''),(636,'Thu, Jan 19, 2017','10:30 PM',1610612750,104,1610612746,101,''),(637,'Thu, Jan 19, 2017','7:30 PM',1610612742,95,1610612748,99,''),(638,'Thu, Jan 19, 2017','8:00 PM',1610612764,113,1610612752,110,''),(639,'Thu, Jan 19, 2017','8:30 PM',1610612743,104,1610612759,118,''),(640,'Fri, Jan 20, 2017','8:00 PM',1610612741,93,1610612737,102,''),(641,'Fri, Jan 20, 2017','7:00 PM',1610612761,78,1610612766,113,''),(642,'Fri, Jan 20, 2017','8:30 PM',1610612762,112,1610612742,107,'OT'),(643,'Fri, Jan 20, 2017','8:00 PM',1610612744,125,1610612745,108,''),(644,'Fri, Jan 20, 2017','10:30 PM',1610612754,95,1610612747,108,''),(645,'Fri, Jan 20, 2017','8:00 PM',1610612758,91,1610612763,107,''),(646,'Fri, Jan 20, 2017','8:00 PM',1610612751,143,1610612740,114,''),(647,'Fri, Jan 20, 2017','7:00 PM',1610612749,96,1610612753,112,''),(648,'Fri, Jan 20, 2017','7:00 PM',1610612757,92,1610612755,93,''),(649,'Sat, Jan 21, 2017','7:00 PM',1610612755,93,1610612737,110,''),(650,'Sat, Jan 21, 2017','5:00 PM',1610612757,127,1610612738,123,'OT'),(651,'Sat, Jan 21, 2017','9:00 PM',1610612758,99,1610612741,102,''),(652,'Sat, Jan 21, 2017','7:00 PM',1610612751,105,1610612766,112,''),(653,'Sat, Jan 21, 2017','8:30 PM',1610612759,118,1610612739,115,'OT'),(654,'Sat, Jan 21, 2017','9:00 PM',1610612746,98,1610612743,123,''),(655,'Sat, Jan 21, 2017','6:00 PM',1610612764,112,1610612765,113,''),(656,'Sat, Jan 21, 2017','8:00 PM',1610612745,119,1610612763,95,''),(657,'Sat, Jan 21, 2017','7:30 PM',1610612749,97,1610612748,109,''),(658,'Sat, Jan 21, 2017','7:30 PM',1610612756,107,1610612752,105,''),(659,'Sat, Jan 21, 2017','9:00 PM',1610612754,100,1610612762,109,''),(660,'Sun, Jan 22, 2017','3:30 PM',1610612747,73,1610612742,122,''),(661,'Sun, Jan 22, 2017','7:00 PM',1610612743,108,1610612750,111,''),(662,'Sun, Jan 22, 2017','12:00 PM',1610612744,118,1610612753,98,''),(663,'Sun, Jan 22, 2017','6:00 PM',1610612756,115,1610612761,103,''),(664,'Mon, Jan 23, 2017','7:30 PM',1610612746,115,1610612737,105,''),(665,'Mon, Jan 23, 2017','7:30 PM',1610612759,112,1610612751,86,''),(666,'Mon, Jan 23, 2017','7:00 PM',1610612764,109,1610612766,99,''),(667,'Mon, Jan 23, 2017','7:30 PM',1610612758,109,1610612765,104,''),(668,'Mon, Jan 23, 2017','8:00 PM',1610612752,109,1610612754,103,''),(669,'Mon, Jan 23, 2017','7:30 PM',1610612744,102,1610612748,105,''),(670,'Mon, Jan 23, 2017','8:00 PM',1610612745,114,1610612749,127,''),(671,'Mon, Jan 23, 2017','8:00 PM',1610612739,122,1610612740,124,''),(672,'Mon, Jan 23, 2017','9:00 PM',1610612760,97,1610612762,95,''),(673,'Tue, Jan 24, 2017','9:00 PM',1610612762,93,1610612743,103,''),(674,'Tue, Jan 24, 2017','7:00 PM',1610612741,100,1610612753,92,''),(675,'Tue, Jan 24, 2017','7:00 PM',1610612746,110,1610612755,121,''),(676,'Tue, Jan 24, 2017','9:00 PM',1610612750,112,1610612756,111,''),(677,'Tue, Jan 24, 2017','7:00 PM',1610612759,108,1610612761,106,''),(678,'Tue, Jan 24, 2017','7:00 PM',1610612738,108,1610612764,123,''),(679,'Wed, Jan 25, 2017','7:30 PM',1610612745,109,1610612738,120,''),(680,'Wed, Jan 25, 2017','7:30 PM',1610612748,109,1610612751,106,''),(681,'Wed, Jan 25, 2017','8:00 PM',1610612737,119,1610612741,114,''),(682,'Wed, Jan 25, 2017','8:00 PM',1610612744,113,1610612766,103,''),(683,'Wed, Jan 25, 2017','7:00 PM',1610612758,116,1610612739,112,'OT'),(684,'Wed, Jan 25, 2017','8:30 PM',1610612752,95,1610612742,103,''),(685,'Wed, Jan 25, 2017','8:00 PM',1610612761,99,1610612763,101,''),(686,'Wed, Jan 25, 2017','8:00 PM',1610612755,114,1610612749,109,''),(687,'Wed, Jan 25, 2017','8:00 PM',1610612760,114,1610612740,105,''),(688,'Wed, Jan 25, 2017','10:30 PM',1610612747,98,1610612757,105,''),(689,'Thu, Jan 26, 2017','9:00 PM',1610612756,120,1610612743,127,''),(690,'Thu, Jan 26, 2017','8:00 PM',1610612754,109,1610612750,103,''),(691,'Thu, Jan 26, 2017','8:00 PM',1610612742,98,1610612760,109,''),(692,'Thu, Jan 26, 2017','10:30 PM',1610612747,88,1610612762,96,''),(693,'Fri, Jan 27, 2017','8:00 PM',1610612764,112,1610612737,86,''),(694,'Fri, Jan 27, 2017','7:30 PM',1610612753,98,1610612738,128,''),(695,'Fri, Jan 27, 2017','8:00 PM',1610612748,100,1610612741,88,''),(696,'Fri, Jan 27, 2017','7:30 PM',1610612751,116,1610612739,124,''),(697,'Fri, Jan 27, 2017','7:00 PM',1610612758,111,1610612754,115,'OT'),(698,'Fri, Jan 27, 2017','8:00 PM',1610612759,103,1610612740,119,''),(699,'Fri, Jan 27, 2017','7:30 PM',1610612766,107,1610612752,110,''),(700,'Fri, Jan 27, 2017','8:00 PM',1610612745,123,1610612755,118,''),(701,'Fri, Jan 27, 2017','10:00 PM',1610612763,109,1610612757,112,''),(702,'Fri, Jan 27, 2017','7:30 PM',1610612749,86,1610612761,102,''),(703,'Sat, Jan 28, 2017','7:00 PM',1610612758,109,1610612766,106,''),(704,'Sat, Jan 28, 2017','8:30 PM',1610612746,98,1610612744,144,''),(705,'Sat, Jan 28, 2017','7:30 PM',1610612765,103,1610612748,116,''),(706,'Sat, Jan 28, 2017','8:00 PM',1610612738,112,1610612749,108,'OT'),(707,'Sat, Jan 28, 2017','9:00 PM',1610612751,109,1610612750,129,''),(708,'Sat, Jan 28, 2017','9:00 PM',1610612743,123,1610612756,112,''),(709,'Sat, Jan 28, 2017','9:00 PM',1610612763,102,1610612762,95,''),(710,'Sun, Jan 29, 2017','3:00 PM',1610612752,139,1610612737,142,'4OT'),(711,'Sun, Jan 29, 2017','7:00 PM',1610612755,108,1610612741,121,''),(712,'Sun, Jan 29, 2017','3:30 PM',1610612760,91,1610612739,107,''),(713,'Sun, Jan 29, 2017','6:00 PM',1610612745,101,1610612754,120,''),(714,'Sun, Jan 29, 2017','6:00 PM',1610612764,107,1610612740,94,''),(715,'Sun, Jan 29, 2017','9:00 PM',1610612744,113,1610612757,111,''),(716,'Sun, Jan 29, 2017','7:00 PM',1610612742,105,1610612759,101,''),(717,'Sun, Jan 29, 2017','6:00 PM',1610612753,114,1610612761,113,''),(718,'Mon, Jan 30, 2017','8:00 PM',1610612765,109,1610612738,113,''),(719,'Mon, Jan 30, 2017','8:30 PM',1610612739,97,1610612742,104,''),(720,'Mon, Jan 30, 2017','7:30 PM',1610612751,96,1610612748,104,''),(721,'Mon, Jan 30, 2017','8:00 PM',1610612753,105,1610612750,111,'OT'),(722,'Mon, Jan 30, 2017','6:00 PM',1610612758,119,1610612755,122,''),(723,'Mon, Jan 30, 2017','10:30 PM',1610612763,115,1610612756,96,''),(724,'Tue, Jan 31, 2017','8:00 PM',1610612758,83,1610612745,105,''),(725,'Tue, Jan 31, 2017','10:30 PM',1610612743,116,1610612747,120,''),(726,'Tue, Jan 31, 2017','10:00 PM',1610612766,98,1610612757,115,''),(727,'Tue, Jan 31, 2017','8:30 PM',1610612760,94,1610612759,108,''),(728,'Tue, Jan 31, 2017','7:00 PM',1610612740,106,1610612761,108,'OT'),(729,'Tue, Jan 31, 2017','7:00 PM',1610612752,101,1610612764,117,''),(730,'Wed, Feb 1, 2017','7:30 PM',1610612761,104,1610612738,109,''),(731,'Wed, Feb 1, 2017','7:30 PM',1610612752,95,1610612751,90,''),(732,'Wed, Feb 1, 2017','7:00 PM',1610612750,97,1610612739,125,''),(733,'Wed, Feb 1, 2017','8:30 PM',1610612755,95,1610612742,113,''),(734,'Wed, Feb 1, 2017','9:00 PM',1610612763,119,1610612743,99,''),(735,'Wed, Feb 1, 2017','7:30 PM',1610612740,98,1610612765,118,''),(736,'Wed, Feb 1, 2017','10:30 PM',1610612766,111,1610612744,126,''),(737,'Wed, Feb 1, 2017','7:30 PM',1610612737,93,1610612748,116,''),(738,'Wed, Feb 1, 2017','9:30 PM',1610612741,128,1610612760,100,''),(739,'Wed, Feb 1, 2017','7:00 PM',1610612754,98,1610612753,88,''),(740,'Wed, Feb 1, 2017','9:00 PM',1610612746,124,1610612756,114,''),(741,'Wed, Feb 1, 2017','9:00 PM',1610612749,88,1610612762,104,''),(742,'Thu, Feb 2, 2017','8:00 PM',1610612737,113,1610612745,108,''),(743,'Thu, Feb 2, 2017','10:30 PM',1610612744,133,1610612746,120,''),(744,'Thu, Feb 2, 2017','8:30 PM',1610612755,86,1610612759,102,''),(745,'Thu, Feb 2, 2017','7:00 PM',1610612747,108,1610612764,116,''),(746,'Fri, Feb 3, 2017','8:00 PM',1610612747,107,1610612738,113,''),(747,'Fri, Feb 3, 2017','7:30 PM',1610612754,106,1610612751,97,''),(748,'Fri, Feb 3, 2017','9:00 PM',1610612749,117,1610612743,121,''),(749,'Fri, Feb 3, 2017','7:30 PM',1610612750,108,1610612765,116,''),(750,'Fri, Feb 3, 2017','8:00 PM',1610612741,117,1610612745,121,'OT'),(751,'Fri, Feb 3, 2017','8:00 PM',1610612763,102,1610612760,114,''),(752,'Fri, Feb 3, 2017','7:00 PM',1610612761,94,1610612753,102,''),(753,'Fri, Feb 3, 2017','10:30 PM',1610612742,108,1610612757,104,''),(754,'Fri, Feb 3, 2017','10:30 PM',1610612756,105,1610612758,103,''),(755,'Sat, Feb 4, 2017','7:00 PM',1610612753,86,1610612737,113,''),(756,'Sat, Feb 4, 2017','7:00 PM',1610612765,84,1610612754,105,''),(757,'Sat, Feb 4, 2017','7:30 PM',1610612755,102,1610612748,125,''),(758,'Sat, Feb 4, 2017','9:00 PM',1610612763,107,1610612750,99,''),(759,'Sat, Feb 4, 2017','8:30 PM',1610612739,111,1610612752,104,''),(760,'Sat, Feb 4, 2017','9:00 PM',1610612749,137,1610612756,112,''),(761,'Sat, Feb 4, 2017','10:30 PM',1610612744,106,1610612758,109,'OT'),(762,'Sat, Feb 4, 2017','9:00 PM',1610612743,97,1610612759,121,''),(763,'Sat, Feb 4, 2017','9:00 PM',1610612766,98,1610612762,105,''),(764,'Sat, Feb 4, 2017','7:00 PM',1610612740,91,1610612764,105,''),(765,'Sun, Feb 5, 2017','2:00 PM',1610612746,102,1610612738,107,''),(766,'Sun, Feb 5, 2017','12:00 PM',1610612761,103,1610612751,95,''),(767,'Sun, Feb 5, 2017','3:00 PM',1610612757,99,1610612760,105,''),(768,'Mon, Feb 6, 2017','7:30 PM',1610612762,120,1610612737,95,''),(769,'Mon, Feb 6, 2017','9:00 PM',1610612742,87,1610612743,110,''),(770,'Mon, Feb 6, 2017','7:30 PM',1610612755,96,1610612765,113,''),(771,'Mon, Feb 6, 2017','7:00 PM',1610612760,90,1610612754,93,''),(772,'Mon, Feb 6, 2017','9:30 PM',1610612759,74,1610612763,89,''),(773,'Mon, Feb 6, 2017','8:00 PM',1610612748,115,1610612750,113,''),(774,'Mon, Feb 6, 2017','8:00 PM',1610612756,106,1610612740,111,''),(775,'Mon, Feb 6, 2017','7:00 PM',1610612747,121,1610612752,107,''),(776,'Mon, Feb 6, 2017','10:30 PM',1610612741,112,1610612758,107,''),(777,'Mon, Feb 6, 2017','7:30 PM',1610612746,109,1610612761,118,''),(778,'Mon, Feb 6, 2017','7:00 PM',1610612739,140,1610612764,135,'OT'),(779,'Tue, Feb 7, 2017','7:00 PM',1610612751,107,1610612766,111,''),(780,'Tue, Feb 7, 2017','8:30 PM',1610612757,114,1610612742,113,''),(781,'Tue, Feb 7, 2017','8:00 PM',1610612753,104,1610612745,128,''),(782,'Wed, Feb 8, 2017','7:30 PM',1610612743,106,1610612737,117,''),(783,'Wed, Feb 8, 2017','7:30 PM',1610612764,114,1610612751,110,'OT'),(784,'Wed, Feb 8, 2017','7:30 PM',1610612747,102,1610612765,121,''),(785,'Wed, Feb 8, 2017','10:30 PM',1610612741,92,1610612744,123,''),(786,'Wed, Feb 8, 2017','7:00 PM',1610612739,132,1610612754,117,''),(787,'Wed, Feb 8, 2017','8:00 PM',1610612756,91,1610612763,110,''),(788,'Wed, Feb 8, 2017','8:00 PM',1610612748,106,1610612749,88,''),(789,'Wed, Feb 8, 2017','8:00 PM',1610612761,109,1610612750,112,''),(790,'Wed, Feb 8, 2017','8:00 PM',1610612762,127,1610612740,94,''),(791,'Wed, Feb 8, 2017','8:00 PM',1610612746,119,1610612752,115,''),(792,'Wed, Feb 8, 2017','7:00 PM',1610612759,111,1610612755,103,''),(793,'Wed, Feb 8, 2017','10:30 PM',1610612738,92,1610612758,108,''),(794,'Thu, Feb 9, 2017','7:00 PM',1610612745,107,1610612766,95,''),(795,'Thu, Feb 9, 2017','8:30 PM',1610612762,105,1610612742,112,'OT'),(796,'Thu, Feb 9, 2017','8:00 PM',1610612739,109,1610612760,118,''),(797,'Thu, Feb 9, 2017','7:00 PM',1610612755,112,1610612753,111,''),(798,'Thu, Feb 9, 2017','10:30 PM',1610612738,120,1610612757,111,''),(799,'Fri, Feb 10, 2017','7:30 PM',1610612748,108,1610612751,99,''),(800,'Fri, Feb 10, 2017','7:30 PM',1610612759,103,1610612765,92,''),(801,'Fri, Feb 10, 2017','8:00 PM',1610612744,122,1610612763,107,''),(802,'Fri, Feb 10, 2017','8:00 PM',1610612747,122,1610612749,114,''),(803,'Fri, Feb 10, 2017','8:00 PM',1610612740,122,1610612750,106,''),(804,'Fri, Feb 10, 2017','7:30 PM',1610612743,131,1610612752,123,''),(805,'Fri, Feb 10, 2017','10:30 PM',1610612741,97,1610612756,115,''),(806,'Fri, Feb 10, 2017','10:30 PM',1610612737,107,1610612758,108,''),(807,'Fri, Feb 10, 2017','8:00 PM',1610612754,107,1610612764,112,''),(808,'Sat, Feb 11, 2017','5:00 PM',1610612746,107,1610612766,102,''),(809,'Sat, Feb 11, 2017','7:30 PM',1610612743,109,1610612739,125,''),(810,'Sat, Feb 11, 2017','9:00 PM',1610612753,80,1610612742,112,''),(811,'Sat, Feb 11, 2017','9:00 PM',1610612756,102,1610612745,133,''),(812,'Sat, Feb 11, 2017','7:00 PM',1610612749,116,1610612754,100,''),(813,'Sat, Feb 11, 2017','8:30 PM',1610612744,130,1610612760,114,''),(814,'Sat, Feb 11, 2017','7:30 PM',1610612748,109,1610612755,117,''),(815,'Sat, Feb 11, 2017','10:00 PM',1610612738,112,1610612762,104,''),(816,'Sun, Feb 12, 2017','3:30 PM',1610612741,89,1610612750,117,''),(817,'Sun, Feb 12, 2017','3:30 PM',1610612759,90,1610612752,94,''),(818,'Sun, Feb 12, 2017','9:00 PM',1610612740,99,1610612758,105,''),(819,'Sun, Feb 12, 2017','6:00 PM',1610612765,102,1610612761,101,''),(820,'Mon, Feb 13, 2017','7:30 PM',1610612763,112,1610612751,103,''),(821,'Mon, Feb 13, 2017','7:00 PM',1610612755,105,1610612766,99,''),(822,'Mon, Feb 13, 2017','8:30 PM',1610612738,111,1610612742,98,''),(823,'Mon, Feb 13, 2017','9:00 PM',1610612744,110,1610612743,132,''),(824,'Mon, Feb 13, 2017','7:00 PM',1610612759,110,1610612754,106,''),(825,'Mon, Feb 13, 2017','7:30 PM',1610612753,116,1610612748,107,''),(826,'Mon, Feb 13, 2017','8:00 PM',1610612765,89,1610612749,102,''),(827,'Mon, Feb 13, 2017','9:00 PM',1610612740,110,1610612756,108,''),(828,'Mon, Feb 13, 2017','10:30 PM',1610612737,109,1610612757,104,'OT'),(829,'Mon, Feb 13, 2017','9:00 PM',1610612746,88,1610612762,72,''),(830,'Mon, Feb 13, 2017','8:00 PM',1610612760,98,1610612764,120,''),(831,'Tue, Feb 14, 2017','8:00 PM',1610612761,94,1610612741,105,''),(832,'Tue, Feb 14, 2017','10:30 PM',1610612758,97,1610612747,96,''),(833,'Tue, Feb 14, 2017','8:00 PM',1610612739,116,1610612750,108,''),(834,'Wed, Feb 15, 2017','7:30 PM',1610612755,108,1610612738,116,''),(835,'Wed, Feb 15, 2017','7:30 PM',1610612749,129,1610612751,125,''),(836,'Wed, Feb 15, 2017','7:00 PM',1610612754,104,1610612739,113,''),(837,'Wed, Feb 15, 2017','9:00 PM',1610612750,112,1610612743,99,''),(838,'Wed, Feb 15, 2017','7:30 PM',1610612742,91,1610612765,98,''),(839,'Wed, Feb 15, 2017','10:30 PM',1610612758,86,1610612744,109,''),(840,'Wed, Feb 15, 2017','8:00 PM',1610612748,117,1610612745,109,''),(841,'Wed, Feb 15, 2017','10:30 PM',1610612737,84,1610612746,99,''),(842,'Wed, Feb 15, 2017','8:00 PM',1610612740,95,1610612763,91,''),(843,'Wed, Feb 15, 2017','9:30 PM',1610612752,105,1610612760,116,''),(844,'Wed, Feb 15, 2017','7:00 PM',1610612759,107,1610612753,79,''),(845,'Wed, Feb 15, 2017','9:00 PM',1610612747,101,1610612756,137,''),(846,'Wed, Feb 15, 2017','7:30 PM',1610612766,85,1610612761,90,''),(847,'Wed, Feb 15, 2017','9:00 PM',1610612757,88,1610612762,111,''),(848,'Thu, Feb 16, 2017','8:00 PM',1610612738,103,1610612741,104,''),(849,'Thu, Feb 16, 2017','7:00 PM',1610612764,111,1610612754,98,''),(850,'Thu, Feb 23, 2017','8:00 PM',1610612752,104,1610612739,119,''),(851,'Thu, Feb 23, 2017','7:30 PM',1610612766,108,1610612765,114,'OT'),(852,'Thu, Feb 23, 2017','10:30 PM',1610612746,113,1610612744,123,''),(853,'Thu, Feb 23, 2017','8:00 PM',1610612745,129,1610612740,99,''),(854,'Thu, Feb 23, 2017','7:00 PM',1610612757,112,1610612753,103,''),(855,'Thu, Feb 23, 2017','10:30 PM',1610612743,100,1610612758,116,''),(856,'Fri, Feb 24, 2017','8:00 PM',1610612748,108,1610612737,90,''),(857,'Fri, Feb 24, 2017','8:00 PM',1610612756,121,1610612741,128,'OT'),(858,'Fri, Feb 24, 2017','9:00 PM',1610612751,109,1610612743,129,''),(859,'Fri, Feb 24, 2017','7:00 PM',1610612763,92,1610612754,102,''),(860,'Fri, Feb 24, 2017','10:30 PM',1610612759,105,1610612746,97,''),(861,'Fri, Feb 24, 2017','8:00 PM',1610612762,109,1610612749,95,''),(862,'Fri, Feb 24, 2017','8:00 PM',1610612742,84,1610612750,97,''),(863,'Fri, Feb 24, 2017','8:00 PM',1610612747,93,1610612760,110,''),(864,'Fri, Feb 24, 2017','7:00 PM',1610612764,112,1610612755,120,''),(865,'Fri, Feb 24, 2017','8:00 PM',1610612738,97,1610612761,107,''),(866,'Sat, Feb 25, 2017','8:30 PM',1610612741,117,1610612739,99,''),(867,'Sat, Feb 25, 2017','8:30 PM',1610612740,83,1610612742,96,''),(868,'Sat, Feb 25, 2017','10:30 PM',1610612751,95,1610612744,112,''),(869,'Sat, Feb 25, 2017','9:00 PM',1610612750,130,1610612745,142,''),(870,'Sat, Feb 25, 2017','8:00 PM',1610612754,95,1610612748,113,''),(871,'Sat, Feb 25, 2017','7:30 PM',1610612755,109,1610612752,110,''),(872,'Sat, Feb 25, 2017','7:00 PM',1610612737,86,1610612753,105,''),(873,'Sat, Feb 25, 2017','5:00 PM',1610612766,99,1610612758,85,''),(874,'Sun, Feb 26, 2017','5:00 PM',1610612763,105,1610612743,98,''),(875,'Sun, Feb 26, 2017','6:00 PM',1610612738,104,1610612765,98,''),(876,'Sun, Feb 26, 2017','9:30 PM',1610612766,121,1610612746,124,'OT'),(877,'Sun, Feb 26, 2017','3:30 PM',1610612759,119,1610612747,98,''),(878,'Sun, Feb 26, 2017','3:30 PM',1610612756,96,1610612749,100,''),(879,'Sun, Feb 26, 2017','7:00 PM',1610612740,110,1610612760,118,''),(880,'Sun, Feb 26, 2017','6:00 PM',1610612757,106,1610612761,112,''),(881,'Sun, Feb 26, 2017','5:00 PM',1610612762,102,1610612764,92,''),(882,'Mon, Feb 27, 2017','7:30 PM',1610612737,114,1610612738,98,''),(883,'Mon, Feb 27, 2017','7:00 PM',1610612749,95,1610612739,102,''),(884,'Mon, Feb 27, 2017','8:30 PM',1610612748,89,1610612742,96,''),(885,'Mon, Feb 27, 2017','9:30 PM',1610612754,117,1610612745,108,''),(886,'Mon, Feb 27, 2017','7:00 PM',1610612761,92,1610612752,91,''),(887,'Mon, Feb 27, 2017','7:00 PM',1610612744,119,1610612755,108,''),(888,'Mon, Feb 27, 2017','10:30 PM',1610612750,102,1610612758,88,''),(889,'Tue, Feb 28, 2017','8:00 PM',1610612743,125,1610612741,107,''),(890,'Tue, Feb 28, 2017','7:30 PM',1610612757,113,1610612765,120,'OT'),(891,'Tue, Feb 28, 2017','10:30 PM',1610612766,109,1610612747,104,''),(892,'Tue, Feb 28, 2017','8:00 PM',1610612756,112,1610612763,130,''),(893,'Tue, Feb 28, 2017','8:00 PM',1610612762,106,1610612760,109,''),(894,'Tue, Feb 28, 2017','7:00 PM',1610612744,108,1610612764,112,''),(895,'Wed, Mar 1, 2017','7:30 PM',1610612742,95,1610612737,100,''),(896,'Wed, Mar 1, 2017','8:00 PM',1610612739,99,1610612738,103,''),(897,'Wed, Mar 1, 2017','10:30 PM',1610612745,122,1610612746,103,''),(898,'Wed, Mar 1, 2017','7:30 PM',1610612755,98,1610612748,125,''),(899,'Wed, Mar 1, 2017','8:00 PM',1610612743,110,1610612749,98,''),(900,'Wed, Mar 1, 2017','8:00 PM',1610612765,86,1610612740,109,''),(901,'Wed, Mar 1, 2017','7:00 PM',1610612752,101,1610612753,90,''),(902,'Wed, Mar 1, 2017','10:30 PM',1610612751,109,1610612758,100,''),(903,'Wed, Mar 1, 2017','8:30 PM',1610612754,99,1610612759,100,''),(904,'Wed, Mar 1, 2017','7:30 PM',1610612764,105,1610612761,96,''),(905,'Wed, Mar 1, 2017','9:00 PM',1610612750,107,1610612762,80,''),(906,'Thu, Mar 2, 2017','8:00 PM',1610612744,87,1610612741,94,''),(907,'Thu, Mar 2, 2017','9:00 PM',1610612766,103,1610612756,120,''),(908,'Thu, Mar 2, 2017','10:30 PM',1610612760,109,1610612757,114,''),(909,'Fri, Mar 3, 2017','7:00 PM',1610612739,135,1610612737,130,''),(910,'Fri, Mar 3, 2017','8:30 PM',1610612763,100,1610612742,104,''),(911,'Fri, Mar 3, 2017','10:30 PM',1610612738,115,1610612747,95,''),(912,'Fri, Mar 3, 2017','8:00 PM',1610612746,101,1610612749,112,''),(913,'Fri, Mar 3, 2017','9:30 PM',1610612759,101,1610612740,98,'OT'),(914,'Fri, Mar 3, 2017','7:00 PM',1610612748,99,1610612753,110,''),(915,'Fri, Mar 3, 2017','7:00 PM',1610612752,102,1610612755,105,''),(916,'Fri, Mar 3, 2017','9:00 PM',1610612760,111,1610612756,118,''),(917,'Fri, Mar 3, 2017','9:00 PM',1610612751,97,1610612762,112,''),(918,'Fri, Mar 3, 2017','7:00 PM',1610612761,114,1610612764,106,''),(919,'Sat, Mar 4, 2017','8:30 PM',1610612746,101,1610612741,91,''),(920,'Sat, Mar 4, 2017','9:00 PM',1610612766,112,1610612743,102,''),(921,'Sat, Mar 4, 2017','9:00 PM',1610612763,108,1610612745,123,''),(922,'Sat, Mar 4, 2017','8:00 PM',1610612739,92,1610612748,120,''),(923,'Sat, Mar 4, 2017','8:00 PM',1610612761,94,1610612749,101,''),(924,'Sat, Mar 4, 2017','6:00 PM',1610612765,136,1610612755,106,''),(925,'Sat, Mar 4, 2017','10:00 PM',1610612751,116,1610612757,130,''),(926,'Sat, Mar 4, 2017','9:00 PM',1610612750,90,1610612759,97,'OT'),(927,'Sun, Mar 5, 2017','1:00 PM',1610612754,97,1610612737,96,''),(928,'Sun, Mar 5, 2017','8:30 PM',1610612760,89,1610612742,104,''),(929,'Sun, Mar 5, 2017','9:30 PM',1610612740,105,1610612747,97,''),(930,'Sun, Mar 5, 2017','3:30 PM',1610612744,112,1610612752,105,''),(931,'Sun, Mar 5, 2017','5:00 PM',1610612738,106,1610612756,109,''),(932,'Sun, Mar 5, 2017','6:00 PM',1610612762,110,1610612758,109,'OT'),(933,'Sun, Mar 5, 2017','5:00 PM',1610612753,114,1610612764,115,''),(934,'Mon, Mar 6, 2017','7:30 PM',1610612744,119,1610612737,111,''),(935,'Mon, Mar 6, 2017','8:00 PM',1610612754,88,1610612766,100,''),(936,'Mon, Mar 6, 2017','7:00 PM',1610612748,106,1610612739,98,''),(937,'Mon, Mar 6, 2017','9:00 PM',1610612758,96,1610612743,108,''),(938,'Mon, Mar 6, 2017','7:30 PM',1610612741,95,1610612765,109,''),(939,'Mon, Mar 6, 2017','10:30 PM',1610612738,102,1610612746,116,''),(940,'Mon, Mar 6, 2017','8:00 PM',1610612751,122,1610612763,109,''),(941,'Mon, Mar 6, 2017','7:00 PM',1610612752,113,1610612753,105,''),(942,'Mon, Mar 6, 2017','7:00 PM',1610612749,112,1610612755,98,''),(943,'Mon, Mar 6, 2017','8:30 PM',1610612745,110,1610612759,112,''),(944,'Mon, Mar 6, 2017','9:00 PM',1610612740,83,1610612762,88,''),(945,'Tue, Mar 7, 2017','8:30 PM',1610612747,111,1610612742,122,''),(946,'Tue, Mar 7, 2017','8:00 PM',1610612757,126,1610612760,121,''),(947,'Tue, Mar 7, 2017','9:00 PM',1610612764,131,1610612756,127,''),(948,'Wed, Mar 8, 2017','7:30 PM',1610612751,105,1610612737,110,''),(949,'Wed, Mar 8, 2017','9:00 PM',1610612764,123,1610612743,113,''),(950,'Wed, Mar 8, 2017','10:30 PM',1610612738,99,1610612744,86,''),(951,'Wed, Mar 8, 2017','8:00 PM',1610612762,115,1610612745,108,''),(952,'Wed, Mar 8, 2017','8:00 PM',1610612765,98,1610612754,115,''),(953,'Wed, Mar 8, 2017','7:30 PM',1610612766,101,1610612748,108,''),(954,'Wed, Mar 8, 2017','8:00 PM',1610612752,93,1610612749,104,''),(955,'Wed, Mar 8, 2017','8:00 PM',1610612746,91,1610612750,107,''),(956,'Wed, Mar 8, 2017','8:00 PM',1610612761,94,1610612740,87,''),(957,'Wed, Mar 8, 2017','7:00 PM',1610612741,91,1610612753,98,''),(958,'Wed, Mar 8, 2017','8:30 PM',1610612758,104,1610612759,114,''),(959,'Thu, Mar 9, 2017','7:30 PM',1610612739,101,1610612765,106,''),(960,'Thu, Mar 9, 2017','8:00 PM',1610612746,114,1610612763,98,''),(961,'Thu, Mar 9, 2017','8:00 PM',1610612759,92,1610612760,102,''),(962,'Thu, Mar 9, 2017','10:30 PM',1610612747,122,1610612756,110,''),(963,'Thu, Mar 9, 2017','10:00 PM',1610612755,108,1610612757,114,'OT'),(964,'Fri, Mar 10, 2017','8:00 PM',1610612761,99,1610612737,105,''),(965,'Fri, Mar 10, 2017','8:00 PM',1610612745,115,1610612741,94,''),(966,'Fri, Mar 10, 2017','7:00 PM',1610612753,81,1610612766,121,''),(967,'Fri, Mar 10, 2017','9:00 PM',1610612751,96,1610612742,105,''),(968,'Fri, Mar 10, 2017','9:00 PM',1610612738,99,1610612743,119,''),(969,'Fri, Mar 10, 2017','8:00 PM',1610612754,85,1610612749,99,''),(970,'Fri, Mar 10, 2017','8:00 PM',1610612744,102,1610612750,103,''),(971,'Fri, Mar 10, 2017','10:30 PM',1610612764,130,1610612758,122,'OT'),(972,'Sat, Mar 11, 2017','7:00 PM',1610612740,125,1610612766,122,'OT'),(973,'Sat, Mar 11, 2017','9:00 PM',1610612756,100,1610612742,98,''),(974,'Sat, Mar 11, 2017','5:00 PM',1610612752,92,1610612765,112,''),(975,'Sat, Mar 11, 2017','3:30 PM',1610612755,100,1610612746,112,''),(976,'Sat, Mar 11, 2017','9:00 PM',1610612737,107,1610612763,90,''),(977,'Sat, Mar 11, 2017','8:00 PM',1610612761,89,1610612748,104,''),(978,'Sat, Mar 11, 2017','8:00 PM',1610612750,95,1610612749,102,''),(979,'Sat, Mar 11, 2017','3:00 PM',1610612762,104,1610612760,112,''),(980,'Sat, Mar 11, 2017','7:00 PM',1610612739,116,1610612753,104,''),(981,'Sat, Mar 11, 2017','10:00 PM',1610612764,125,1610612757,124,'OT'),(982,'Sat, Mar 11, 2017','10:30 PM',1610612743,105,1610612758,92,''),(983,'Sat, Mar 11, 2017','8:30 PM',1610612744,85,1610612759,107,''),(984,'Sun, Mar 12, 2017','3:30 PM',1610612741,80,1610612738,100,''),(985,'Sun, Mar 12, 2017','6:00 PM',1610612752,112,1610612751,120,''),(986,'Sun, Mar 12, 2017','9:00 PM',1610612739,112,1610612745,117,''),(987,'Sun, Mar 12, 2017','6:00 PM',1610612748,98,1610612754,102,''),(988,'Sun, Mar 12, 2017','9:30 PM',1610612755,118,1610612747,116,''),(989,'Sun, Mar 12, 2017','9:00 PM',1610612757,110,1610612756,101,''),(990,'Mon, Mar 13, 2017','7:00 PM',1610612741,115,1610612766,109,''),(991,'Mon, Mar 13, 2017','10:30 PM',1610612747,101,1610612743,129,''),(992,'Mon, Mar 13, 2017','8:00 PM',1610612749,93,1610612763,113,''),(993,'Mon, Mar 13, 2017','8:00 PM',1610612764,104,1610612750,119,''),(994,'Mon, Mar 13, 2017','10:30 PM',1610612753,115,1610612758,120,''),(995,'Mon, Mar 13, 2017','8:00 PM',1610612737,99,1610612759,107,''),(996,'Mon, Mar 13, 2017','7:30 PM',1610612742,78,1610612761,100,''),(997,'Mon, Mar 13, 2017','9:00 PM',1610612746,108,1610612762,114,''),(998,'Tue, Mar 14, 2017','7:30 PM',1610612760,122,1610612751,104,''),(999,'Tue, Mar 14, 2017','7:00 PM',1610612765,96,1610612739,128,''),(1000,'Tue, Mar 14, 2017','10:30 PM',1610612755,104,1610612744,106,''),(1001,'Tue, Mar 14, 2017','8:00 PM',1610612757,77,1610612740,100,''),(1002,'Tue, Mar 14, 2017','7:30 PM',1610612754,81,1610612752,87,''),(1003,'Wed, Mar 15, 2017','7:30 PM',1610612750,104,1610612738,117,''),(1004,'Wed, Mar 15, 2017','8:00 PM',1610612763,98,1610612741,91,''),(1005,'Wed, Mar 15, 2017','7:30 PM',1610612762,97,1610612765,83,''),(1006,'Wed, Mar 15, 2017','8:00 PM',1610612747,100,1610612745,139,''),(1007,'Wed, Mar 15, 2017','7:00 PM',1610612766,77,1610612754,98,''),(1008,'Wed, Mar 15, 2017','10:30 PM',1610612749,97,1610612746,96,''),(1009,'Wed, Mar 15, 2017','7:30 PM',1610612740,112,1610612748,120,''),(1010,'Wed, Mar 15, 2017','10:00 PM',1610612758,107,1610612756,101,''),(1011,'Wed, Mar 15, 2017','8:00 PM',1610612757,110,1610612759,106,''),(1012,'Wed, Mar 15, 2017','7:00 PM',1610612742,112,1610612764,107,''),(1013,'Thu, Mar 16, 2017','7:30 PM',1610612763,103,1610612737,91,''),(1014,'Thu, Mar 16, 2017','7:00 PM',1610612762,83,1610612739,91,''),(1015,'Thu, Mar 16, 2017','9:00 PM',1610612746,114,1610612743,129,''),(1016,'Thu, Mar 16, 2017','10:30 PM',1610612753,92,1610612744,122,''),(1017,'Thu, Mar 16, 2017','7:30 PM',1610612751,121,1610612752,110,''),(1018,'Thu, Mar 16, 2017','7:00 PM',1610612760,123,1610612761,102,''),(1019,'Fri, Mar 17, 2017','7:30 PM',1610612738,98,1610612751,95,''),(1020,'Fri, Mar 17, 2017','7:30 PM',1610612761,87,1610612765,75,''),(1021,'Fri, Mar 17, 2017','10:30 PM',1610612749,107,1610612747,103,''),(1022,'Fri, Mar 17, 2017','8:00 PM',1610612750,105,1610612748,123,''),(1023,'Fri, Mar 17, 2017','8:00 PM',1610612745,112,1610612740,128,''),(1024,'Fri, Mar 17, 2017','7:00 PM',1610612742,74,1610612755,116,''),(1025,'Fri, Mar 17, 2017','10:00 PM',1610612753,109,1610612756,103,''),(1026,'Fri, Mar 17, 2017','7:00 PM',1610612741,107,1610612764,112,''),(1027,'Sat, Mar 18, 2017','6:00 PM',1610612757,113,1610612737,97,''),(1028,'Sat, Mar 18, 2017','9:00 PM',1610612762,86,1610612741,95,''),(1029,'Sat, Mar 18, 2017','7:00 PM',1610612764,93,1610612766,98,''),(1030,'Sat, Mar 18, 2017','9:30 PM',1610612745,109,1610612743,105,''),(1031,'Sat, Mar 18, 2017','10:30 PM',1610612749,92,1610612744,117,''),(1032,'Sat, Mar 18, 2017','8:30 PM',1610612739,78,1610612746,108,''),(1033,'Sat, Mar 18, 2017','9:00 PM',1610612759,96,1610612763,104,''),(1034,'Sat, Mar 18, 2017','3:00 PM',1610612758,94,1610612760,110,''),(1035,'Sun, Mar 19, 2017','12:00 PM',1610612742,111,1610612751,104,''),(1036,'Sun, Mar 19, 2017','4:30 PM',1610612756,95,1610612765,112,''),(1037,'Sun, Mar 19, 2017','9:30 PM',1610612739,125,1610612747,120,''),(1038,'Sun, Mar 19, 2017','6:00 PM',1610612757,115,1610612748,104,''),(1039,'Sun, Mar 19, 2017','6:00 PM',1610612750,109,1610612740,123,''),(1040,'Sun, Mar 19, 2017','1:00 PM',1610612738,99,1610612755,105,''),(1041,'Sun, Mar 19, 2017','7:00 PM',1610612758,102,1610612759,118,''),(1042,'Sun, Mar 19, 2017','6:00 PM',1610612754,91,1610612761,116,''),(1043,'Mon, Mar 20, 2017','7:30 PM',1610612764,102,1610612738,110,''),(1044,'Mon, Mar 20, 2017','7:00 PM',1610612737,90,1610612766,105,''),(1045,'Mon, Mar 20, 2017','8:00 PM',1610612743,124,1610612745,125,''),(1046,'Mon, Mar 20, 2017','7:00 PM',1610612762,100,1610612754,107,''),(1047,'Mon, Mar 20, 2017','10:30 PM',1610612752,105,1610612746,114,''),(1048,'Mon, Mar 20, 2017','8:00 PM',1610612744,111,1610612760,95,''),(1049,'Mon, Mar 20, 2017','7:00 PM',1610612755,109,1610612753,112,'OT'),(1050,'Tue, Mar 21, 2017','7:30 PM',1610612765,96,1610612751,98,''),(1051,'Tue, Mar 21, 2017','8:30 PM',1610612744,112,1610612742,87,''),(1052,'Tue, Mar 21, 2017','10:30 PM',1610612746,133,1610612747,109,''),(1053,'Tue, Mar 21, 2017','7:30 PM',1610612756,97,1610612748,112,''),(1054,'Tue, Mar 21, 2017','9:30 PM',1610612759,100,1610612750,93,''),(1055,'Tue, Mar 21, 2017','8:00 PM',1610612763,82,1610612740,95,''),(1056,'Tue, Mar 21, 2017','10:00 PM',1610612749,93,1610612757,90,''),(1057,'Tue, Mar 21, 2017','7:00 PM',1610612741,120,1610612761,122,'OT'),(1058,'Wed, Mar 22, 2017','7:30 PM',1610612754,100,1610612738,109,''),(1059,'Wed, Mar 22, 2017','8:00 PM',1610612765,95,1610612741,117,''),(1060,'Wed, Mar 22, 2017','9:00 PM',1610612739,113,1610612743,126,''),(1061,'Wed, Mar 22, 2017','8:00 PM',1610612755,97,1610612760,122,''),(1062,'Wed, Mar 22, 2017','7:00 PM',1610612766,109,1610612753,102,''),(1063,'Wed, Mar 22, 2017','10:30 PM',1610612749,116,1610612758,98,''),(1064,'Wed, Mar 22, 2017','10:30 PM',1610612752,101,1610612762,108,''),(1065,'Wed, Mar 22, 2017','8:00 PM',1610612737,100,1610612764,104,''),(1066,'Thu, Mar 23, 2017','7:30 PM',1610612756,98,1610612751,126,''),(1067,'Thu, Mar 23, 2017','8:30 PM',1610612746,95,1610612742,97,''),(1068,'Thu, Mar 23, 2017','7:30 PM',1610612761,101,1610612748,84,''),(1069,'Thu, Mar 23, 2017','10:00 PM',1610612752,95,1610612757,110,''),(1070,'Thu, Mar 23, 2017','8:30 PM',1610612763,90,1610612759,97,''),(1071,'Fri, Mar 24, 2017','7:30 PM',1610612756,120,1610612738,130,''),(1072,'Fri, Mar 24, 2017','8:00 PM',1610612755,117,1610612741,107,''),(1073,'Fri, Mar 24, 2017','7:00 PM',1610612739,112,1610612766,105,''),(1074,'Fri, Mar 24, 2017','10:30 PM',1610612758,100,1610612744,114,''),(1075,'Fri, Mar 24, 2017','8:00 PM',1610612740,107,1610612745,117,''),(1076,'Fri, Mar 24, 2017','7:00 PM',1610612743,125,1610612754,117,''),(1077,'Fri, Mar 24, 2017','10:30 PM',1610612750,119,1610612747,130,'OT'),(1078,'Fri, Mar 24, 2017','8:00 PM',1610612737,97,1610612749,100,''),(1079,'Fri, Mar 24, 2017','7:00 PM',1610612765,87,1610612753,115,''),(1080,'Fri, Mar 24, 2017','7:00 PM',1610612751,108,1610612764,129,''),(1081,'Sat, Mar 25, 2017','7:30 PM',1610612764,127,1610612739,115,''),(1082,'Sat, Mar 25, 2017','8:30 PM',1610612761,94,1610612742,86,''),(1083,'Sat, Mar 25, 2017','3:30 PM',1610612762,95,1610612746,108,''),(1084,'Sat, Mar 25, 2017','10:00 PM',1610612750,100,1610612757,112,''),(1085,'Sat, Mar 25, 2017','8:30 PM',1610612752,98,1610612759,106,''),(1086,'Sun, Mar 26, 2017','1:00 PM',1610612751,107,1610612737,92,''),(1087,'Sun, Mar 26, 2017','6:00 PM',1610612748,108,1610612738,112,''),(1088,'Sun, Mar 26, 2017','1:00 PM',1610612756,106,1610612766,120,''),(1089,'Sun, Mar 26, 2017','8:00 PM',1610612740,115,1610612743,90,''),(1090,'Sun, Mar 26, 2017','8:00 PM',1610612763,94,1610612744,106,''),(1091,'Sun, Mar 26, 2017','3:30 PM',1610612760,125,1610612745,137,''),(1092,'Sun, Mar 26, 2017','6:00 PM',1610612755,94,1610612754,107,''),(1093,'Sun, Mar 26, 2017','3:30 PM',1610612758,98,1610612746,97,''),(1094,'Sun, Mar 26, 2017','9:30 PM',1610612757,97,1610612747,81,''),(1095,'Sun, Mar 26, 2017','3:30 PM',1610612741,109,1610612749,94,''),(1096,'Mon, Mar 27, 2017','8:30 PM',1610612760,92,1610612742,91,''),(1097,'Mon, Mar 27, 2017','7:30 PM',1610612765,95,1610612752,109,''),(1098,'Mon, Mar 27, 2017','10:30 PM',1610612763,90,1610612758,91,''),(1099,'Mon, Mar 27, 2017','8:00 PM',1610612739,74,1610612759,103,''),(1100,'Mon, Mar 27, 2017','7:30 PM',1610612753,112,1610612761,131,''),(1101,'Mon, Mar 27, 2017','10:30 PM',1610612740,100,1610612762,108,''),(1102,'Tue, Mar 28, 2017','7:30 PM',1610612756,91,1610612737,95,''),(1103,'Tue, Mar 28, 2017','7:30 PM',1610612755,106,1610612751,101,''),(1104,'Tue, Mar 28, 2017','7:00 PM',1610612749,118,1610612766,108,''),(1105,'Tue, Mar 28, 2017','7:30 PM',1610612748,97,1610612765,96,''),(1106,'Tue, Mar 28, 2017','8:00 PM',1610612744,113,1610612745,106,''),(1107,'Tue, Mar 28, 2017','7:00 PM',1610612750,115,1610612754,114,''),(1108,'Tue, Mar 28, 2017','10:30 PM',1610612764,119,1610612747,108,''),(1109,'Tue, Mar 28, 2017','10:00 PM',1610612743,113,1610612757,122,''),(1110,'Wed, Mar 29, 2017','7:30 PM',1610612749,103,1610612738,100,''),(1111,'Wed, Mar 29, 2017','10:30 PM',1610612764,124,1610612746,133,''),(1112,'Wed, Mar 29, 2017','8:00 PM',1610612754,97,1610612763,110,''),(1113,'Wed, Mar 29, 2017','8:00 PM',1610612742,118,1610612740,121,''),(1114,'Wed, Mar 29, 2017','7:30 PM',1610612748,105,1610612752,88,''),(1115,'Wed, Mar 29, 2017','7:00 PM',1610612760,114,1610612753,106,'OT'),(1116,'Wed, Mar 29, 2017','7:00 PM',1610612737,99,1610612755,92,''),(1117,'Wed, Mar 29, 2017','10:30 PM',1610612762,112,1610612758,82,''),(1118,'Wed, Mar 29, 2017','9:30 PM',1610612744,110,1610612759,98,''),(1119,'Wed, Mar 29, 2017','7:30 PM',1610612766,110,1610612761,106,''),(1120,'Thu, Mar 30, 2017','8:00 PM',1610612739,93,1610612741,99,''),(1121,'Thu, Mar 30, 2017','7:30 PM',1610612751,89,1610612765,90,''),(1122,'Thu, Mar 30, 2017','8:00 PM',1610612747,104,1610612750,119,''),(1123,'Thu, Mar 30, 2017','10:00 PM',1610612746,124,1610612756,118,''),(1124,'Thu, Mar 30, 2017','10:30 PM',1610612745,107,1610612757,117,''),(1125,'Fri, Mar 31, 2017','7:30 PM',1610612753,116,1610612738,117,''),(1126,'Fri, Mar 31, 2017','7:00 PM',1610612743,114,1610612766,122,''),(1127,'Fri, Mar 31, 2017','7:30 PM',1610612755,105,1610612739,122,''),(1128,'Fri, Mar 31, 2017','10:30 PM',1610612745,98,1610612744,107,''),(1129,'Fri, Mar 31, 2017','8:00 PM',1610612742,90,1610612763,99,''),(1130,'Fri, Mar 31, 2017','8:00 PM',1610612752,98,1610612748,94,''),(1131,'Fri, Mar 31, 2017','8:00 PM',1610612765,105,1610612749,108,'OT'),(1132,'Fri, Mar 31, 2017','8:00 PM',1610612758,89,1610612740,117,''),(1133,'Fri, Mar 31, 2017','8:00 PM',1610612759,100,1610612760,95,''),(1134,'Fri, Mar 31, 2017','7:00 PM',1610612754,100,1610612761,111,''),(1135,'Fri, Mar 31, 2017','9:00 PM',1610612764,88,1610612762,95,''),(1136,'Sat, Apr 1, 2017','6:00 PM',1610612753,111,1610612751,121,''),(1137,'Sat, Apr 1, 2017','5:00 PM',1610612737,104,1610612741,106,''),(1138,'Sat, Apr 1, 2017','3:30 PM',1610612747,104,1610612746,115,''),(1139,'Sat, Apr 1, 2017','8:00 PM',1610612758,123,1610612750,117,''),(1140,'Sat, Apr 1, 2017','10:00 PM',1610612756,117,1610612757,130,''),(1141,'Sun, Apr 2, 2017','6:00 PM',1610612737,82,1610612751,91,''),(1142,'Sun, Apr 2, 2017','6:00 PM',1610612754,130,1610612739,135,'2OT'),(1143,'Sun, Apr 2, 2017','8:00 PM',1610612764,115,1610612744,139,''),(1144,'Sun, Apr 2, 2017','3:30 PM',1610612763,103,1610612747,108,''),(1145,'Sun, Apr 2, 2017','6:00 PM',1610612743,116,1610612748,113,''),(1146,'Sun, Apr 2, 2017','3:30 PM',1610612742,109,1610612749,105,''),(1147,'Sun, Apr 2, 2017','6:00 PM',1610612741,117,1610612740,110,''),(1148,'Sun, Apr 2, 2017','1:00 PM',1610612738,110,1610612752,94,''),(1149,'Sun, Apr 2, 2017','3:00 PM',1610612766,113,1610612760,101,''),(1150,'Sun, Apr 2, 2017','9:00 PM',1610612745,123,1610612756,116,''),(1151,'Sun, Apr 2, 2017','3:30 PM',1610612762,103,1610612759,109,''),(1152,'Sun, Apr 2, 2017','6:00 PM',1610612755,105,1610612761,113,''),(1153,'Mon, Apr 3, 2017','7:00 PM',1610612757,109,1610612750,110,''),(1154,'Tue, Apr 4, 2017','7:00 PM',1610612753,102,1610612739,122,''),(1155,'Tue, Apr 4, 2017','10:30 PM',1610612750,107,1610612744,121,''),(1156,'Tue, Apr 4, 2017','7:00 PM',1610612761,90,1610612754,108,''),(1157,'Tue, Apr 4, 2017','8:00 PM',1610612743,134,1610612740,131,''),(1158,'Tue, Apr 4, 2017','8:00 PM',1610612741,91,1610612752,100,''),(1159,'Tue, Apr 4, 2017','8:00 PM',1610612749,79,1610612760,110,''),(1160,'Tue, Apr 4, 2017','7:00 PM',1610612751,141,1610612755,118,''),(1161,'Tue, Apr 4, 2017','10:30 PM',1610612742,87,1610612758,98,''),(1162,'Tue, Apr 4, 2017','8:30 PM',1610612763,89,1610612759,95,'OT'),(1163,'Tue, Apr 4, 2017','9:00 PM',1610612757,87,1610612762,106,''),(1164,'Tue, Apr 4, 2017','7:00 PM',1610612766,111,1610612764,118,''),(1165,'Wed, Apr 5, 2017','8:00 PM',1610612739,114,1610612738,91,''),(1166,'Wed, Apr 5, 2017','7:00 PM',1610612748,112,1610612766,99,''),(1167,'Wed, Apr 5, 2017','7:30 PM',1610612761,105,1610612765,102,''),(1168,'Wed, Apr 5, 2017','8:00 PM',1610612743,104,1610612745,110,''),(1169,'Wed, Apr 5, 2017','10:30 PM',1610612742,101,1610612746,112,''),(1170,'Wed, Apr 5, 2017','8:00 PM',1610612760,103,1610612763,100,''),(1171,'Wed, Apr 5, 2017','10:00 PM',1610612744,120,1610612756,111,''),(1172,'Wed, Apr 5, 2017','8:30 PM',1610612747,102,1610612759,95,''),(1173,'Thu, Apr 6, 2017','8:00 PM',1610612738,116,1610612737,123,''),(1174,'Thu, Apr 6, 2017','7:00 PM',1610612749,89,1610612754,104,''),(1175,'Thu, Apr 6, 2017','7:30 PM',1610612764,106,1610612752,103,''),(1176,'Thu, Apr 6, 2017','7:00 PM',1610612751,107,1610612753,115,''),(1177,'Thu, Apr 6, 2017','7:00 PM',1610612741,102,1610612755,90,''),(1178,'Thu, Apr 6, 2017','10:30 PM',1610612750,98,1610612757,105,''),(1179,'Fri, Apr 7, 2017','7:30 PM',1610612737,114,1610612739,100,''),(1180,'Fri, Apr 7, 2017','8:30 PM',1610612759,102,1610612742,89,''),(1181,'Fri, Apr 7, 2017','9:00 PM',1610612740,106,1610612743,122,''),(1182,'Fri, Apr 7, 2017','8:00 PM',1610612765,114,1610612745,109,''),(1183,'Fri, Apr 7, 2017','10:30 PM',1610612758,94,1610612747,98,''),(1184,'Fri, Apr 7, 2017','8:00 PM',1610612752,88,1610612763,101,''),(1185,'Fri, Apr 7, 2017','10:00 PM',1610612760,99,1610612756,120,''),(1186,'Fri, Apr 7, 2017','7:30 PM',1610612748,94,1610612761,96,''),(1187,'Fri, Apr 7, 2017','9:00 PM',1610612750,113,1610612762,120,''),(1188,'Sat, Apr 8, 2017','5:00 PM',1610612741,106,1610612751,107,''),(1189,'Sat, Apr 8, 2017','6:00 PM',1610612738,121,1610612766,114,''),(1190,'Sat, Apr 8, 2017','10:30 PM',1610612740,101,1610612744,123,''),(1191,'Sat, Apr 8, 2017','6:00 PM',1610612754,127,1610612753,112,''),(1192,'Sat, Apr 8, 2017','7:00 PM',1610612749,90,1610612755,82,''),(1193,'Sat, Apr 8, 2017','10:00 PM',1610612762,86,1610612757,101,''),(1194,'Sat, Apr 8, 2017','8:30 PM',1610612746,98,1610612759,87,''),(1195,'Sat, Apr 8, 2017','7:00 PM',1610612748,106,1610612764,103,''),(1196,'Sun, Apr 9, 2017','3:30 PM',1610612739,125,1610612737,126,'OT'),(1197,'Sun, Apr 9, 2017','5:00 PM',1610612760,106,1610612743,105,''),(1198,'Sun, Apr 9, 2017','9:30 PM',1610612750,109,1610612747,110,''),(1199,'Sun, Apr 9, 2017','6:00 PM',1610612765,103,1610612763,90,''),(1200,'Sun, Apr 9, 2017','12:00 PM',1610612761,110,1610612752,97,''),(1201,'Sun, Apr 9, 2017','6:00 PM',1610612742,111,1610612756,124,''),(1202,'Sun, Apr 9, 2017','6:00 PM',1610612745,135,1610612758,128,''),(1203,'Mon, Apr 10, 2017','7:30 PM',1610612751,105,1610612738,114,''),(1204,'Mon, Apr 10, 2017','8:00 PM',1610612753,75,1610612741,122,''),(1205,'Mon, Apr 10, 2017','8:00 PM',1610612764,105,1610612765,101,''),(1206,'Mon, Apr 10, 2017','10:30 PM',1610612762,105,1610612744,99,''),(1207,'Mon, Apr 10, 2017','10:30 PM',1610612745,96,1610612746,125,''),(1208,'Mon, Apr 10, 2017','7:30 PM',1610612739,121,1610612748,124,'OT'),(1209,'Mon, Apr 10, 2017','8:00 PM',1610612766,79,1610612749,89,''),(1210,'Mon, Apr 10, 2017','7:00 PM',1610612754,120,1610612755,111,''),(1211,'Mon, Apr 10, 2017','10:00 PM',1610612759,98,1610612757,99,''),(1212,'Tue, Apr 11, 2017','7:30 PM',1610612766,76,1610612737,103,''),(1213,'Tue, Apr 11, 2017','8:30 PM',1610612743,109,1610612742,91,''),(1214,'Tue, Apr 11, 2017','10:30 PM',1610612740,96,1610612747,108,''),(1215,'Tue, Apr 11, 2017','8:00 PM',1610612760,100,1610612750,98,''),(1216,'Tue, Apr 11, 2017','10:30 PM',1610612756,104,1610612758,129,''),(1217,'Wed, Apr 12, 2017','8:00 PM',1610612749,94,1610612738,112,''),(1218,'Wed, Apr 12, 2017','8:00 PM',1610612751,73,1610612741,112,''),(1219,'Wed, Apr 12, 2017','8:00 PM',1610612761,98,1610612739,83,''),(1220,'Wed, Apr 12, 2017','10:30 PM',1610612747,94,1610612744,109,''),(1221,'Wed, Apr 12, 2017','8:00 PM',1610612750,118,1610612745,123,''),(1222,'Wed, Apr 12, 2017','8:00 PM',1610612737,86,1610612754,104,''),(1223,'Wed, Apr 12, 2017','10:30 PM',1610612758,95,1610612746,115,''),(1224,'Wed, Apr 12, 2017','8:00 PM',1610612742,100,1610612763,93,''),(1225,'Wed, Apr 12, 2017','8:00 PM',1610612764,102,1610612748,110,''),(1226,'Wed, Apr 12, 2017','8:00 PM',1610612755,113,1610612752,114,''),(1227,'Wed, Apr 12, 2017','8:00 PM',1610612743,111,1610612760,105,''),(1228,'Wed, Apr 12, 2017','8:00 PM',1610612765,109,1610612753,113,''),(1229,'Wed, Apr 12, 2017','10:30 PM',1610612740,103,1610612757,100,''),(1230,'Wed, Apr 12, 2017','9:00 PM',1610612759,97,1610612762,101,'');
/*!40000 ALTER TABLE `games` ENABLE KEYS */;
UNLOCK TABLES;

--
-- Table structure for table `injuries`
--

DROP TABLE IF EXISTS `injuries`;
/*!40101 SET @saved_cs_client     = @@character_set_client */;
/*!40101 SET character_set_client = utf8 */;
CREATE TABLE `injuries` (
  `INJURY_ID` int(11) DEFAULT NULL,
  `TEAM_ID` int(11) DEFAULT NULL,
  `PLAYER_ID` int(11) DEFAULT NULL,
  `DATE` text,
  `INJURY` text
) ENGINE=InnoDB DEFAULT CHARSET=latin1;
/*!40101 SET character_set_client = @saved_cs_client */;

--
-- Dumping data for table `injuries`
--

LOCK TABLES `injuries` WRITE;
/*!40000 ALTER TABLE `injuries` DISABLE KEYS */;
INSERT INTO `injuries` VALUES (1,1610612755,203967,'04/12/2017','Sore left heel'),(2,1610612755,203496,'3/30/17','Torn meniscus'),(4,1610612755,1626143,'3/24/17','Sore right knee'),(5,1610612755,1626147,'3/19/17','Illness'),(6,1610612755,1626143,'3/19/17','Sore right knee'),(7,1610612755,1626143,'03/04/2017','Sore right knee'),(8,1610612755,203496,'2/15/17','Head contusion'),(9,1610612755,1626158,'02/08/2017','Illness'),(10,1610612755,1626143,'02/04/2017','Sore right knee'),(11,1610612755,203496,'02/01/2017','Right hand contusion'),(12,1610612755,203954,'1/30/17','Left knee contusion'),(13,1610612755,1626143,'1/24/17','Right knee soreness'),(14,1610612755,203954,'1/20/17','Left knee contusion'),(15,1610612755,204456,'1/16/17','Sore wrist'),(16,1610612755,203496,'01/05/2017','Lower back contusion'),(17,1610612755,203954,'01/05/2017','Illness'),(19,1610612755,1626143,'12/30/16','Left hamstring tightness'),(20,1610612755,203917,'12/24/16','Right knee soreness'),(21,1610612755,1626158,'12/23/16','Concussion'),(22,1610612755,203917,'12/18/16','Sore left knee'),(23,1610612755,203954,'12/16/16','Sore knee'),(24,1610612755,203967,'12/16/16','Bruised shin'),(26,1610612755,203954,'12/10/2016','Right elbow inflammation'),(27,1610612755,203496,'12/05/2016','Sore knee'),(28,1610612755,1626143,'12/05/2016','Illness'),(29,1610612755,203496,'12/02/2016','Left ankle sprain'),(30,1610612755,201573,'11/28/16','Left wrist surgery'),(31,1610612755,203954,'11/19/16','Sore ankle'),(32,1610612755,201573,'10/24/16','Sore wrist'),(34,1610612755,1627732,'10/01/2016','Fractured foot'),(35,1610612749,1627763,'3/31/17','Sore back'),(36,1610612749,203089,'3/22/17','Sprained left thumb'),(37,1610612749,1626173,'3/15/17','Right foot'),(38,1610612749,1627763,'03/10/2017','Sore back'),(39,1610612749,203141,'03/09/2017','Sore hamstring'),(40,1610612749,201563,'2/27/17','Sprained left knee'),(42,1610612749,203953,'02/08/2017','Sprained left knee'),(43,1610612749,203507,'01/08/2017','Illness'),(44,1610612749,203521,'12/30/16','Sore hamstring'),(45,1610612749,203141,'12/26/16','Illness'),(47,1610612749,1626173,'12/23/16','Sore ankle'),(48,1610612749,201563,'12/14/16','Sprained left foot'),(50,1610612749,203503,'10/26/16','Sore ankle'),(51,1610612749,201563,'10/24/16','Sore elbow'),(52,1610612749,203114,'10/24/16','Hamstring surgery'),(53,1610612741,200765,'4/21/17','Fractured right thumb'),(54,1610612741,200765,'04/05/2017','Sprained right wrist'),(55,1610612741,1626245,'3/22/17','Lower back contusion'),(56,1610612741,1626166,'3/15/17','Sore right foot'),(57,1610612741,2548,'3/15/17','Fractured elbow'),(58,1610612741,200765,'03/06/2017','Sprained right ankle'),(59,1610612741,2548,'03/06/2017','Strained left quad'),(60,1610612741,203487,'2/25/17','Patellar tendinitis'),(61,1610612741,202710,'02/12/2017','Heel contusion'),(62,1610612741,202703,'02/12/2017','Back spasms'),(63,1610612741,2548,'02/12/2017','Right wrist contusion'),(64,1610612741,1627835,'02/09/2017','Left ankle tendinitis'),(65,1610612741,2548,'02/08/2017','Illness'),(66,1610612741,1626245,'02/06/2017','Right lower leg strain'),(67,1610612741,202710,'02/03/2017','Heel contusion'),(68,1610612741,1627756,'01/12/2017','Illness'),(69,1610612741,202710,'01/10/2017','Illness'),(70,1610612741,202703,'01/10/2017','Illness'),(71,1610612741,1627756,'01/03/2017','Sore left ankle'),(72,1610612741,2548,'01/02/2017','Knee swelling'),(73,1610612741,200765,'12/13/16','Sore ankle'),(74,1610612741,2548,'11/30/16','Sore tooth'),(75,1610612741,1627835,'11/22/16','Sore back'),(76,1610612741,200765,'11/14/16','Sore ankle'),(77,1610612741,203487,'11/01/2016','Bruised knee'),(78,1610612741,1626245,'10/24/16','Sore neck'),(79,1610612741,1626166,'10/16/16','Right foot fracture'),(80,1610612741,1627756,'10/04/2016','Sprained ankle'),(82,1610612739,1627770,'04/10/2017','Sore leg'),(83,1610612739,202681,'04/10/2017','Left knee tendinitis'),(84,1610612739,2544,'04/10/2017','Strained right calf'),(85,1610612739,202684,'04/05/2017','Sore thumb'),(86,1610612739,2210,'3/30/17','Left knee tendinitis'),(87,1610612739,2594,'3/27/17','Sore left foot'),(88,1610612739,202697,'3/25/17','Sore right knee'),(90,1610612739,101106,'03/08/2017','Fractured left tibia'),(91,1610612739,2594,'03/08/2017','Sore left foot'),(92,1610612739,2594,'2/26/17','Sore knee'),(93,1610612739,2544,'2/25/17','Illness'),(95,1610612739,201567,'02/12/2017','Sore left knee'),(96,1610612739,202697,'02/08/2017','Sprained left ankle'),(97,1610612739,202681,'02/04/2017','Sore right quad'),(98,1610612739,201567,'02/01/2017','Lower back spasms'),(99,1610612739,101106,'1/30/17','Sore hamstring'),(101,1610612739,201567,'1/19/17','Sore lower back'),(102,1610612739,101106,'01/11/2017','Strained hamstring'),(103,1610612739,201567,'01/04/2017','Illness'),(105,1610612739,202681,'12/31/16','Right hamstring'),(106,1610612739,2594,'12/24/16','Illness'),(108,1610612739,201567,'12/19/16','Sore knee'),(109,1610612739,201567,'12/09/2016','Sore back'),(110,1610612739,101106,'12/06/2016','Bruised right knee'),(113,1610612739,202697,'11/27/16','Sore hamstring'),(114,1610612739,101106,'11/21/16','Sore calf'),(119,1610612739,1627770,'10/24/16','Concussion'),(120,1610612738,202738,'05/01/2017','Sore hip'),(121,1610612738,101161,'04/08/2017','Illness'),(123,1610612738,203109,'04/04/2017','Sore elbow'),(124,1610612738,202340,'3/31/17','Illness'),(125,1610612738,101161,'3/31/17','Sore ankle'),(126,1610612738,201973,'3/28/17','Sore knee'),(127,1610612738,202340,'3/24/17','Illness'),(128,1610612738,202738,'3/16/17','Right knee bone bruise'),(130,1610612738,202340,'03/05/2017','Sore hamstring'),(131,1610612738,201143,'03/05/2017','Sprained elbow'),(133,1610612738,1627759,'2/13/17','Strained right hip'),(134,1610612738,203482,'02/01/2017','Strained left shoulder'),(135,1610612738,201143,'1/27/17','Strained Groin'),(136,1610612738,202340,'1/18/17','Sore right Achilles'),(137,1610612738,202340,'01/11/2017','Strained Achilles'),(138,1610612738,1627759,'01/11/2017','Sore ankle'),(139,1610612738,101161,'01/11/2017','Sprained Ankle'),(140,1610612738,202340,'01/07/2017','Illness'),(142,1610612738,203935,'01/02/2017','Illness'),(143,1610612738,203092,'01/02/2017','Sinus infection'),(144,1610612738,202340,'12/30/16','Illness'),(145,1610612738,202738,'12/06/2016','Pulled groin'),(146,1610612738,202340,'11/02/2016','Sore shoulder'),(147,1610612738,203109,'11/02/2016','Sprained left ankle'),(148,1610612738,201143,'11/02/2016','Concussion'),(149,1610612738,203482,'10/26/16','Sore shoulder'),(150,1610612738,203935,'10/20/16','Sprained ankle'),(151,1610612746,201933,'4/21/17','Broken toe'),(152,1610612746,203085,'3/30/17','Sore hamstring'),(154,1610612746,101108,'1/17/17','Torn left thumb ligament'),(155,1610612746,203085,'01/08/2017','Illness'),(156,1610612746,202325,'01/01/2017','Sprained left ankle'),(157,1610612746,202325,'12/30/16','Sprained left ankle'),(158,1610612746,101108,'12/30/16','Sore left hamstring'),(160,1610612746,101108,'12/23/16','Sore left hamstring'),(161,1610612746,201933,'12/19/16','Right knee surgery'),(163,1610612746,203085,'12/11/2016','Mild concussion'),(164,1610612746,201933,'12/09/2016','Sore right knee'),(165,1610612746,202325,'11/12/2016','Sore heel'),(166,1610612746,1627744,'10/24/16','Sore back'),(168,1610612746,101108,'10/16/16','Sprained left thumb'),(170,1610612763,2754,'4/13/17','Strained right calf'),(171,1610612763,201144,'04/05/2017','Sore eye'),(172,1610612763,2754,'04/03/2017','Left eye'),(173,1610612763,203210,'3/31/17','Sore left shoulder'),(174,1610612763,1626150,'3/30/17','Sore right ankle'),(175,1610612763,201188,'3/26/17','Strained left foot'),(176,1610612763,2754,'3/22/17','Sore left knee'),(177,1610612763,202718,'3/13/17','Torn left meniscus'),(178,1610612763,202718,'03/09/2017','Left knee soreness'),(179,1610612763,2216,'02/08/2017','Sore left foot'),(180,1610612763,203584,'1/25/17','Sore right knee'),(181,1610612763,203210,'1/25/17','Sore left knee'),(182,1610612763,202718,'1/25/17','Sore left knee'),(183,1610612763,203210,'01/04/2017','Facial contusion'),(184,1610612763,201188,'01/01/2017','Sprained left ankle'),(185,1610612763,201144,'12/27/16','Sore toe'),(186,1610612763,1627738,'12/15/16','Left foot plantar fasciitis'),(187,1610612763,203584,'12/09/2016','Illness'),(188,1610612763,1713,'11/29/16','Sore hip'),(189,1610612763,201144,'11/29/16','Sore back'),(190,1610612763,203516,'11/21/16','Right calf'),(191,1610612763,202718,'11/19/16','Sore knee'),(192,1610612763,201144,'11/17/16','Sore quad'),(193,1610612763,203516,'11/17/16','Sore toe'),(194,1610612763,201144,'11/13/16','Sore hamstring'),(195,1610612763,202718,'11/12/2016','Sore left knee'),(196,1610612763,2754,'11/08/2016','Strained right groin'),(197,1610612763,201144,'11/07/2016','Sore hamstring'),(198,1610612763,201144,'11/05/2016','Sore Achilles'),(199,1610612763,1627735,'11/02/2016','Sore Quad'),(200,1610612763,1626185,'11/02/2016','Sore foot'),(201,1610612763,203210,'10/30/16','Sore ankle'),(202,1610612763,1626150,'10/30/16','Sore hip'),(203,1610612763,1627735,'10/28/16','Sore knee'),(204,1610612763,2754,'10/26/16','Right knee'),(205,1610612763,1626185,'10/24/16','Bruised foot'),(206,1610612763,202718,'10/24/16','Sore knee'),(207,1610612763,201148,'10/24/16','Sore ankle'),(208,1610612763,201188,'10/15/16','Sore right ankle'),(209,1610612737,203501,'04/07/2017','Sore knee'),(210,1610612737,200794,'04/07/2017','Sore knee'),(211,1610612737,203471,'04/07/2017','Sprained right foot'),(212,1610612737,1627098,'04/01/2017','Back spasms'),(213,1610612737,200757,'3/26/17','Right groin strain'),(214,1610612737,203145,'3/19/17','Sore knee'),(215,1610612737,200794,'3/18/17','Left knee tightness'),(217,1610612737,200757,'1/28/17','Sore groin'),(218,1610612737,203488,'1/15/17','Sore left ankle'),(220,1610612737,203501,'12/21/16','Sore groin'),(221,1610612737,2730,'12/19/16','Sore back'),(222,1610612737,1627098,'12/17/16','Sore ankle'),(223,1610612737,203145,'12/07/2016','Sore knee'),(224,1610612737,203501,'12/07/2016','Knee'),(227,1610612737,200794,'11/30/16','Sore hip'),(228,1610612737,203501,'11/20/16','Head'),(229,1610612737,2730,'11/16/16','Left quad contusion'),(230,1610612737,200757,'11/16/16','Sprained left knee'),(232,1610612748,202337,'04/05/2017','Strained right hip flexor'),(233,1610612748,202355,'3/22/17','Lacerated right hand'),(234,1610612748,203079,'3/18/17','Left ankle sprain'),(235,1610612748,201949,'03/06/2017','Sore elbow'),(236,1610612748,204020,'03/06/2017','Sore shoulder'),(237,1610612748,203186,'2/26/17','Calf strain'),(238,1610612748,203079,'02/08/2017','Sprained left ankle'),(239,1610612748,202355,'1/26/17','Sprained right ankle'),(240,1610612748,204020,'1/21/17','Sprained left shoulder'),(241,1610612748,203186,'1/13/17','Bruised sternum'),(242,1610612748,202337,'01/08/2017','Illness'),(243,1610612748,1626196,'01/07/2017','Sore left foot'),(244,1610612748,201949,'01/03/2017','Illness'),(245,1610612748,204020,'01/03/2017','Migraine'),(246,1610612748,202355,'01/01/2017','Eye'),(247,1610612748,1626159,'01/01/2017','Sore shoulder'),(248,1610612748,201609,'12/30/16','Back spasms'),(249,1610612748,201609,'12/27/16','Back spasms'),(250,1610612748,201177,'12/27/16','Foot stress reaction'),(251,1610612748,203585,'12/19/16','Sprained ankle'),(252,1610612748,201961,'12/17/16','Strained right hamstring'),(253,1610612748,204020,'12/16/16','Illness'),(254,1610612748,203585,'12/07/2016','Sore ankle'),(255,1610612748,201949,'12/05/2016','Sore shoulder'),(256,1610612748,202337,'12/02/2016','Right hip strain'),(257,1610612748,1626196,'11/30/16','Sore ankle'),(258,1610612748,204020,'11/28/16','Lost tooth'),(259,1610612748,203079,'11/27/16','Sore groin'),(260,1610612748,201609,'11/25/16','Sore left elbow'),(261,1610612748,203186,'11/20/16','Sore knee'),(262,1610612748,203079,'11/19/16','Pulled groin'),(263,1610612748,1626159,'11/15/16','Wrist injury'),(264,1610612748,201609,'11/11/2016','Sprained left ankle'),(265,1610612748,201961,'11/07/2016','Right thigh contusion'),(267,1610612748,201961,'10/24/16','Strained quadriceps'),(268,1610612748,201177,'10/24/16','Sore foot'),(269,1610612748,1626196,'10/24/16','Sore knee'),(270,1610612748,202337,'10/15/16','Right groin'),(271,1610612748,1627855,'10/15/16','Sprained left ankle'),(272,1610612766,202689,'04/10/2017','Sore left knee'),(273,1610612766,201158,'04/08/2017','Strained finger'),(274,1610612766,203077,'3/20/17','Strained right ankle'),(275,1610612766,201587,'3/13/17','Migraine'),(276,1610612766,203948,'03/09/2017','Sprained right ankle'),(277,1610612766,1626163,'03/06/2017','Sprained left shoulder'),(278,1610612766,101107,'2/28/17','Strained right shoulder'),(279,1610612766,203101,'2/14/17','Sore calf'),(280,1610612766,101107,'2/14/17','Illness'),(281,1610612766,203469,'02/11/2017','Sore quad'),(282,1610612766,201196,'02/04/2017','Torn meniscus, left knee'),(283,1610612766,203469,'1/25/17','Quad contusion'),(285,1610612766,203087,'01/12/2017','Sore foot'),(286,1610612766,203469,'01/09/2017','Illness'),(287,1610612766,201587,'01/06/2017','Strained right knee'),(288,1610612766,203469,'01/02/2017','Concussion'),(289,1610612766,203101,'01/01/2017','Sore finger'),(290,1610612766,201158,'12/24/16','Sprained left ankle'),(291,1610612766,203087,'12/17/16','Strained rib cage'),(293,1610612766,202689,'12/11/2016','Left knee contusion'),(294,1610612766,201158,'11/27/16','Sore hamstring'),(295,1610612766,201587,'11/26/16','Eye laceration'),(296,1610612766,101107,'11/26/16','Hyperextended left knee'),(297,1610612766,1626163,'11/21/16','Sprained left ankle'),(299,1610612766,203469,'11/19/16','Sore shoulder'),(300,1610612766,1626203,'11/17/16','Sore achilles'),(301,1610612766,203077,'11/11/2016','Sore lower back'),(302,1610612766,203077,'11/08/2016','Sore back'),(303,1610612766,101107,'11/06/2016','Viral infection'),(305,1610612766,203087,'10/29/16','Left hamstring strain'),(306,1610612766,1626163,'10/24/16','Sore foot'),(308,1610612766,203469,'10/24/16','Sore knee'),(309,1610612762,201588,'05/04/2017','Sore toe'),(310,1610612762,202692,'4/20/17','Sore left knee'),(311,1610612762,203497,'4/16/17','Hyperextended left knee'),(312,1610612762,202330,'04/10/2017','Left quad contusion'),(313,1610612762,203526,'04/10/2017','Sprained right ankle'),(314,1610612762,202324,'04/09/2017','Sore left knee'),(315,1610612762,203918,'04/09/2017','Sore right knee'),(316,1610612762,203526,'04/06/2017','Strained right groin'),(317,1610612762,203481,'04/06/2017','Illness'),(318,1610612762,203918,'04/04/2017','Sore knee'),(319,1610612762,201588,'3/29/17','Groin strain'),(320,1610612762,202330,'3/25/17','Left quadriceps contusion'),(321,1610612762,203918,'3/16/17','Sore right knee'),(322,1610612762,203497,'03/11/2017','Sore right leg'),(323,1610612762,202324,'03/08/2017','Sore right knee'),(324,1610612762,201588,'03/06/2017','Toe soreness'),(325,1610612762,202714,'03/06/2017','Sprained left ankle'),(326,1610612762,2207,'03/05/2017','Sore left groin'),(327,1610612762,203918,'03/01/2017','Sore right knee'),(328,1610612762,203918,'02/01/2017','Hyperextended right knee'),(329,1610612762,203918,'1/15/17','Sore knee'),(330,1610612762,201588,'01/01/2017','Concussion'),(332,1610612762,203918,'12/21/16','Illness'),(334,1610612762,202330,'12/08/2016','Sprained finger'),(335,1610612762,203918,'12/06/2016','Sore hamstring'),(336,1610612762,203918,'12/03/2016','Sore hamstring'),(337,1610612762,201588,'12/01/2016','Sore toe'),(338,1610612762,2207,'11/22/16','Illness'),(339,1610612762,202324,'11/15/16','Reaggravated left knee soreness'),(340,1610612762,203918,'11/14/16','Illness'),(341,1610612762,202324,'11/12/2016','Sore left knee'),(342,1610612762,201588,'11/07/2016','Sore thumb'),(344,1610612762,202692,'10/24/16','Sore leg'),(345,1610612762,202324,'10/24/16','Sore knee'),(346,1610612762,202330,'10/07/2016','Broken finger'),(347,1610612758,201936,'3/27/17','Sore knee'),(349,1610612758,201936,'3/18/17','Sore left ankle'),(350,1610612758,201167,'2/27/17','Sore left hamstring'),(351,1610612758,1627781,'2/21/17','Torn right hamstring'),(353,1610612758,201936,'02/07/2017','Sprained left ankle'),(354,1610612758,202066,'02/02/2017','Strained hamstring'),(355,1610612758,201936,'1/31/17','Sore left ankle'),(356,1610612758,200752,'1/19/17','Torn left Achilles'),(358,1610612758,201936,'01/05/2017','Back spasms'),(360,1610612758,200752,'12/28/16','Right hip flexor'),(361,1610612758,201167,'12/26/16','Sore elbow'),(362,1610612758,200752,'12/13/16','Strained right hip flexor'),(363,1610612758,203463,'12/13/16','Sore quad'),(364,1610612758,200752,'11/05/2016','Sore rib'),(365,1610612758,201229,'11/05/2016','Right knee sprain'),(366,1610612758,201936,'10/24/16','Knee surgery'),(367,1610612752,2546,'04/08/2017','Sore lower back'),(368,1610612752,204001,'04/06/2017','Sore back'),(370,1610612752,2546,'3/31/17','Sore back'),(371,1610612752,201565,'3/29/17','Torn meniscus'),(372,1610612752,201565,'3/23/17','Right foot injury'),(373,1610612752,202498,'3/23/17','Sore right hip'),(374,1610612752,204001,'3/15/17','Left thigh contusion'),(375,1610612752,2546,'03/06/2017','Sore left knee'),(378,1610612752,204001,'2/23/17','Sprained right ankle'),(379,1610612752,201584,'2/22/17','Illness'),(380,1610612752,201149,'02/06/2017','Sore left hamstring'),(381,1610612752,204001,'1/31/17','Illness'),(382,1610612752,201565,'1/28/17','Sprained left ankle'),(383,1610612752,201149,'1/18/17','Sore left ankle'),(384,1610612752,202498,'1/16/17','Fractured orbital bone'),(385,1610612752,204001,'01/12/2017','Sore left Achilles'),(387,1610612752,2546,'01/01/2017','Sore knee'),(388,1610612752,203124,'01/01/2017','Illness'),(389,1610612752,204001,'01/01/2017','Sore Achilles'),(390,1610612752,201584,'12/27/16','Sore right wrist'),(391,1610612752,2546,'12/15/16','Sore shoulder'),(392,1610612752,201565,'12/14/16','Back spasms'),(393,1610612752,203124,'12/11/2016','Sprained ankle'),(394,1610612752,201565,'12/07/2016','Back strain'),(395,1610612752,201584,'11/30/16','Left ankle sprain'),(396,1610612752,201149,'11/30/16','Sore ankle'),(397,1610612752,201149,'11/20/16','Illness'),(398,1610612752,202498,'11/12/2016','Sore left ankle'),(399,1610612752,1627758,'10/28/16','Sore ankle'),(400,1610612752,204001,'10/15/16','Sore left groin'),(402,1610612747,202389,'4/22/17','Sore ankle'),(403,1610612747,203903,'04/06/2017','Left knee contusion'),(404,1610612747,1626156,'04/05/2017','Sore knee'),(405,1610612747,204028,'04/03/2017','Sprained left knee'),(406,1610612747,1627826,'3/31/17','Sprained right ankle'),(407,1610612747,1627742,'3/26/17','Knee tendinitis'),(408,1610612747,1627742,'3/23/17','Right paterllar tendinitis'),(409,1610612747,202389,'3/22/17','Left ankle sprain'),(410,1610612747,203898,'3/20/17','Tweaked left shoulder'),(411,1610612747,201156,'3/19/17','Illness'),(412,1610612747,204028,'3/18/17','Illness'),(413,1610612747,1626204,'03/06/2017','Sprained right wrist'),(414,1610612747,1627826,'03/06/2017','Quad contusion'),(416,1610612747,203903,'02/09/2017','Sprained right thumb'),(417,1610612747,203944,'02/03/2017','Illness'),(418,1610612747,203944,'1/26/17','Illness'),(419,1610612747,1626156,'1/21/17','Sprained knee ligament'),(420,1610612747,2736,'1/17/17','Sore wrist'),(421,1610612747,204028,'1/16/17','Sprained Ankle'),(422,1610612747,203903,'1/16/17','Sprained Ankle'),(423,1610612747,203944,'01/07/2017','Sprained left finger'),(424,1610612747,2736,'01/04/2017','Right biceps tendinitis'),(425,1610612747,1626204,'12/21/16','Left knee bone bruise'),(426,1610612747,204028,'12/17/16','Right ankle soreness'),(427,1610612747,204028,'12/06/2016','Sprained ankle'),(428,1610612747,1626204,'12/03/2016','Sore knee'),(429,1610612747,201156,'11/30/16','Strained right calf'),(430,1610612747,203944,'11/27/16','Sore hip'),(431,1610612747,201156,'11/25/16','Sore toe'),(432,1610612747,1626156,'11/21/16','Sore knee'),(433,1610612747,1626156,'11/18/16','Sore knee'),(434,1610612747,201156,'11/17/16','Illness'),(435,1610612747,1627742,'11/12/2016','Left ankle'),(436,1610612747,1627826,'11/11/2016','Sore back'),(437,1610612747,1626204,'11/07/2016','Concussion'),(438,1610612747,202389,'11/02/2016','Left eye contusion'),(439,1610612753,203095,'04/06/2017','Sore right wrist'),(440,1610612753,203932,'3/23/17','Sore left hip'),(441,1610612753,201145,'3/22/17','Back spasms'),(442,1610612753,202696,'3/19/17','Sore Achilles'),(443,1610612753,202696,'03/05/2017','Sore right Achilles'),(444,1610612753,203932,'2/28/17','Right quad contusion'),(446,1610612753,203932,'02/08/2017','Sprained right foot'),(447,1610612753,201571,'1/22/17','Sprained right ankle'),(449,1610612753,201975,'1/18/17','Dislocated right thumb'),(450,1610612753,202687,'1/17/17','Right knee bruise'),(451,1610612753,203095,'1/17/17','Sore right foot'),(452,1610612753,203095,'1/14/17','Sore right foot'),(453,1610612753,203901,'01/10/2017','Right quad contusion'),(455,1610612753,203095,'12/23/16','Sore heel'),(456,1610612753,202696,'12/10/2016','Lower back contusion'),(457,1610612753,202696,'12/08/2016','Right corneal abrasion'),(458,1610612753,203901,'11/30/16','Sore ankle'),(459,1610612753,201145,'11/27/16','Sore back'),(461,1610612753,203095,'11/09/2016','Sore back'),(462,1610612753,203082,'11/09/2016','Sprained right index finger'),(463,1610612753,201975,'10/24/16','Sore foot'),(464,1610612742,1717,'04/03/2017','Sore right Achilles'),(465,1610612742,203552,'3/31/17','Sore shoulder'),(466,1610612742,203552,'3/27/17','Sore shoulder'),(467,1610612742,202083,'3/15/17','Strained left calf'),(468,1610612742,203457,'03/10/2017','Sore left knee'),(469,1610612742,202083,'2/28/17','Sore hip'),(470,1610612742,203457,'02/02/2017','Illness'),(472,1610612742,202083,'1/22/17','Right hip strain'),(473,1610612742,200826,'1/20/17','Strained calf'),(474,1610612742,203457,'1/16/17','Sprained Left Ankle'),(475,1610612742,1717,'12/29/16','Illness'),(476,1610612742,200826,'12/23/16','Sore leg'),(477,1610612742,203457,'12/14/16','Sprained left ankle'),(478,1610612742,203552,'12/01/2016','Bruised knee'),(479,1610612742,1717,'11/27/16','Sore Achilles'),(480,1610612742,200826,'11/16/16','Torn left calf muscle'),(481,1610612742,1717,'11/04/2016','Right Achilles soreness'),(482,1610612742,202083,'11/02/2016','Sore foot'),(483,1610612742,1717,'10/28/16','Illness'),(484,1610612742,200826,'10/24/16','Sore elbow'),(485,1610612742,2734,'10/24/16','Sore foot'),(486,1610612742,203457,'10/23/16','Left knee surgery'),(487,1610612751,203112,'04/10/2017','Sore left ankle'),(488,1610612751,203930,'04/05/2017','Tight left hamstring'),(489,1610612751,1627785,'04/03/2017','Sprained left ankle'),(490,1610612751,202391,'3/19/17','Sore right ankle'),(491,1610612751,203925,'3/18/17','Sore shoulder'),(492,1610612751,203930,'3/18/17','Strained left hamstring'),(493,1610612751,202344,'3/17/17','Left leg soreness'),(494,1610612751,201572,'03/09/2017','Sprained right ankle'),(495,1610612751,1627747,'2/25/17','Illness'),(496,1610612751,202344,'2/14/17','Sore right knee'),(497,1610612751,203112,'02/06/2017','Sprained left ankle'),(498,1610612751,1627747,'02/06/2017','Sore right knee'),(499,1610612751,202344,'1/27/17','Illness'),(500,1610612751,203925,'1/21/17','Sprained left ankle'),(501,1610612751,1627785,'1/13/17','Sprained left knee'),(502,1610612751,202344,'01/09/2017','Left hip contusion'),(503,1610612751,1626178,'01/04/2017','Right hip tendinitis'),(504,1610612751,203925,'12/28/16','Hip pointer'),(505,1610612751,202391,'12/27/16','Strained hamstring'),(506,1610612751,1627785,'12/20/16','Sore left foot'),(507,1610612751,202391,'12/14/16','Back tightness'),(509,1610612751,202344,'12/03/2016','Illness'),(510,1610612751,1626178,'11/26/16','Sore ankle'),(511,1610612751,203112,'11/15/16','Eye contusion'),(512,1610612751,1627785,'11/09/2016','Concussion'),(513,1610612751,202391,'11/02/2016','Strained left hamstring'),(514,1610612751,201572,'10/29/16','Rest'),(517,1610612751,1627747,'10/24/16','Sore foot'),(518,1610612743,203914,'04/12/2017','Sore knee'),(519,1610612743,1626144,'04/10/2017','Sprained right ankle'),(520,1610612743,202702,'04/09/2017','Sore back'),(521,1610612743,1626144,'04/08/2017','Sprained right ankle'),(522,1610612743,2749,'04/06/2017','Strained right calf'),(523,1610612743,2749,'04/02/2017','Strained right calf'),(524,1610612743,201589,'3/30/17','Sore left knee'),(525,1610612743,203115,'3/30/17','Sore left foot'),(526,1610612743,203486,'3/30/17','Left abdominal contusion'),(527,1610612743,201589,'3/18/17','Left knee soreness'),(528,1610612743,201163,'3/15/17','Sore right groin'),(529,1610612743,201568,'3/15/17','Sore knee'),(530,1610612743,201568,'03/08/2017','Illness'),(531,1610612743,203999,'03/06/2017','Illness'),(532,1610612743,2749,'03/01/2017','Illness'),(533,1610612743,202702,'2/27/17','Back spasms'),(534,1610612743,201589,'2/22/17','Illness'),(535,1610612743,201589,'2/14/17','Sore left knee'),(536,1610612743,201163,'2/13/17','Illness'),(537,1610612743,202702,'02/08/2017','Sprained right ankle'),(538,1610612743,1626144,'02/07/2017','Sore back'),(539,1610612743,201568,'02/02/2017','Strained groin'),(540,1610612743,203115,'1/31/17','Sore left ankle'),(541,1610612743,1627750,'1/30/17','Illness'),(542,1610612743,203999,'1/27/17','Left Hip Strain'),(543,1610612743,1626144,'1/22/17','Sore lower back'),(544,1610612743,201568,'1/19/17','Sprained right ankle'),(545,1610612743,203914,'1/16/17','Sprained Ankle'),(546,1610612743,201589,'01/12/2017','Sore left lower leg'),(547,1610612743,202702,'01/11/2017','Illness'),(548,1610612743,201568,'01/11/2017','Sore ankle'),(549,1610612743,203914,'01/07/2017','Sore groin'),(550,1610612743,203999,'01/06/2017','Illness'),(551,1610612743,202702,'01/02/2017','Sore back'),(552,1610612743,201589,'01/01/2017','Sore left knee'),(553,1610612743,2749,'01/01/2017','Rib contusion'),(554,1610612743,201589,'12/12/2016','Sore knee'),(555,1610612743,201163,'12/10/2016','Sore hip'),(556,1610612743,1626144,'12/08/2016','Sore ankle'),(557,1610612743,1627750,'12/07/2016','Left quad contusion'),(558,1610612743,201568,'12/03/2016','Bruised thigh'),(559,1610612743,203999,'12/02/2016','Sore wrist'),(560,1610612743,201589,'11/30/16','Illness'),(562,1610612743,203115,'11/26/16','Sore ankle'),(563,1610612743,201568,'11/23/16','Bruised thigh'),(564,1610612743,201163,'11/13/16','Sore left hamstring'),(565,1610612743,203914,'11/13/16','Sprained right ankle'),(567,1610612743,201589,'11/08/2016','Sore knee'),(568,1610612743,201163,'11/07/2016','Sore hamstring'),(569,1610612743,203115,'11/01/2016','Sore ankle'),(571,1610612743,203914,'10/28/16','Sore groin'),(572,1610612743,201589,'10/24/16','Sore knee'),(573,1610612754,2744,'04/10/2017','Sore ankle'),(574,1610612754,2744,'3/27/17','Sprained left ankle'),(576,1610612754,203922,'3/23/17','Sore left calf'),(578,1610612754,202362,'3/15/17','Left ankle'),(580,1610612754,2744,'2/24/17','Dental pain'),(581,1610612754,202362,'2/15/17','Sprained left ankle'),(583,1610612754,201152,'02/04/2017','Sore wrist'),(588,1610612754,201166,'1/23/17','Sore right knee'),(593,1610612754,202331,'11/25/16','Sore lower back'),(595,1610612754,1626167,'11/21/16','Sore ankle'),(597,1610612754,202331,'11/18/16','Sore ankle'),(599,1610612754,202331,'11/12/2016','Sore ankle'),(600,1610612754,202362,'11/05/2016','Groin surgery'),(602,1610612754,201166,'10/24/16','Sore knee'),(604,1610612740,203076,'04/08/2017','Sore left knee'),(605,1610612740,202734,'04/08/2017','Sprained left ankle'),(606,1610612740,202326,'04/06/2017','Sore Achilles'),(607,1610612740,201582,'3/31/17','Sore hip'),(608,1610612740,202326,'3/25/17','Sprained right ankle'),(609,1610612740,201967,'3/13/17','Illness'),(610,1610612740,101127,'03/04/2017','Lateral meniscus tear'),(611,1610612740,101127,'2/28/17','Right knee soreness'),(612,1610612740,201600,'2/22/17','Illness'),(613,1610612740,203076,'1/23/17','Right quad contusion'),(614,1610612740,203076,'1/17/17','Sprained left thumb'),(615,1610612740,203076,'01/11/2017','Bruised left hip'),(616,1610612740,203076,'12/17/16','Left lower leg contusion'),(617,1610612740,204025,'12/14/16','Sprained right wrist'),(618,1610612740,201950,'12/05/2016','Sore toe'),(619,1610612740,202734,'12/05/2016','Sore toe'),(620,1610612740,201967,'11/25/16','Right fibula fracture'),(621,1610612740,203076,'11/18/16','Sore quad'),(622,1610612740,201582,'11/17/16','Left shoulder strain'),(623,1610612740,203076,'11/16/16','Sore quad'),(624,1610612740,202734,'11/14/16','Sore right toe'),(625,1610612740,203076,'11/12/2016','Lower back'),(626,1610612740,201967,'11/02/2016','Sore hip'),(627,1610612740,202347,'10/24/16','Knee surgery'),(629,1610612740,203076,'10/12/2016','Sprained ankle'),(630,1610612740,202734,'10/12/2016','Right heel contusion'),(632,1610612765,203493,'3/27/17','Sprained right foot'),(633,1610612765,203382,'2/23/17','Illness'),(634,1610612765,203493,'02/06/2017','Illness'),(635,1610612765,203382,'1/17/17','Sore left knee'),(636,1610612765,203083,'1/17/17','Sprained right knee'),(637,1610612765,203484,'1/13/17','Sore left shoulder'),(638,1610612765,202720,'01/10/2017','Sore right knee'),(639,1610612765,203382,'01/01/2017','Sprained left ankle'),(640,1610612765,202694,'12/30/16','Sore left knee'),(641,1610612765,202720,'12/17/16','Back spasms'),(642,1610612765,203484,'12/11/2016','Right knee contusion'),(643,1610612765,203493,'11/25/16','Left meniscus tear'),(644,1610612765,203083,'11/14/16','Sore ankle'),(645,1610612765,203493,'10/26/16','Sore back'),(646,1610612765,203382,'10/15/16','Lower back tightness'),(647,1610612765,202704,'9/15/16','Sprained knee'),(648,1610612761,200768,'05/05/2017','Left ankle sprain'),(649,1610612761,200768,'05/03/2017','Sprained left ankle'),(650,1610612761,201942,'04/12/2017','Illness'),(652,1610612761,201960,'3/25/17','Back'),(653,1610612761,201960,'3/13/17','Sore ankle'),(654,1610612761,201960,'03/06/2017','Sprained left ankle'),(655,1610612761,200768,'2/24/17','Sore right wrist'),(656,1610612761,202335,'02/04/2017','Left knee contusion'),(657,1610612761,201942,'1/31/17','Sore right ankle'),(658,1610612761,201942,'1/22/17','Sprained right ankle'),(659,1610612761,201960,'1/18/17','Sore neck'),(660,1610612761,203512,'1/18/17','Concussion'),(661,1610612761,202335,'1/13/17','Sore left knee'),(662,1610612761,201586,'01/10/2017','Sore right shoulder'),(663,1610612761,202335,'12/29/16','Strained left knee'),(664,1610612761,202709,'12/18/16','Illness'),(665,1610612761,203512,'12/14/16','Sore right knee'),(666,1610612761,203998,'12/09/2016','Sore right knee'),(667,1610612761,202685,'11/06/2016','Sore knee'),(668,1610612761,203512,'10/28/16','Sore ankle'),(669,1610612761,1626153,'10/24/16','Sore shoulder'),(671,1610612745,1627786,'04/12/2017','Sore back'),(672,1610612745,201976,'04/10/2017','Sore shoulder'),(674,1610612745,1626155,'04/03/2017','Broken hand'),(675,1610612745,201935,'04/02/2017','Flu'),(676,1610612745,201583,'3/25/17','Sprained ankle'),(677,1610612745,201583,'03/07/2017','Back spasms'),(678,1610612745,201976,'2/25/17','Sore groin'),(679,1610612745,201976,'2/15/17','Left groin'),(680,1610612745,201583,'2/13/17','Sore thumb'),(681,1610612745,201569,'02/09/2017','Sore back'),(684,1610612745,201569,'1/25/17','Sore lower back'),(685,1610612745,201583,'1/21/17','Flu'),(686,1610612745,201583,'1/17/17','Illness'),(687,1610612745,201569,'01/09/2017','Sore toe'),(688,1610612745,201976,'01/01/2017','Sore wrist'),(689,1610612745,201976,'12/27/16','Bruised left thigh'),(690,1610612745,203991,'12/19/16','Fractured left fibula'),(691,1610612745,1626149,'11/19/16','Sore calf'),(692,1610612745,201935,'10/31/16','Sprained left ankle'),(694,1610612745,201976,'10/23/16','Knee surgery'),(695,1610612745,203991,'10/12/2016','Tight hamstring'),(697,1610612759,202695,'5/14/17','Sore ankle'),(698,1610612759,202695,'05/09/2017','Sprained left ankle'),(699,1610612759,2225,'05/04/2017','Ruptured tendon'),(700,1610612759,203473,'4/22/17','Illness'),(701,1610612759,1938,'04/05/2017','Right quad contusion'),(702,1610612759,200746,'04/01/2017','Sprained left thumb'),(703,1610612759,201980,'04/01/2017','Left quad contusion'),(705,1610612759,1627749,'3/13/17','Sore left groin'),(706,1610612759,200746,'03/11/2017','Heart arrhythmia'),(707,1610612759,202695,'03/10/2017','Concussion'),(708,1610612759,2225,'03/09/2017','Back stiffness'),(709,1610612759,2225,'2/26/17','Sore knee'),(710,1610612759,1938,'2/15/17','Left ankle impingement'),(711,1610612759,203613,'02/12/2017','Illness'),(712,1610612759,202695,'02/06/2017','Quad contusion'),(713,1610612759,200746,'02/02/2017','Sore right knee'),(714,1610612759,203613,'1/26/17','Sprained right wrist'),(715,1610612759,202695,'1/23/17','Sore hand'),(716,1610612759,1938,'1/22/17','Sore back'),(717,1610612759,2200,'1/20/17','Fractured left finger'),(718,1610612759,2225,'1/19/17','Left foot pain'),(719,1610612759,1627749,'1/16/17','Sprained Right Ankle'),(720,1610612759,201988,'1/14/17','Left calf tightness'),(721,1610612759,200746,'01/10/2017','Illness'),(723,1610612759,202695,'12/28/16','Illness'),(724,1610612759,2225,'12/06/2016','Sore thigh'),(726,1610612759,2225,'11/21/16','Sore knee'),(727,1610612759,203473,'11/15/16','Left knee sprain'),(728,1610612759,2225,'11/03/2016','Sore knee'),(729,1610612759,202722,'11/01/2016','Sore leg'),(730,1610612759,200746,'10/30/16','Rest'),(731,1610612759,1938,'10/29/16','Rest'),(732,1610612759,2225,'10/29/16','Rest'),(733,1610612759,201980,'10/21/16','Left quad strain'),(734,1610612756,1626164,'3/28/17','Sore ankle'),(738,1610612756,1626164,'3/19/17','Sore ankle'),(740,1610612756,202339,'3/15/17','Left knee soreness'),(741,1610612756,1627884,'3/15/17','Right hip contusion'),(742,1610612756,202688,'3/15/17','Back spasms'),(743,1610612756,2199,'02/11/2017','Sprained right ankle'),(744,1610612756,1627733,'02/06/2017','Right ankle surgery'),(745,1610612756,201162,'02/01/2017','Illness'),(746,1610612756,1627733,'1/22/17','Sore right ankle'),(747,1610612756,202688,'1/16/17','Sore wrist'),(748,1610612756,202688,'01/03/2017','Sprained right wrist'),(750,1610612756,202688,'12/22/16','Sore right thigh'),(751,1610612756,202688,'12/14/16','Sprained left hand'),(752,1610612756,203458,'12/12/2016','Right hip contusion'),(753,1610612756,201162,'11/27/16','Sore foot'),(754,1610612756,1626164,'11/19/16','Sore ankle'),(756,1610612756,1626164,'10/31/16','Sore toe'),(757,1610612756,203118,'10/26/16','Left knee'),(760,1610612756,202688,'10/12/2016','Left knee tendinitis'),(762,1610612760,203926,'04/10/2017','Sore left knee'),(764,1610612760,203460,'04/06/2017','Sore left knee'),(765,1610612760,201959,'3/31/17','Illness'),(766,1610612760,203506,'2/24/17','Back spasms'),(768,1610612760,201959,'1/29/17','Sore ankle'),(769,1610612760,202683,'1/26/17','Fractured hand'),(770,1610612760,201959,'1/17/17','Sore ankle'),(771,1610612760,203500,'1/16/17','Concussion'),(773,1610612760,203926,'12/26/16','Sore shin'),(774,1610612760,203506,'12/11/2016','Sprained right wrist'),(775,1610612760,203500,'12/04/2016','Sprained left ankle'),(777,1610612760,203926,'11/12/2016','Concussion'),(778,1610612760,203926,'11/01/2016','Concussion'),(780,1610612760,203460,'10/15/16','Left knee soreness'),(781,1610612750,202357,'3/15/17','Left ankle'),(783,1610612750,201956,'2/23/17','Broken thumb'),(784,1610612750,203897,'02/04/2017','Torn ACL'),(785,1610612750,203940,'02/04/2017','Illness'),(786,1610612750,1627739,'02/03/2017','Sore right hand'),(787,1610612750,201937,'1/22/17','Sore hip'),(788,1610612750,201956,'1/17/17','Strained calf'),(789,1610612750,203897,'01/10/2017','Left hip contusion'),(790,1610612750,203498,'01/06/2017','Illness'),(791,1610612750,201956,'12/16/16','Illness'),(792,1610612750,202357,'12/09/2016','Sore right ankle'),(794,1610612750,203897,'11/13/16','Sore knee'),(795,1610612750,203498,'11/13/16','Sore knee'),(797,1610612750,201956,'11/01/2016','Illness'),(798,1610612750,201937,'10/31/16','Sore elbow'),(800,1610612757,203994,'4/24/17','Right leg'),(803,1610612757,203459,'04/08/2017','Sore left foot'),(804,1610612757,203994,'3/31/17','Right leg fibular fracture'),(805,1610612757,202334,'03/01/2017','Shoulder surgery'),(806,1610612757,202329,'2/14/17','Sprained left knee'),(807,1610612757,202323,'02/08/2017','Broken hand'),(808,1610612757,203090,'1/25/17','Sore left calf'),(809,1610612757,202334,'1/21/17','Sprained right wrist'),(810,1610612757,202334,'1/17/17','Sprained left ankle'),(811,1610612757,203090,'1/13/17','Strained calf'),(812,1610612757,203081,'12/26/16','Sprained left ankle'),(813,1610612757,202323,'12/20/16','Sore left ankle'),(814,1610612757,202329,'12/14/16','Back contusion'),(815,1610612757,202329,'12/09/2016','Back contusion'),(816,1610612757,203090,'12/08/2016','Sore ankle'),(817,1610612757,202329,'11/09/2016','Sore calf'),(819,1610612757,203894,'10/24/16','Sore ankle'),(820,1610612757,203086,'10/16/16','Lower back'),(821,1610612744,2585,'5/17/17','Right heel contusion'),(822,1610612744,2738,'5/14/17','Sore left knee'),(823,1610612744,2733,'4/24/17','Sprained right finger, hand contusion'),(824,1610612744,201142,'4/18/17','Left calf strain'),(826,1610612744,1626172,'04/10/2017','Strained left hip'),(827,1610612744,201939,'04/07/2017','Left knee contusion'),(828,1610612744,1626172,'3/31/17','Sore hip'),(829,1610612744,1627775,'3/31/17','Leg cramps'),(830,1610612744,2738,'3/21/17','Left hip strain'),(831,1610612744,201142,'2/28/17','Hyperextended left knee'),(832,1610612744,201142,'2/25/17','Left hand contusion'),(833,1610612744,202691,'2/13/17','Heel'),(834,1610612744,203110,'02/02/2017','Left shoulder contusion'),(835,1610612744,2733,'02/01/2017','Mid-back strain'),(836,1610612744,2585,'02/01/2017','Strained rotator cuff'),(837,1610612744,201939,'1/27/17','Sore left quad'),(838,1610612744,2561,'1/19/17','Fractured left thumb'),(839,1610612744,201580,'01/02/2017','Illness'),(840,1610612744,2733,'01/01/2017','Left hip, right elbow contusions'),(841,1610612744,1627775,'12/30/16','Illness'),(842,1610612744,2561,'12/16/16','Bruised right hip'),(843,1610612744,1626172,'12/10/2016','Ankle sprain'),(844,1610612744,2585,'12/10/2016','Sore wrist'),(845,1610612744,203546,'11/26/16','Bruised throat'),(846,1610612744,203110,'11/26/16','Sore ankle'),(847,1610612744,1627775,'10/29/16','Sore ankle'),(848,1610612744,1627745,'10/26/16','Torn pectoral'),(849,1610612764,202693,'4/30/17','Sore ankle'),(851,1610612764,1626162,'4/17/17','Bruised knee'),(852,1610612764,201160,'4/17/17','Left knee contusion'),(853,1610612764,101133,'4/15/17','Strained calf'),(854,1610612764,202322,'04/10/2017','Sore quad'),(856,1610612764,202693,'04/06/2017','Sore right ankle'),(857,1610612764,202693,'04/01/2017','Right ankle'),(858,1610612764,202711,'3/25/17','Lower back stiffness'),(859,1610612764,202693,'3/18/17','Illness'),(860,1610612764,202322,'3/15/17','Sprained left foot'),(863,1610612764,202693,'02/08/2017','Sore calf'),(864,1610612764,203107,'01/10/2017','Illness'),(865,1610612764,203078,'12/28/16','Right ankle'),(867,1610612764,1626162,'12/17/16','Concussion'),(868,1610612764,202693,'12/14/16','Sore left foot'),(869,1610612764,101133,'11/28/16','Sore knee'),(871,1610612764,203078,'11/09/2016','Sore right hamstring'),(872,1610612764,201160,'10/24/16','Sore ribs'),(873,1610612764,101133,'10/15/16','Torn meniscus'),(874,1610612764,101162,'10/09/2016','Sore glute');
/*!40000 ALTER TABLE `injuries` ENABLE KEYS */;
UNLOCK TABLES;

--
-- Table structure for table `player`
--

DROP TABLE IF EXISTS `player`;
/*!40101 SET @saved_cs_client     = @@character_set_client */;
/*!40101 SET character_set_client = utf8 */;
CREATE TABLE `player` (
  `personId` int(11) DEFAULT NULL,
  `TEAM_ID` int(11) DEFAULT NULL,
  `firstName` text,
  `lastName` text,
  `weightPounds` int(11) DEFAULT NULL,
  `heightFeet` int(11) DEFAULT NULL,
  `heightInches` int(11) DEFAULT NULL,
  `pos` text,
  `jersey` int(11) DEFAULT NULL,
  `playerUrl` text
) ENGINE=InnoDB DEFAULT CHARSET=latin1;
/*!40101 SET character_set_client = @saved_cs_client */;

--
-- Dumping data for table `player`
--

LOCK TABLES `player` WRITE;
/*!40000 ALTER TABLE `player` DISABLE KEYS */;
INSERT INTO `player` VALUES (203518,1610612760,'Alex','Abrines',190,6,6,'G',8,'/players/alex/abrines/203518'),(203112,1610612751,'Quincy','Acy',240,6,7,'F',13,'/players/quincy/acy/203112'),(203500,1610612760,'Steven','Adams',255,7,0,'C',12,'/players/steven/adams/203500'),(1628389,1610612748,'Bam','Adebayo',255,6,10,'C-F',13,'/players/bam/adebayo/1628389'),(201167,1610612753,'Arron','Afflalo',210,6,5,'G',4,'/players/arron/afflalo/201167'),(201582,1610612740,'Alexis','Ajinca',248,7,2,'C',42,'/players/alexis/ajinca/201582'),(202332,1610612750,'Cole','Aldrich',253,6,11,'C',45,'/players/cole/aldrich/202332'),(200746,1610612759,'LaMarcus','Aldridge',260,6,11,'F',12,'/players/lamarcus/aldridge/200746'),(1628386,1610612751,'Jarrett','Allen',234,6,11,'C',31,'/players/jarrett/allen/1628386'),(1628443,1610612738,'Kadeem','Allen',200,6,3,'G',45,'/players/kadeem/allen/1628443'),(2754,1610612740,'Tony','Allen',213,6,4,'G-F',24,'/players/tony/allen/2754'),(202329,1610612757,'Al-Farouq','Aminu',220,6,9,'F',8,'/players/al-farouq/aminu/202329'),(1626147,1610612755,'Justin','Anderson',230,6,6,'G-F',1,'/players/justin/anderson/1626147'),(203937,1610612759,'Kyle','Anderson',230,6,9,'F',1,'/players/kyle/anderson/203937'),(201583,1610612745,'Ryan','Anderson',240,6,10,'F',33,'/players/ryan/anderson/201583'),(1628387,1610612754,'Ike','Anigbogu',262,6,10,'C',13,'/players/ike/anigbogu/1628387'),(203507,1610612749,'Giannis','Antetokounmpo',222,6,11,'F',34,'/players/giannis/antetokounmpo/203507'),(2546,1610612760,'Carmelo','Anthony',240,6,8,'F',7,'/players/carmelo/anthony/2546'),(1628384,1610612761,'OG','Anunoby',235,6,8,'F',3,'/players/og/anunoby/1628384'),(1627853,1610612741,'Ryan','Arcidiacono',195,6,3,'G',15,'/players/ryan/arcidiacono/1627853'),(2772,1610612745,'Trevor','Ariza',215,6,8,'F-G',1,'/players/trevor/ariza/2772'),(201589,1610612743,'Darrell','Arthur',235,6,9,'F',0,'/players/darrell/arthur/201589'),(1628503,1610612753,'Jamel','Artis',213,6,7,'G',0,'/players/jamel/artis/1628503'),(201600,1610612740,'Omer','Asik',255,7,0,'C',3,'/players/omer/asik/201600'),(201571,1610612753,'D.J.','Augustin',183,6,0,'G',14,'/players/d.j./augustin/201571'),(202337,1610612737,'Luke','Babbitt',225,6,9,'F',8,'/players/luke/babbitt/202337'),(1628407,1610612766,'Dwayne','Bacon',221,6,7,'F',7,'/players/dwayne/bacon/1628407'),(1627758,1610612752,'Ron','Baker',220,6,4,'G',31,'/players/ron/baker/1627758'),(1627735,1610612757,'Wade','Baldwin IV',202,6,4,'G',2,'/players/wade/baldwin_iv/1627735'),(1628366,1610612747,'Lonzo','Ball',190,6,6,'G',2,'/players/lonzo/ball/1628366'),(200826,1610612742,'J.J.','Barea',185,6,0,'G',5,'/players/j.j./barea/200826'),(203084,1610612742,'Harrison','Barnes',225,6,8,'F',40,'/players/harrison/barnes/203084'),(203115,1610612743,'Will','Barton',190,6,6,'G-F',5,'/players/will/barton/203115'),(201587,1610612766,'Nicolas','Batum',200,6,8,'G-F',5,'/players/nicolas/batum/201587'),(201573,1610612755,'Jerryd','Bayless',200,6,3,'G',0,'/players/jerryd/bayless/201573'),(203382,1610612738,'Aron','Baynes',260,6,10,'C',46,'/players/aron/baynes/203382'),(203145,1610612737,'Kent','Bazemore',201,6,5,'G',24,'/players/kent/bazemore/203145'),(203078,1610612764,'Bradley','Beal',207,6,5,'G',3,'/players/bradley/beal/203078'),(1627736,1610612743,'Malik','Beasley',196,6,5,'G',25,'/players/malik/beasley/1627736'),(201563,1610612752,'Michael','Beasley',235,6,9,'F',8,'/players/michael/beasley/201563'),(201158,1610612737,'Marco','Belinelli',210,6,5,'G-F',3,'/players/marco/belinelli/201158'),(1628395,1610612744,'Jordan','Bell',224,6,9,'F',2,'/players/jordan/bell/1628395'),(1627761,1610612737,'DeAndre\'','Bembry',210,6,6,'F-G',95,'/players/deandre\'/bembry/1627761'),(1627733,1610612756,'Dragan','Bender',225,7,1,'F',35,'/players/dragan/bender/1627733'),(202722,1610612759,'Davis','Bertans',210,6,10,'F',42,'/players/davis/bertans/202722'),(201976,1610612746,'Patrick','Beverley',185,6,1,'G',21,'/players/patrick/beverley/201976'),(203920,1610612753,'Khem','Birch',220,6,9,'C',24,'/players/khem/birch/203920'),(1628444,1610612738,'Jabari','Bird',198,6,6,'G',26,'/players/jabari/bird/1628444'),(202687,1610612753,'Bismack','Biyombo',255,6,9,'C',11,'/players/bismack/biyombo/202687'),(202357,1610612750,'Nemanja','Bjelica',230,6,10,'F',8,'/players/nemanja/bjelica/202357'),(204028,1610612745,'Tarik','Black',250,6,9,'F-C',28,'/players/tarik/black/204028'),(1628469,1610612741,'Antonio','Blakeney',197,6,4,'G',9,'/players/antonio/blakeney/1628469'),(202339,1610612749,'Eric','Bledsoe',205,6,1,'G',6,'/players/eric/bledsoe/202339'),(203505,1610612747,'Vander','Blue',200,6,5,'G',17,'/players/vander/blue/203505'),(203992,1610612758,'Bogdan','Bogdanovic',205,6,6,'G',8,'/players/bogdan/bogdanovic/203992'),(202711,1610612754,'Bojan','Bogdanovic',230,6,8,'F',44,'/players/bojan/bogdanovic/202711'),(101106,1610612747,'Andrew','Bogut',260,7,0,'C',66,'/players/andrew/bogut/101106'),(1627762,1610612749,'Joel','Bolomboy',235,6,9,'F-C',24,'/players/joel/bolomboy/1627762'),(1626164,1610612756,'Devin','Booker',210,6,6,'G',1,'/players/devin/booker/1626164'),(202344,1610612751,'Trevor','Booker',228,6,8,'F',35,'/players/trevor/booker/202344'),(1628449,1610612744,'Chris','Boucher',200,6,10,'F',25,'/players/chris/boucher/1628449'),(202340,1610612765,'Avery','Bradley',180,6,2,'G',22,'/players/avery/bradley/202340'),(1628396,1610612762,'Tony','Bradley',248,6,10,'C',13,'/players/tony/bradley/1628396'),(201147,1610612747,'Corey','Brewer',186,6,9,'F',3,'/players/corey/brewer/201147'),(1627763,1610612749,'Malcolm','Brogdon',215,6,5,'G',13,'/players/malcolm/brogdon/1627763'),(201166,1610612750,'Aaron','Brooks',161,6,0,'G',30,'/players/aaron/brooks/201166'),(1628415,1610612763,'Dillon','Brooks',220,6,6,'F-G',24,'/players/dillon/brooks/1628415'),(1626148,1610612750,'Anthony','Brown',224,6,7,'F',3,'/players/anthony/brown/1626148'),(201628,1610612745,'Bobby','Brown',175,6,2,'G',6,'/players/bobby/brown/201628'),(1627759,1610612738,'Jaylen','Brown',225,6,7,'G-F',7,'/players/jaylen/brown/1627759'),(203485,1610612761,'Lorenzo','Brown',189,6,5,'G',4,'/players/lorenzo/brown/203485'),(1628425,1610612749,'Sterling','Brown',230,6,6,'G',23,'/players/sterling/brown/1628425'),(1627852,1610612737,'Nicolas','Brussino',195,6,8,'F',16,'/players/nicolas/brussino/1627852'),(1628418,1610612747,'Thomas','Bryant',248,6,10,'C',31,'/players/thomas/bryant/1628418'),(203493,1610612765,'Reggie','Bullock',205,6,7,'F',25,'/players/reggie/bullock/203493'),(202692,1610612762,'Alec','Burks',214,6,6,'G',10,'/players/alec/burks/202692'),(202710,1610612750,'Jimmy','Butler',236,6,8,'G',23,'/players/jimmy/butler/202710'),(202779,1610612765,'Dwight','Buycks',190,6,3,'G',20,'/players/dwight/buycks/202779'),(203998,1610612761,'Bruno','Caboclo',205,6,9,'F',5,'/players/bruno/caboclo/203998'),(101181,1610612739,'Jose','Calderon',200,6,3,'G',81,'/players/jose/calderon/101181'),(203484,1610612747,'Kentavious','Caldwell-Pope',205,6,5,'G',1,'/players/kentavious/caldwell-pope/203484'),(203991,1610612745,'Clint','Capela',240,6,10,'C',15,'/players/clint/capela/203991'),(201960,1610612751,'DeMarre','Carroll',215,6,8,'F',9,'/players/demarre/carroll/201960'),(203487,1610612766,'Michael','Carter-Williams',190,6,6,'G',10,'/players/michael/carter-williams/203487'),(1713,1610612758,'Vince','Carter',220,6,6,'G-F',15,'/players/vince/carter/1713'),(1627936,1610612747,'Alex','Caruso',186,6,5,'G',4,'/players/alex/caruso/1627936'),(201956,1610612744,'Omri','Casspi',225,6,9,'F',18,'/players/omri/casspi/201956'),(1626161,1610612758,'Willie','Cauley-Stein',240,7,0,'C',0,'/players/willie/cauley-stein/1626161'),(1628463,1610612737,'Tyler','Cavanaugh',238,6,9,'F',34,'/players/tyler/cavanaugh/1628463'),(201596,1610612763,'Mario','Chalmers',190,6,2,'G',6,'/players/mario/chalmers/201596'),(2199,1610612756,'Tyson','Chandler',240,7,1,'C',4,'/players/tyson/chandler/2199'),(201163,1610612743,'Wilson','Chandler',225,6,9,'F',21,'/players/wilson/chandler/201163'),(1627737,1610612756,'Marquese','Chriss',240,6,10,'F',0,'/players/marquese/chriss/1627737'),(203546,1610612740,'Ian','Clark',175,6,3,'G',2,'/players/ian/clark/203546'),(203903,1610612747,'Jordan','Clarkson',194,6,5,'G',6,'/players/jordan/clarkson/203903'),(1628492,1610612742,'Gian','Clavell',185,6,4,'G',8,'/players/gian/clavell/1628492'),(1628381,1610612737,'John','Collins',235,6,10,'F-C',20,'/players/john/collins/1628381'),(1628380,1610612757,'Zach','Collins',230,7,0,'C-F',33,'/players/zach/collins/1628380'),(201954,1610612754,'Darren','Collison',185,6,2,'G',2,'/players/darren/collison/201954'),(2555,1610612760,'Nick','Collison',255,6,10,'F',4,'/players/nick/collison/2555'),(201144,1610612763,'Mike','Conley',175,6,1,'G',11,'/players/mike/conley/201144'),(1626192,1610612757,'Pat','Connaughton',210,6,5,'G-F',5,'/players/pat/connaughton/1626192'),(1628429,1610612740,'Charles','Cooke',196,6,5,'G',4,'/players/charles/cooke/1628429'),(1626188,1610612744,'Quinn','Cook',179,6,2,'G',4,'/players/quinn/cook/1626188'),(204022,1610612758,'Jack','Cooley',274,6,10,'C',45,'/players/jack/cooley/204022'),(1627856,1610612759,'Matt','Costello',240,6,10,'F-C',10,'/players/matt/costello/1627856'),(202326,1610612740,'DeMarcus','Cousins',270,6,11,'C',0,'/players/demarcus/cousins/202326'),(203496,1610612755,'Robert','Covington',225,6,9,'F',33,'/players/robert/covington/203496'),(203459,1610612751,'Allen','Crabbe',215,6,6,'G-F',33,'/players/allen/crabbe/203459'),(1628470,1610612743,'Torrey','Craig',215,6,6,'G-F',3,'/players/torrey/craig/1628470'),(2037,1610612750,'Jamal','Crawford',185,6,5,'G',11,'/players/jamal/crawford/2037'),(203109,1610612739,'Jae','Crowder',235,6,6,'F',99,'/players/jae/crowder/203109'),(201967,1610612740,'Dante','Cunningham',230,6,8,'F',33,'/players/dante/cunningham/201967'),(203552,1610612742,'Seth','Curry',185,6,2,'G',30,'/players/seth/curry/203552'),(201939,1610612744,'Stephen','Curry',190,6,3,'G',30,'/players/stephen/curry/201939'),(203584,1610612756,'Troy','Daniels',205,6,4,'G',30,'/players/troy/daniels/203584'),(203076,1610612740,'Anthony','Davis',253,6,10,'F-C',23,'/players/anthony/davis/203076'),(1627738,1610612763,'Deyonta','Davis',237,6,11,'C-F',21,'/players/deyonta/davis/1627738'),(202334,1610612757,'Ed','Davis',245,6,10,'F-C',17,'/players/ed/davis/202334'),(203473,1610612737,'Dewayne','Dedmon',245,7,0,'C',14,'/players/dewayne/dedmon/203473'),(1626155,1610612746,'Sam','Dekker',230,6,9,'F',7,'/players/sam/dekker/1626155'),(1627098,1610612737,'Malcolm','Delaney',190,6,3,'G',5,'/players/malcolm/delaney/1627098'),(203521,1610612749,'Matthew','Dellavedova',198,6,4,'G',8,'/players/matthew/dellavedova/203521'),(2736,1610612747,'Luol','Deng',220,6,9,'F',9,'/players/luol/deng/2736'),(201942,1610612761,'DeMar','DeRozan',220,6,7,'G',10,'/players/demar/derozan/201942'),(1627767,1610612740,'Cheick','Diallo',220,6,9,'F',13,'/players/cheick/diallo/1627767'),(203476,1610612750,'Gorgui','Dieng',251,6,11,'C',5,'/players/gorgui/dieng/203476'),(203915,1610612751,'Spencer','Dinwiddie',200,6,6,'G',8,'/players/spencer/dinwiddie/203915'),(1628416,1610612737,'Tyler','Dorsey',183,6,4,'G',2,'/players/tyler/dorsey/1628416'),(1628422,1610612752,'Damyean','Dotson',210,6,5,'G',21,'/players/damyean/dotson/1628422'),(1628408,1610612760,'PJ','Dozier',205,6,6,'G',35,'/players/pj/dozier/1628408'),(201609,1610612748,'Goran','Dragic',190,6,3,'G',7,'/players/goran/dragic/201609'),(203083,1610612765,'Andre','Drummond',279,6,11,'C',0,'/players/andre/drummond/203083'),(201162,1610612756,'Jared','Dudley',240,6,7,'F',3,'/players/jared/dudley/201162'),(1627739,1610612741,'Kris','Dunn',210,6,4,'G',32,'/players/kris/dunn/1627739'),(201142,1610612744,'Kevin','Durant',240,6,9,'F',35,'/players/kevin/durant/201142'),(1627740,1610612765,'Henry','Ellenson',245,6,11,'F',8,'/players/henry/ellenson/1627740'),(201961,1610612748,'Wayne','Ellington',200,6,5,'G',2,'/players/wayne/ellington/201961'),(203954,1610612755,'Joel','Embiid',250,7,0,'C',21,'/players/joel/embiid/203954'),(203516,1610612763,'James','Ennis III',210,6,7,'F',8,'/players/james/ennis_iii/203516'),(203898,1610612747,'Tyler','Ennis',194,6,3,'G',10,'/players/tyler/ennis/203898'),(1628393,1610612746,'Jawun','Evans',190,6,0,'G',1,'/players/jawun/evans/1628393'),(201936,1610612763,'Tyreke','Evans',220,6,6,'G-F',12,'/players/tyreke/evans/201936'),(203957,1610612762,'Dante','Exum',190,6,6,'G',11,'/players/dante/exum/203957'),(202702,1610612743,'Kenneth','Faried',228,6,8,'F',35,'/players/kenneth/faried/202702'),(202324,1610612762,'Derrick','Favors',265,6,10,'F-C',15,'/players/derrick/favors/202324'),(1627770,1610612741,'Kay','Felder',176,5,9,'G',3,'/players/kay/felder/1627770'),(1626245,1610612741,'Cristiano','Felicio',280,6,9,'C-F',6,'/players/cristiano/felicio/1626245'),(101109,1610612760,'Raymond','Felton',205,6,1,'G',2,'/players/raymond/felton/101109'),(1628390,1610612760,'Terrance','Ferguson',184,6,7,'G',23,'/players/terrance/ferguson/1628390'),(1627812,1610612742,'Yogi','Ferrell',180,6,0,'G',11,'/players/yogi/ferrell/1627812'),(1627827,1610612742,'Dorian','Finney-Smith',220,6,8,'F',10,'/players/dorian/finney-smith/1627827'),(1627854,1610612759,'Bryn','Forbes',190,6,3,'G',11,'/players/bryn/forbes/1627854'),(203095,1610612753,'Evan','Fournier',205,6,7,'F-G',10,'/players/evan/fournier/203095'),(1628368,1610612758,'De\'Aaron','Fox',175,6,3,'G',5,'/players/de\'aaron/fox/1628368'),(204025,1610612764,'Tim','Frazier',170,6,1,'G',8,'/players/tim/frazier/204025'),(101112,1610612739,'Channing','Frye',255,6,11,'F',8,'/players/channing/frye/101112'),(1628365,1610612755,'Markelle','Fultz',200,6,4,'G',20,'/players/markelle/fultz/1628365'),(201568,1610612746,'Danilo','Gallinari',225,6,10,'F',8,'/players/danilo/gallinari/201568'),(204038,1610612765,'Langston','Galloway',200,6,2,'G',9,'/players/langston/galloway/204038'),(201188,1610612763,'Marc','Gasol',255,7,1,'C',33,'/players/marc/gasol/201188'),(2200,1610612759,'Pau','Gasol',250,7,0,'C',16,'/players/pau/gasol/2200'),(200752,1610612759,'Rudy','Gay',230,6,8,'F',22,'/players/rudy/gay/200752'),(202331,1610612760,'Paul','George',220,6,9,'F',13,'/players/paul/george/202331'),(1627875,1610612750,'Marcus','Georges-Hunt',226,6,5,'G',13,'/players/marcus/georges-hunt/1627875'),(201959,1610612750,'Taj','Gibson',235,6,9,'F',67,'/players/taj/gibson/201959'),(1628385,1610612758,'Harry','Giles',240,6,10,'F-C',20,'/players/harry/giles/1628385'),(1938,1610612759,'Manu','Ginobili',205,6,6,'G',20,'/players/manu/ginobili/1938'),(203497,1610612762,'Rudy','Gobert',245,7,1,'C',27,'/players/rudy/gobert/203497'),(203932,1610612753,'Aaron','Gordon',220,6,9,'F',0,'/players/aaron/gordon/203932'),(201569,1610612745,'Eric','Gordon',215,6,4,'G',10,'/players/eric/gordon/201569'),(101162,1610612764,'Marcin','Gortat',240,6,11,'C',13,'/players/marcin/gortat/101162'),(1626203,1610612766,'Treveon','Graham',219,6,5,'G-F',21,'/players/treveon/graham/1626203'),(203924,1610612760,'Jerami','Grant',220,6,9,'F',9,'/players/jerami/grant/203924'),(1626170,1610612741,'Jerian','Grant',198,6,4,'G',2,'/players/jerian/grant/1626170'),(201980,1610612759,'Danny','Green',215,6,6,'G-F',14,'/players/danny/green/201980'),(203110,1610612744,'Draymond','Green',230,6,7,'F',23,'/players/draymond/green/203110'),(203210,1610612763,'JaMychal','Green',227,6,9,'F',0,'/players/jamychal/green/203210'),(201145,1610612739,'Jeff','Green',235,6,9,'F',32,'/players/jeff/green/201145'),(201933,1610612746,'Blake','Griffin',251,6,10,'F',32,'/players/blake/griffin/201933'),(203547,1610612762,'Eric','Griffin',205,6,8,'C-F',17,'/players/eric/griffin/203547'),(1627772,1610612760,'Daniel','Hamilton',195,6,7,'G',25,'/players/daniel/hamilton/1627772'),(1627773,1610612748,'AJ','Hammons',260,7,0,'C',4,'/players/aj/hammons/1627773'),(203501,1610612752,'Tim','Hardaway Jr.',205,6,6,'F-G',3,'/players/tim/hardaway_jr./203501'),(201935,1610612745,'James','Harden',220,6,5,'G',13,'/players/james/harden/201935'),(203090,1610612757,'Maurice','Harkless',220,6,9,'F',4,'/players/maurice/harkless/203090'),(1626149,1610612746,'Montrezl','Harrell',240,6,8,'F-C',5,'/players/montrezl/harrell/1626149'),(2734,1610612742,'Devin','Harris',185,6,3,'G',34,'/players/devin/harris/2734'),(203914,1610612743,'Gary','Harris',210,6,4,'G',14,'/players/gary/harris/203914'),(203925,1610612751,'Joe','Harris',219,6,6,'G',12,'/players/joe/harris/203925'),(1626150,1610612763,'Andrew','Harrison',213,6,6,'G',5,'/players/andrew/harrison/1626150'),(202699,1610612765,'Tobias','Harris',235,6,9,'F',34,'/players/tobias/harris/202699'),(1628404,1610612747,'Josh','Hart',215,6,5,'G',5,'/players/josh/hart/1628404'),(2617,1610612748,'Udonis','Haslem',235,6,8,'F',40,'/players/udonis/haslem/2617'),(202330,1610612738,'Gordon','Hayward',226,6,8,'F',20,'/players/gordon/hayward/202330'),(203089,1610612749,'John','Henson',229,6,11,'F-C',31,'/players/john/henson/203089'),(1627823,1610612743,'Juan','Hernangomez',230,6,9,'F',41,'/players/juan/hernangomez/1627823'),(1626195,1610612752,'Willy','Hernangomez',240,6,11,'C',14,'/players/willy/hernangomez/1626195'),(1626209,1610612753,'Mario','Hezonja',218,6,8,'G-F',8,'/players/mario/hezonja/1626209'),(1628439,1610612752,'Isaiah','Hicks',242,6,9,'F',4,'/players/isaiah/hicks/1628439'),(1627741,1610612758,'Buddy','Hield',214,6,4,'G',24,'/players/buddy/hield/1627741'),(201588,1610612758,'George','Hill',188,6,3,'G',3,'/players/george/hill/201588'),(1626199,1610612759,'Darrun','Hilliard',220,6,6,'G',24,'/players/darrun/hilliard/1626199'),(203524,1610612740,'Solomon','Hill',225,6,7,'F',44,'/players/solomon/hill/203524'),(201950,1610612740,'Jrue','Holiday',205,6,4,'G',11,'/players/jrue/holiday/201950'),(203200,1610612741,'Justin','Holiday',185,6,6,'G',7,'/players/justin/holiday/203200'),(204066,1610612739,'John','Holland',205,6,5,'G-F',10,'/players/john/holland/204066'),(1626178,1610612751,'Rondae','Hollis-Jefferson',214,6,7,'F',24,'/players/rondae/hollis-jefferson/1626178'),(1626158,1610612755,'Richaun','Holmes',235,6,10,'F-C',22,'/players/richaun/holmes/1626158'),(203918,1610612762,'Rodney','Hood',206,6,8,'G',5,'/players/rodney/hood/203918'),(201143,1610612738,'Al','Horford',245,6,10,'F-C',42,'/players/al/horford/201143'),(2730,1610612766,'Dwight','Howard',265,6,11,'C',12,'/players/dwight/howard/2730'),(203962,1610612760,'Josh','Huestis',230,6,7,'F',34,'/players/josh/huestis/203962'),(1626205,1610612763,'Vincent','Hunter',208,6,8,'F',32,'/players/vincent/hunter/1626205'),(201586,1610612761,'Serge','Ibaka',235,6,10,'F',9,'/players/serge/ibaka/201586'),(2738,1610612744,'Andre','Iguodala',215,6,6,'G-F',9,'/players/andre/iguodala/2738'),(101141,1610612737,'Ersan','Ilyasova',235,6,10,'F',7,'/players/ersan/ilyasova/101141'),(204060,1610612762,'Joe','Ingles',226,6,8,'F',2,'/players/joe/ingles/204060'),(1627742,1610612747,'Brandon','Ingram',190,6,9,'F-G',14,'/players/brandon/ingram/1627742'),(202681,1610612738,'Kyrie','Irving',193,6,3,'G',11,'/players/kyrie/irving/202681'),(1628371,1610612753,'Jonathan','Isaac',210,6,10,'F',1,'/players/jonathan/isaac/1628371'),(1628411,1610612753,'Wes','Iwundu',195,6,7,'F',25,'/players/wes/iwundu/1628411'),(101127,1610612752,'Jarrett','Jack',200,6,3,'G',55,'/players/jarrett/jack/101127'),(1627743,1610612745,'Demetrius','Jackson',201,6,1,'G',2,'/players/demetrius/jackson/1627743'),(1628402,1610612740,'Frank','Jackson',205,6,3,'G',15,'/players/frank/jackson/1628402'),(1628367,1610612756,'Josh','Jackson',200,6,8,'F',20,'/players/josh/jackson/1628367'),(1628382,1610612758,'Justin','Jackson',210,6,8,'F',25,'/players/justin/jackson/1628382'),(202704,1610612765,'Reggie','Jackson',208,6,3,'G',1,'/players/reggie/jackson/202704'),(2544,1610612739,'LeBron','James',250,6,8,'F-G',23,'/players/lebron/james/2544'),(1628455,1610612756,'Mike','James',195,6,1,'G',55,'/players/mike/james/1628455'),(2744,1610612754,'Al','Jefferson',280,6,10,'C',25,'/players/al/jefferson/2744'),(2210,1610612743,'Richard','Jefferson',233,6,7,'F',22,'/players/richard/jefferson/2210'),(201973,1610612762,'Jonas','Jerebko',231,6,10,'F',8,'/players/jonas/jerebko/201973'),(101161,1610612755,'Amir','Johnson',240,6,9,'F-C',5,'/players/amir/johnson/101161'),(1627744,1610612746,'Brice','Johnson',230,6,10,'F',11,'/players/brice/johnson/1627744'),(1626177,1610612760,'Dakari','Johnson',255,7,0,'C',44,'/players/dakari/johnson/1626177'),(201949,1610612748,'James','Johnson',240,6,8,'F',16,'/players/james/johnson/201949'),(2207,1610612762,'Joe','Johnson',240,6,7,'G-F',6,'/players/joe/johnson/2207'),(1626169,1610612765,'Stanley','Johnson',245,6,7,'F',7,'/players/stanley/johnson/1626169'),(204020,1610612748,'Tyler','Johnson',190,6,4,'G',8,'/players/tyler/johnson/204020'),(202325,1610612746,'Wesley','Johnson',215,6,7,'F',33,'/players/wesley/johnson/202325'),(203999,1610612743,'Nikola','Jokic',250,6,10,'C',15,'/players/nikola/jokic/203999'),(1627884,1610612756,'Derrick','Jones Jr.',195,6,7,'F-G',10,'/players/derrick/jones_jr./1627884'),(1627745,1610612744,'Damian','Jones',245,7,0,'C',15,'/players/damian/jones/1627745'),(1627883,1610612740,'Jalen','Jones',220,6,7,'F',12,'/players/jalen/jones/1627883'),(1626145,1610612750,'Tyus','Jones',184,6,2,'G',1,'/players/tyus/jones/1626145'),(201599,1610612746,'DeAndre','Jordan',265,6,11,'C',6,'/players/deandre/jordan/201599'),(202709,1610612754,'Cory','Joseph',190,6,3,'G',6,'/players/cory/joseph/202709'),(1626163,1610612766,'Frank','Kaminsky',242,7,0,'F-C',44,'/players/frank/kaminsky/1626163'),(202683,1610612752,'Enes','Kanter',245,6,11,'C',0,'/players/enes/kanter/202683'),(1628379,1610612765,'Luke','Kennard',200,6,5,'G',5,'/players/luke/kennard/1628379'),(203077,1610612766,'Michael','Kidd-Gilchrist',232,6,7,'F',14,'/players/michael/kidd-gilchrist/203077'),(203930,1610612751,'Sean','Kilpatrick',212,6,4,'G',6,'/players/sean/kilpatrick/203930'),(1628467,1610612742,'Maxi','Kleber',220,6,11,'F',42,'/players/maxi/kleber/1628467'),(202688,1610612756,'Brandon','Knight',195,6,3,'G',11,'/players/brandon/knight/202688'),(1627788,1610612755,'Furkan','Korkmaz',190,6,7,'G-F',30,'/players/furkan/korkmaz/1627788'),(1628436,1610612752,'Luke','Kornet',250,7,1,'F-C',2,'/players/luke/kornet/1628436'),(2594,1610612739,'Kyle','Korver',212,6,7,'G',26,'/players/kyle/korver/2594'),(201585,1610612758,'Kosta','Koufos',265,7,0,'C',41,'/players/kosta/koufos/201585'),(1628398,1610612747,'Kyle','Kuzma',220,6,9,'F',0,'/players/kyle/kuzma/1628398'),(1627746,1610612758,'Skal','Labissiere',225,6,11,'F-C',7,'/players/skal/labissiere/1627746'),(203087,1610612766,'Jeremy','Lamb',185,6,5,'G',3,'/players/jeremy/lamb/203087'),(203499,1610612738,'Shane','Larkin',175,5,11,'G',8,'/players/shane/larkin/203499'),(203530,1610612759,'Joffrey','Lauvergne',260,6,11,'C',77,'/players/joffrey/lauvergne/203530'),(203897,1610612741,'Zach','LaVine',185,6,5,'G',8,'/players/zach/lavine/203897'),(1627774,1610612757,'Jake','Layman',210,6,9,'F',10,'/players/jake/layman/1627774'),(1628388,1610612754,'TJ','Leaf',230,6,10,'F',22,'/players/tj/leaf/1628388'),(201584,1610612752,'Courtney','Lee',200,6,5,'G',5,'/players/courtney/lee/201584'),(203458,1610612756,'Alex','Len',250,7,1,'C',21,'/players/alex/len/203458'),(202695,1610612759,'Kawhi','Leonard',230,6,7,'F',2,'/players/kawhi/leonard/202695'),(203086,1610612757,'Meyers','Leonard',255,7,1,'C',11,'/players/meyers/leonard/203086'),(202720,1610612765,'Jon','Leuer',228,6,10,'F-C',30,'/players/jon/leuer/202720'),(1627747,1610612751,'Caris','LeVert',203,6,7,'G-F',22,'/players/caris/levert/1627747'),(202732,1610612749,'DeAndre','Liggins',209,6,6,'G',25,'/players/deandre/liggins/202732'),(203081,1610612757,'Damian','Lillard',195,6,3,'G',0,'/players/damian/lillard/203081'),(202391,1610612751,'Jeremy','Lin',200,6,3,'G',7,'/players/jeremy/lin/202391'),(2733,1610612744,'Shaun','Livingston',192,6,7,'G',34,'/players/shaun/livingston/2733'),(1626172,1610612744,'Kevon','Looney',220,6,9,'F',5,'/players/kevon/looney/1626172'),(201572,1610612747,'Brook','Lopez',268,7,0,'C',11,'/players/brook/lopez/201572'),(201577,1610612741,'Robin','Lopez',277,7,0,'C',42,'/players/robin/lopez/201577'),(201567,1610612739,'Kevin','Love',251,6,10,'F-C',0,'/players/kevin/love/201567'),(200768,1610612761,'Kyle','Lowry',205,6,0,'G',7,'/players/kyle/lowry/200768'),(1627789,1610612755,'Timothe','Luwawu-Cabarrot',200,6,6,'G-F',7,'/players/timothe/luwawu-cabarrot/1627789'),(1628399,1610612743,'Tyler','Lydon',220,6,9,'F',20,'/players/tyler/lydon/1628399'),(1626168,1610612743,'Trey','Lyles',234,6,10,'F',7,'/players/trey/lyles/1626168'),(202714,1610612753,'Shelvin','Mack',203,6,3,'G',7,'/players/shelvin/mack/202714'),(1627815,1610612764,'Sheldon','Mac',200,6,6,'G-F',9,'/players/sheldon/mac/1627815'),(203705,1610612737,'Josh','Magette',160,6,1,'G',11,'/players/josh/magette/203705'),(101133,1610612764,'Ian','Mahinmi',262,6,11,'C',28,'/players/ian/mahinmi/101133'),(1627748,1610612749,'Thon','Maker',223,7,1,'C-F',7,'/players/thon/maker/1627748'),(1626246,1610612765,'Boban','Marjanovic',290,7,3,'C',51,'/players/boban/marjanovic/1626246'),(1628374,1610612741,'Lauri','Markkanen',230,7,0,'F',24,'/players/lauri/markkanen/1628374'),(1626185,1610612763,'Jarell','Martin',239,6,10,'F',1,'/players/jarell/martin/1626185'),(1628412,1610612758,'Frank','Mason',190,5,11,'G',10,'/players/frank/mason/1628412'),(1628493,1610612766,'Mangok','Mathiang',230,6,10,'F-C',9,'/players/mangok/mathiang/1628493'),(202083,1610612742,'Wesley','Matthews',220,6,5,'G-F',23,'/players/wesley/matthews/202083'),(201601,1610612745,'Luc','Mbah a Moute',230,6,8,'F',12,'/players/luc/mbah_a_moute/201601'),(203949,1610612755,'James Michael','McAdoo',230,6,9,'F',14,'/players/james_michael/mcadoo/203949'),(1627775,1610612744,'Patrick','McCaw',185,6,7,'G',0,'/players/patrick/mccaw/1627775'),(203468,1610612757,'CJ','McCollum',190,6,3,'G',3,'/players/cj/mccollum/203468'),(204456,1610612755,'T.J.','McConnell',190,6,2,'G',12,'/players/t.j./mcconnell/204456'),(1626191,1610612764,'Chris','McCullough',215,6,9,'F',1,'/players/chris/mccullough/1626191'),(203926,1610612752,'Doug','McDermott',219,6,8,'F',20,'/players/doug/mcdermott/203926'),(201580,1610612744,'JaVale','McGee',270,7,0,'C',1,'/players/javale/mcgee/201580'),(203585,1610612748,'Rodney','McGruder',200,6,4,'G-F',17,'/players/rodney/mcgruder/203585'),(1628035,1610612761,'Alfonzo','McKinnie',215,6,8,'F',34,'/players/alfonzo/mckinnie/1628035'),(203463,1610612763,'Ben','McLemore',195,6,5,'G',23,'/players/ben/mclemore/203463'),(201177,1610612742,'Josh','McRoberts',240,6,10,'F-C',13,'/players/josh/mcroberts/201177'),(201975,1610612764,'Jodie','Meeks',210,6,4,'G',20,'/players/jodie/meeks/201975'),(1626257,1610612742,'Salah','Mejri',235,7,2,'C',50,'/players/salah/mejri/1626257'),(1626175,1610612748,'Jordan','Mickey',235,6,8,'C-F',25,'/players/jordan/mickey/1626175'),(203114,1610612749,'Khris','Middleton',234,6,8,'F',22,'/players/khris/middleton/203114'),(101139,1610612761,'CJ','Miles',225,6,6,'F-G',0,'/players/cj/miles/101139'),(203121,1610612740,'Darius','Miller',225,6,8,'F',21,'/players/darius/miller/203121'),(1626259,1610612761,'Malcolm','Miller',210,6,7,'F',13,'/players/malcolm/miller/1626259'),(200794,1610612743,'Paul','Millsap',246,6,8,'F',4,'/players/paul/millsap/200794'),(201988,1610612759,'Patty','Mills',185,6,0,'G',8,'/players/patty/mills/201988'),(202703,1610612741,'Nikola','Mirotic',238,6,10,'F',44,'/players/nikola/mirotic/202703'),(1628378,1610612762,'Donovan','Mitchell',215,6,3,'G',45,'/players/donovan/mitchell/1628378'),(1628370,1610612766,'Malik','Monk',200,6,3,'G',1,'/players/malik/monk/1628370'),(202328,1610612756,'Greg','Monroe',265,6,11,'C-F',14,'/players/greg/monroe/202328'),(1626242,1610612765,'Luis','Montero',200,6,7,'G',44,'/players/luis/montero/1626242'),(202734,1610612740,'E\'Twaun','Moore',191,6,4,'G',55,'/players/e\'twaun/moore/202734'),(203961,1610612765,'Eric','Moreland',238,6,10,'F-C',24,'/players/eric/moreland/203961'),(202694,1610612738,'Marcus','Morris',235,6,9,'F',13,'/players/marcus/morris/202694'),(202693,1610612764,'Markieff','Morris',245,6,10,'F',5,'/players/markieff/morris/202693'),(1628420,1610612743,'Monte','Morris',175,6,3,'G',11,'/players/monte/morris/1628420'),(1628405,1610612742,'Johnathan','Motley',230,6,10,'F',6,'/players/johnathan/motley/1628405'),(202389,1610612751,'Timofey','Mozgov',275,7,1,'C',20,'/players/timofey/mozgov/202389'),(1626144,1610612743,'Emmanuel','Mudiay',200,6,5,'G',0,'/players/emmanuel/mudiay/1626144'),(203498,1610612750,'Shabazz','Muhammad',221,6,6,'G-F',15,'/players/shabazz/muhammad/203498'),(1627749,1610612759,'Dejounte','Murray',170,6,5,'G',5,'/players/dejounte/murray/1627749'),(1627750,1610612743,'Jamal','Murray',207,6,4,'G',27,'/players/jamal/murray/1627750'),(203488,1610612737,'Mike','Muscala',240,6,11,'F-C',31,'/players/mike/muscala/203488'),(1627846,1610612738,'Abdel','Nader',230,6,6,'F',28,'/players/abdel/nader/1627846'),(1626204,1610612747,'Larry','Nance Jr.',230,6,9,'F',7,'/players/larry/nance_jr./1626204'),(203894,1610612757,'Shabazz','Napier',175,6,1,'G',6,'/players/shabazz/napier/203894'),(2749,1610612740,'Jameer','Nelson',190,6,0,'G',14,'/players/jameer/nelson/2749'),(2403,1610612745,'Nene','',250,6,11,'C-F',42,'/players/nene/2403'),(203526,1610612762,'Raul','Neto',179,6,1,'G',25,'/players/raul/neto/203526'),(201149,1610612752,'Joakim','Noah',230,6,11,'C',13,'/players/joakim/noah/201149'),(203457,1610612742,'Nerlens','Noel',220,6,11,'C',3,'/players/nerlens/noel/203457'),(203512,1610612761,'Lucas','Nogueira',220,7,0,'C',92,'/players/lucas/nogueira/203512'),(1717,1610612742,'Dirk','Nowitzki',245,7,0,'F-C',41,'/players/dirk/nowitzki/1717'),(1628373,1610612752,'Frank','Ntilikina',190,6,5,'G',11,'/players/frank/ntilikina/1628373'),(203994,1610612757,'Jusuf','Nurkic',280,7,0,'C',27,'/players/jusuf/nurkic/203994'),(1628021,1610612741,'David','Nwaba',209,6,4,'G',11,'/players/david/nwaba/1628021'),(203948,1610612766,'Johnny','O\'Bryant III',257,6,9,'F',8,'/players/johnny/o\'bryant_iii/203948'),(1626220,1610612762,'Royce','O\'Neale',226,6,6,'F',23,'/players/royce/o\'neale/1626220'),(203124,1610612752,'Kyle','O\'Quinn',250,6,10,'C-F',9,'/players/kyle/o\'quinn/203124'),(1628400,1610612738,'Semi','Ojeleye',235,6,7,'F',37,'/players/semi/ojeleye/1628400'),(1626143,1610612755,'Jahlil','Okafor',260,6,11,'C',8,'/players/jahlil/okafor/1626143'),(203506,1610612754,'Victor','Oladipo',210,6,4,'G',4,'/players/victor/oladipo/203506'),(203482,1610612748,'Kelly','Olynyk',245,7,0,'C-F',9,'/players/kelly/olynyk/203482'),(1627778,1610612745,'Chinanu','Onuaku',245,6,10,'C',21,'/players/chinanu/onuaku/1627778'),(1626224,1610612739,'Cedi','Osman',215,6,8,'F',16,'/players/cedi/osman/1626224'),(1628473,1610612751,'Yakuba','Ouattara',220,6,4,'G',0,'/players/yakuba/ouattara/1628473'),(1626162,1610612764,'Kelly','Oubre Jr.',205,6,7,'F',12,'/players/kelly/oubre_jr./1626162'),(2585,1610612744,'Zaza','Pachulia',270,6,11,'C',27,'/players/zaza/pachulia/2585'),(1627779,1610612766,'Marcus','Paige',164,6,0,'G',4,'/players/marcus/paige/1627779'),(1627834,1610612758,'Georgios','Papagiannis',240,7,1,'C',13,'/players/georgios/papagiannis/1627834'),(203953,1610612749,'Jabari','Parker',250,6,8,'F',12,'/players/jabari/parker/203953'),(2225,1610612759,'Tony','Parker',185,6,2,'G',9,'/players/tony/parker/2225'),(202718,1610612763,'Chandler','Parsons',230,6,10,'F',25,'/players/chandler/parsons/202718'),(202335,1610612760,'Patrick','Patterson',230,6,9,'F',54,'/players/patrick/patterson/202335'),(1628383,1610612750,'Justin','Patton',236,7,0,'C',24,'/players/justin/patton/1628383'),(203464,1610612759,'Brandon','Paul',200,6,4,'G',3,'/players/brandon/paul/203464'),(101108,1610612745,'Chris','Paul',175,6,0,'G',3,'/players/chris/paul/101108'),(203940,1610612753,'Adreian','Payne',237,6,10,'F',33,'/players/adreian/payne/203940'),(1626166,1610612741,'Cameron','Payne',185,6,3,'G',22,'/players/cameron/payne/1626166'),(1627780,1610612749,'Gary','Payton II',190,6,3,'G',0,'/players/gary/payton_ii/1627780'),(203901,1610612753,'Elfrid','Payton',185,6,4,'G',2,'/players/elfrid/payton/203901'),(1628506,1610612739,'London','Perrantes',190,6,2,'G',15,'/players/london/perrantes/1628506'),(1628409,1610612756,'Alec','Peters',235,6,9,'F',25,'/players/alec/peters/1628409'),(203486,1610612743,'Mason','Plumlee',255,6,11,'C-F',24,'/players/mason/plumlee/203486'),(203101,1610612737,'Miles','Plumlee',249,6,11,'C',18,'/players/miles/plumlee/203101'),(1627751,1610612761,'Jakob','Poeltl',230,7,0,'C',42,'/players/jakob/poeltl/1627751'),(202347,1610612741,'Quincy','Pondexter',225,6,7,'G',20,'/players/quincy/pondexter/202347'),(203490,1610612764,'Otto','Porter Jr.',198,6,8,'F',22,'/players/otto/porter_jr./203490'),(1626171,1610612741,'Bobby','Portis',248,6,11,'F',5,'/players/bobby/portis/1626171'),(204001,1610612752,'Kristaps','Porzingis',240,7,3,'F-C',6,'/players/kristaps/porzingis/204001'),(203939,1610612742,'Dwight','Powell',240,6,11,'F-C',7,'/players/dwight/powell/203939'),(1626181,1610612761,'Norman','Powell',215,6,4,'F-G',24,'/players/norman/powell/1626181'),(1627816,1610612754,'Alex','Poythress',235,6,9,'F',0,'/players/alex/poythress/1627816'),(1627752,1610612737,'Taurean','Prince',220,6,8,'F',12,'/players/taurean/prince/1627752'),(1626643,1610612755,'Jacob','Pullen',200,6,1,'G',0,'/players/jacob/pullen/1626643'),(1627753,1610612745,'Zhou','Qi',210,7,1,'F-C',9,'/players/zhou/qi/1627753'),(1628397,1610612763,'Ivan','Rabb',220,6,10,'F',10,'/players/ivan/rabb/1628397'),(203944,1610612747,'Julius','Randle',250,6,9,'F-C',30,'/players/julius/randle/203944'),(2216,1610612758,'Zach','Randolph',250,6,9,'F',50,'/players/zach/randolph/2216'),(200755,1610612755,'JJ','Redick',200,6,4,'F-G',17,'/players/jj/redick/200755'),(1628432,1610612756,'Davon','Reed',210,6,6,'G',32,'/players/davon/reed/1628432'),(203186,1610612746,'Willie','Reed',245,6,11,'C',35,'/players/willie/reed/203186'),(1626196,1610612748,'Josh','Richardson',200,6,6,'F',0,'/players/josh/richardson/1626196'),(1627781,1610612758,'Malachi','Richardson',205,6,6,'G',23,'/players/malachi/richardson/1627781'),(203085,1610612746,'Austin','Rivers',200,6,4,'G',25,'/players/austin/rivers/203085'),(203460,1610612760,'Andre','Roberson',210,6,7,'G',21,'/players/andre/roberson/203460'),(203922,1610612754,'Glenn','Robinson III',215,6,7,'G-F',40,'/players/glenn/robinson_iii/203922'),(1628421,1610612764,'Devin','Robinson',200,6,8,'F',7,'/players/devin/robinson/1628421'),(200765,1610612740,'Rajon','Rondo',186,6,1,'G',9,'/players/rajon/rondo/200765'),(201565,1610612739,'Derrick','Rose',190,6,3,'G',1,'/players/derrick/rose/201565'),(203082,1610612753,'Terrence','Ross',206,6,7,'G-F',31,'/players/terrence/ross/203082'),(1626179,1610612738,'Terry','Rozier',190,6,2,'G',12,'/players/terry/rozier/1626179'),(201937,1610612762,'Ricky','Rubio',190,6,4,'G',3,'/players/ricky/rubio/201937'),(1626156,1610612751,'D\'Angelo','Russell',195,6,5,'G',1,'/players/d\'angelo/russell/1626156'),(1627734,1610612754,'Domantas','Sabonis',252,6,10,'C-F',11,'/players/domantas/sabonis/1627734'),(203960,1610612758,'JaKarr','Sampson',207,6,9,'F',29,'/players/jakarr/sampson/203960'),(203967,1610612755,'Dario','Saric',223,6,10,'F',9,'/players/dario/saric/203967'),(203107,1610612764,'Tomas','Satoransky',210,6,7,'F-G',31,'/players/tomas/satoransky/203107'),(203471,1610612737,'Dennis','Schroder',172,6,1,'G',17,'/players/dennis/schroder/203471'),(203118,1610612764,'Mike','Scott',237,6,8,'F',30,'/players/mike/scott/203118'),(200757,1610612762,'Thabo','Sefolosha',220,6,7,'F',22,'/players/thabo/sefolosha/200757'),(1627782,1610612763,'Wayne','Selden',230,6,5,'G-F',7,'/players/wayne/selden/1627782'),(201196,1610612752,'Ramon','Sessions',190,6,3,'G',1,'/players/ramon/sessions/201196'),(202697,1610612739,'Iman','Shumpert',220,6,5,'G',4,'/players/iman/shumpert/202697'),(1627783,1610612761,'Pascal','Siakam',230,6,9,'F',43,'/players/pascal/siakam/1627783'),(1627732,1610612755,'Ben','Simmons',230,6,10,'G-F',25,'/players/ben/simmons/1627732'),(203613,1610612753,'Jonathon','Simmons',195,6,6,'F',17,'/players/jonathon/simmons/203613'),(1628424,1610612763,'Kobi','Simmons',170,6,4,'G',2,'/players/kobi/simmons/1628424'),(202713,1610612760,'Kyle','Singler',228,6,8,'F',15,'/players/kyle/singler/202713'),(203935,1610612738,'Marcus','Smart',220,6,4,'G',36,'/players/marcus/smart/203935'),(1628372,1610612742,'Dennis','Smith Jr.',195,6,3,'G',1,'/players/dennis/smith_jr./1628372'),(202397,1610612765,'Ish','Smith',175,6,0,'G',14,'/players/ish/smith/202397'),(201160,1610612764,'Jason','Smith',240,7,0,'F-C',14,'/players/jason/smith/201160'),(2747,1610612739,'JR','Smith',225,6,6,'G-F',5,'/players/jr/smith/2747'),(203503,1610612749,'Tony','Snell',221,6,7,'G',21,'/players/tony/snell/203503'),(201578,1610612753,'Marreese','Speights',255,6,10,'F-C',5,'/players/marreese/speights/201578'),(203917,1610612755,'Nik','Stauskas',205,6,6,'G',11,'/players/nik/stauskas/203917'),(202362,1610612754,'Lance','Stephenson',230,6,6,'G',1,'/players/lance/stephenson/202362'),(202933,1610612766,'Julyan','Stone',200,6,6,'G',32,'/players/julyan/stone/202933'),(1628410,1610612754,'Edmond','Sumner',188,6,5,'G',5,'/players/edmond/sumner/1628410'),(1628403,1610612757,'Caleb','Swanigan',250,6,8,'F-C',50,'/players/caleb/swanigan/1628403'),(1628369,1610612738,'Jayson','Tatum',205,6,8,'F',0,'/players/jayson/tatum/1628369'),(1627819,1610612737,'Isaiah','Taylor',170,6,3,'G',22,'/players/isaiah/taylor/1627819'),(201952,1610612750,'Jeff','Teague',189,6,2,'G',0,'/players/jeff/teague/201952'),(203141,1610612749,'Mirza','Teletovic',242,6,9,'F',35,'/players/mirza/teletovic/203141'),(202066,1610612758,'Garrett','Temple',195,6,6,'G',17,'/players/garrett/temple/202066'),(1628462,1610612746,'Milos','Teodosic',196,6,5,'G',4,'/players/milos/teodosic/1628462'),(1891,1610612749,'Jason','Terry',185,6,2,'G',3,'/players/jason/terry/1891'),(1628464,1610612738,'Daniel','Theis',243,6,9,'F-C',27,'/players/daniel/theis/1628464'),(202738,1610612739,'Isaiah','Thomas',185,5,9,'G',3,'/players/isaiah/thomas/202738'),(202498,1610612752,'Lance','Thomas',235,6,8,'F',42,'/players/lance/thomas/202498'),(202691,1610612744,'Klay','Thompson',215,6,7,'G',11,'/players/klay/thompson/202691'),(202684,1610612739,'Tristan','Thompson',238,6,9,'C-F',13,'/players/tristan/thompson/202684'),(1628414,1610612746,'Sindarius','Thornwell',215,6,5,'G',0,'/players/sindarius/thornwell/1628414'),(201229,1610612765,'Anthony','Tolliver',240,6,8,'F',43,'/players/anthony/tolliver/201229'),(1626157,1610612750,'Karl-Anthony','Towns',248,7,0,'C',32,'/players/karl-anthony/towns/1626157'),(200782,1610612745,'PJ','Tucker',245,6,6,'F',4,'/players/pj/tucker/200782'),(202323,1610612757,'Evan','Turner',220,6,7,'G-F',1,'/players/evan/turner/202323'),(1626167,1610612754,'Myles','Turner',255,6,11,'C',33,'/players/myles/turner/1626167'),(202327,1610612762,'Ekpe','Udoh',245,6,10,'C-F',33,'/players/ekpe/udoh/202327'),(1627755,1610612756,'Tyler','Ulis',160,5,10,'G',8,'/players/tyler/ulis/1627755'),(202685,1610612761,'Jonas','Valanciunas',255,7,0,'C',17,'/players/jonas/valanciunas/202685'),(1627756,1610612741,'Denzel','Valentine',214,6,6,'F',45,'/players/denzel/valentine/1627756'),(1627832,1610612761,'Fred','VanVleet',195,6,0,'G',23,'/players/fred/vanvleet/1627832'),(1626173,1610612749,'Rashad','Vaughn',202,6,6,'G',20,'/players/rashad/vaughn/1626173'),(203943,1610612757,'Noah','Vonleh',245,6,9,'F',21,'/players/noah/vonleh/203943'),(202696,1610612753,'Nikola','Vucevic',260,7,0,'C',9,'/players/nikola/vucevic/202696'),(2548,1610612739,'Dwyane','Wade',220,6,4,'G',9,'/players/dwyane/wade/2548'),(203079,1610612748,'Dion','Waiters',215,6,4,'G',11,'/players/dion/waiters/203079'),(202689,1610612766,'Kemba','Walker',184,6,1,'G',15,'/players/kemba/walker/202689'),(202322,1610612764,'John','Wall',210,6,4,'G',2,'/players/john/wall/202322'),(1628476,1610612748,'Derrick','Walton Jr.',185,6,1,'G',14,'/players/derrick/walton_jr./1628476'),(203933,1610612756,'TJ','Warren',215,6,8,'F',12,'/players/tj/warren/203933'),(1627362,1610612745,'Briante','Weber',165,6,2,'G',0,'/players/briante/weber/1627362'),(201566,1610612760,'Russell','Westbrook',200,6,3,'G',0,'/players/russell/westbrook/201566'),(2561,1610612744,'David','West',250,6,9,'F',3,'/players/david/west/2561'),(1628401,1610612759,'Derrick','White',190,6,4,'G',4,'/players/derrick/white/1628401'),(1627785,1610612751,'Isaiah','Whitehead',213,6,4,'G',15,'/players/isaiah/whitehead/1627785'),(1627855,1610612748,'Okaro','White',215,6,8,'F',15,'/players/okaro/white/1627855'),(202355,1610612748,'Hassan','Whiteside',265,7,0,'C',21,'/players/hassan/whiteside/202355'),(203952,1610612750,'Andrew','Wiggins',202,6,8,'F',22,'/players/andrew/wiggins/203952'),(203912,1610612757,'CJ','Wilcox',195,6,5,'G',23,'/players/cj/wilcox/203912'),(1628451,1610612751,'Jacob','Wiley',223,6,8,'F',21,'/players/jacob/wiley/1628451'),(2863,1610612754,'Damien','Wilkins',217,6,6,'G-F',12,'/players/damien/wilkins/2863'),(1628475,1610612748,'Matt','Williams Jr.',210,6,5,'G',12,'/players/matt/williams_jr./1628475'),(1626210,1610612756,'Alan','Williams',265,6,8,'F-C',15,'/players/alan/williams/1626210'),(203710,1610612746,'C.J.','Williams',230,6,5,'G',9,'/players/c.j./williams/203710'),(101150,1610612746,'Lou','Williams',175,6,1,'G',23,'/players/lou/williams/101150'),(101107,1610612766,'Marvin','Williams',237,6,9,'F',2,'/players/marvin/williams/101107'),(1627786,1610612745,'Troy','Williams',218,6,7,'F',5,'/players/troy/williams/1627786'),(1628391,1610612749,'D.J.','Wilson',236,6,10,'F',5,'/players/d.j./wilson/1628391'),(203966,1610612746,'Jamil','Wilson',229,6,7,'F',13,'/players/jamil/wilson/203966'),(1626159,1610612748,'Justise','Winslow',225,6,7,'F',20,'/players/justise/winslow/1626159'),(203481,1610612742,'Jeff','Withey',230,7,0,'C',17,'/players/jeff/withey/203481'),(203489,1610612762,'Nate','Wolters',190,6,4,'G',16,'/players/nate/wolters/203489'),(201148,1610612763,'Brandan','Wright',235,6,10,'F-C',34,'/players/brandan/wright/201148'),(1626153,1610612761,'Delon','Wright',190,6,5,'G',55,'/players/delon/wright/1626153'),(1627824,1610612738,'Guerschon','Yabusele',260,6,8,'F',30,'/players/guerschon/yabusele/1627824'),(1626202,1610612754,'Joe','Young',185,6,2,'G',3,'/players/joe/young/1626202'),(1628454,1610612764,'Mike','Young',235,6,9,'F',4,'/players/mike/young/1628454'),(201156,1610612744,'Nick','Young',210,6,7,'G-F',6,'/players/nick/young/201156'),(201152,1610612754,'Thaddeus','Young',230,6,8,'F',21,'/players/thaddeus/young/201152'),(203469,1610612766,'Cody','Zeller',240,7,0,'C-F',40,'/players/cody/zeller/203469'),(203092,1610612751,'Tyler','Zeller',250,7,0,'C',44,'/players/tyler/zeller/203092'),(1627835,1610612741,'Paul','Zipser',226,6,8,'F',16,'/players/paul/zipser/1627835'),(1627790,1610612739,'Ante','Zizic',250,6,11,'F-C',41,'/players/ante/zizic/1627790'),(1627826,1610612747,'Ivica','Zubac',240,7,1,'C',40,'/players/ivica/zubac/1627826');
/*!40000 ALTER TABLE `player` ENABLE KEYS */;
UNLOCK TABLES;

--
-- Table structure for table `player_performance`
--

DROP TABLE IF EXISTS `player_performance`;
/*!40101 SET @saved_cs_client     = @@character_set_client */;
/*!40101 SET character_set_client = utf8 */;
CREATE TABLE `player_performance` (
  `PLAYER_ID` int(11) DEFAULT NULL,
  `GP` int(11) DEFAULT NULL,
  `MIN` double DEFAULT NULL,
  `FGM` double DEFAULT NULL,
  `FGA` double DEFAULT NULL,
  `FG_PCT` double DEFAULT NULL,
  `FG3M` double DEFAULT NULL,
  `FG3A` double DEFAULT NULL,
  `FG3_PCT` double DEFAULT NULL,
  `FTM` double DEFAULT NULL,
  `FTA` double DEFAULT NULL,
  `FT_PCT` double DEFAULT NULL,
  `OREB` double DEFAULT NULL,
  `DREB` double DEFAULT NULL,
  `REB` double DEFAULT NULL,
  `AST` double DEFAULT NULL,
  `STL` double DEFAULT NULL,
  `BLK` double DEFAULT NULL,
  `TOV` double DEFAULT NULL,
  `PTS` double DEFAULT NULL,
  `EFF` double DEFAULT NULL
) ENGINE=InnoDB DEFAULT CHARSET=latin1;
/*!40101 SET character_set_client = @saved_cs_client */;

--
-- Dumping data for table `player_performance`
--

LOCK TABLES `player_performance` WRITE;
/*!40000 ALTER TABLE `player_performance` DISABLE KEYS */;
INSERT INTO `player_performance` VALUES (201566,81,34.6,10.2,24,0.425,2.5,7.2,0.343,8.8,10.4,0.845,1.7,9,10.7,10.4,1.63,0.38,5.41,31.6,33.8),(201935,81,36.4,8.3,18.9,0.44,3.2,9.3,0.347,9.2,10.9,0.847,1.2,7,8.1,11.2,1.49,0.47,5.73,29.1,32.4),(202738,76,33.8,9,19.4,0.463,3.2,8.5,0.379,7.8,8.5,0.909,0.6,2.1,2.7,5.9,0.92,0.17,2.76,28.9,24.7),(203076,75,36.1,10.3,20.3,0.505,0.5,1.8,0.299,6.9,8.6,0.802,2.3,9.5,11.8,2.1,1.25,2.23,2.41,28,31.1),(201942,74,35.4,9.7,20.9,0.467,0.4,1.7,0.266,7.4,8.7,0.842,0.9,4.3,5.2,3.9,1.05,0.18,2.43,27.3,22.7),(203081,75,35.9,8.8,19.8,0.444,2.9,7.7,0.37,6.5,7.3,0.895,0.6,4.3,4.9,5.9,0.91,0.27,2.63,27,24.5),(202326,72,34.2,9,19.9,0.452,1.8,5,0.361,7.2,9.3,0.772,2.1,8.9,11,4.6,1.39,1.29,3.74,27,28.5),(2544,74,37.8,9.9,18.2,0.548,1.7,4.6,0.363,4.8,7.2,0.674,1.3,7.3,8.6,8.7,1.24,0.59,4.09,26.4,31),(202695,74,33.6,8.6,17.7,0.485,2,5.2,0.38,6.3,7.2,0.88,1.1,4.7,5.8,3.5,1.8,0.74,2.08,25.5,25.3),(201939,79,33.4,8.5,18.3,0.468,4.1,10,0.411,4.1,4.6,0.898,0.8,3.7,4.5,6.6,1.8,0.22,3.03,25.3,25.2),(202681,72,35.1,9.3,19.7,0.473,2.5,6.1,0.401,4.1,4.6,0.905,0.7,2.5,3.2,5.8,1.15,0.33,2.5,25.2,22.4),(1626157,82,37,9.8,18,0.542,1.2,3.4,0.367,4.3,5.2,0.832,3.6,8.7,12.3,2.7,0.68,1.26,2.59,25.1,30.3),(201142,62,33.4,8.9,16.5,0.537,1.9,5,0.375,5.4,6.2,0.875,0.6,7.6,8.3,4.8,1.06,1.6,2.23,25.1,30.2),(202710,76,37,7.5,16.5,0.455,1.2,3.3,0.367,7.7,8.9,0.865,1.7,4.5,6.2,5.5,1.88,0.42,2.09,23.9,25.6),(202331,75,35.9,8.3,18,0.461,2.6,6.6,0.393,4.5,5,0.898,0.8,5.8,6.6,3.3,1.59,0.36,2.93,23.7,22.4),(203952,82,37.2,8.6,19.1,0.452,1.3,3.5,0.356,5,6.6,0.76,1.2,2.8,4,2.3,1,0.37,2.28,23.6,16.9),(202689,79,34.7,8.1,18.3,0.444,3,7.6,0.399,3.8,4.5,0.847,0.6,3.3,3.9,5.5,1.08,0.28,2.13,23.2,20.9),(202322,78,36.4,8.3,18.4,0.451,1.1,3.5,0.327,5.4,6.8,0.801,0.8,3.4,4.2,10.7,2.01,0.63,4.13,23.1,25),(203078,77,34.9,8.3,17.2,0.482,2.9,7.2,0.404,3.7,4.4,0.825,0.7,2.4,3.1,3.5,1.08,0.27,2.03,23.1,19.3),(203468,80,35,8.7,18,0.48,2.3,5.5,0.421,3.4,3.7,0.912,0.8,2.9,3.6,3.6,0.9,0.53,2.15,23,19.7),(203507,80,35.6,8.2,15.7,0.521,0.6,2.3,0.272,5.9,7.7,0.77,1.8,7,8.8,5.4,1.64,1.89,2.93,22.9,28.4),(2546,74,34.3,8.1,18.8,0.433,2,5.7,0.359,4.1,4.9,0.833,0.8,5.1,5.9,2.9,0.81,0.46,2.07,22.4,19),(200768,60,37.4,7.1,15.3,0.464,3.2,7.8,0.412,5,6.1,0.819,0.8,4,4.8,7,1.47,0.32,2.88,22.4,23.7),(202691,78,34,8.3,17.6,0.468,3.4,8.3,0.414,2.4,2.8,0.853,0.6,3,3.7,2.1,0.85,0.51,1.64,22.3,18),(1626164,78,35,7.8,18.3,0.423,1.9,5.2,0.363,4.7,5.7,0.832,0.6,2.6,3.2,3.4,0.92,0.27,3.09,22.1,15.3),(202330,73,34.5,7.5,15.8,0.471,2,5.1,0.398,5,5.9,0.844,0.7,4.7,5.4,3.5,1,0.27,1.92,21.9,20.8),(201933,61,34,7.9,15.9,0.493,0.6,1.9,0.336,5.2,6.9,0.76,1.8,6.3,8.1,4.9,0.93,0.36,2.33,21.6,23.9),(202339,66,33,6.8,15.7,0.434,1.6,4.7,0.335,5.9,6.9,0.847,0.8,4.1,4.8,6.3,1.38,0.47,3.39,21.1,20.8),(201572,75,29.6,7.4,15.6,0.474,1.8,5.2,0.346,3.9,4.9,0.81,1.6,3.8,5.4,2.3,0.51,1.65,2.45,20.5,18.8),(201144,69,33.2,6.7,14.6,0.46,2.5,6.1,0.408,4.6,5.3,0.859,0.4,3,3.5,6.3,1.33,0.28,2.26,20.5,21),(201609,73,33.7,7.3,15.4,0.475,1.6,4,0.405,4.1,5.2,0.79,0.8,3,3.8,5.8,1.22,0.18,2.9,20.3,19.3),(201188,74,34.2,7.2,15.7,0.459,1.4,3.6,0.388,3.8,4.5,0.837,0.8,5.5,6.3,4.6,0.91,1.34,2.24,19.5,21.2),(203084,79,35.8,7.6,16.2,0.468,1,2.8,0.351,3.1,3.6,0.861,1.2,3.8,5,1.5,0.82,0.19,1.29,19.2,16.3),(201567,60,31.4,6.2,14.5,0.427,2.4,6.5,0.373,4.3,4.9,0.871,2.5,8.6,11.1,1.9,0.88,0.35,2.03,19,22.4),(2548,60,29.9,6.9,15.9,0.434,0.8,2.4,0.31,3.7,4.7,0.794,1.1,3.5,4.5,3.8,1.43,0.68,2.3,18.3,16.4),(201568,63,33.9,5.3,11.9,0.447,2,5.1,0.389,5.5,6.1,0.902,0.6,4.5,5.2,2.1,0.63,0.24,1.3,18.2,17.9),(204001,66,32.8,6.7,14.9,0.45,1.7,4.8,0.357,3,3.8,0.786,1.7,5.5,7.2,1.5,0.71,1.95,1.79,18.1,18.6),(101108,61,31.5,6.1,12.9,0.476,2,5,0.411,3.8,4.3,0.892,0.7,4.3,5,9.2,1.95,0.13,2.41,18.1,24.8),(200794,69,34,6.2,14.1,0.442,1.1,3.5,0.311,4.5,5.9,0.768,1.6,6.1,7.7,3.7,1.3,0.9,2.29,18.1,20.1),(201565,64,32.5,7.2,15.3,0.471,0.2,0.9,0.217,3.5,4,0.874,1,2.8,3.8,4.4,0.69,0.27,2.3,18,16.4),(203471,79,31.5,6.9,15.4,0.451,1.3,3.7,0.34,2.8,3.2,0.855,0.5,2.6,3.1,6.3,0.94,0.2,3.27,17.9,16.3),(101150,81,24.6,5.3,12.3,0.429,2,5.5,0.365,5,5.6,0.88,0.3,2.2,2.5,3,0.99,0.25,1.98,17.5,14.5),(200746,72,32.6,6.9,14.6,0.477,0.3,0.8,0.411,3.1,3.8,0.812,2.4,4.9,7.3,1.9,0.64,1.22,1.36,17.3,18.6),(203095,68,33.1,6,13.7,0.439,1.9,5.3,0.356,3.3,4.1,0.805,0.6,2.4,3.1,3,0.97,0.06,2.07,17.2,13.7),(202355,77,32.6,7,12.6,0.557,0,0,0,2.9,4.6,0.628,3.8,10.3,14.1,0.7,0.74,2.09,2,17,25.4),(203999,73,27.9,6.8,11.7,0.578,0.6,1.9,0.324,2.6,3.1,0.825,2.9,6.9,9.8,4.9,0.84,0.75,2.34,16.7,25.2),(201569,75,31,5.5,13.5,0.406,3.3,8.8,0.372,2,2.3,0.84,0.4,2.3,2.7,2.5,0.64,0.55,1.61,16.2,12.6),(202699,82,31.3,6.2,13,0.481,1.3,3.8,0.347,2.3,2.8,0.841,0.8,4.3,5.1,1.7,0.73,0.48,1.17,16.1,15.8),(203506,67,33.2,6.1,13.9,0.442,1.9,5.3,0.361,1.7,2.3,0.753,0.6,3.8,4.3,2.6,1.16,0.31,1.78,15.9,14.3),(201163,71,30.9,6.1,13.2,0.461,1.5,4.6,0.337,2,2.7,0.727,1.5,5,6.5,2,0.72,0.42,1.61,15.7,15.9),(1626156,63,28.7,5.6,13.8,0.405,2.1,6.1,0.352,2.3,3,0.782,0.5,3,3.5,4.8,1.38,0.25,2.79,15.6,13.9),(201950,67,32.7,6,13.3,0.454,1.5,4.2,0.356,1.8,2.5,0.708,0.7,3.3,3.9,7.3,1.49,0.66,2.9,15.4,17.8),(201952,82,32.4,4.9,11.1,0.442,1.1,3.1,0.357,4.4,5.1,0.867,0.4,3.6,4,7.8,1.22,0.39,2.63,15.3,19.2),(201587,77,34,5.1,12.7,0.403,1.8,5.3,0.333,3.2,3.7,0.856,0.6,5.6,6.2,5.9,1.12,0.38,2.52,15.1,18.2),(200755,78,28.2,5.1,11.4,0.445,2.6,6,0.429,2.3,2.6,0.891,0.1,2.1,2.2,1.4,0.69,0.17,1.26,15,11.6),(201586,79,30.7,6,12.4,0.48,1.6,4,0.391,1.4,1.6,0.856,1.6,5.2,6.8,0.9,0.52,1.57,1.33,14.8,16.7),(203903,82,29.2,5.8,13.1,0.445,1.4,4.3,0.329,1.6,2,0.798,0.6,2.4,3,2.6,1.07,0.1,2,14.7,11.8),(202696,75,29,6.4,13.7,0.468,0.3,1,0.307,1.4,2.1,0.669,2.3,8,10.4,2.8,1.01,0.99,1.56,14.6,20.2),(1626167,81,31.4,5.5,10.7,0.511,0.5,1.4,0.348,3,3.7,0.809,1.7,5.6,7.3,1.3,0.91,2.12,1.3,14.5,18.8),(203501,79,27.3,5.3,11.5,0.455,1.9,5.3,0.357,2.1,2.7,0.766,0.4,2.4,2.8,2.3,0.7,0.19,1.34,14.5,12.2),(203933,66,31,6.1,12.3,0.495,0.4,1.5,0.265,1.8,2.3,0.773,1.9,3.2,5.1,1.1,1.15,0.59,0.86,14.4,14.8),(202683,72,21.3,5.6,10.2,0.545,0.1,0.5,0.132,3.1,4,0.786,2.7,4,6.7,0.9,0.44,0.53,1.71,14.3,15.7),(2216,73,24.5,5.9,13.2,0.449,0.3,1.3,0.223,1.9,2.6,0.731,2.5,5.7,8.2,1.7,0.52,0.14,1.36,14.1,15.3),(203497,81,33.9,5.1,7.7,0.661,0,0,0,3.8,5.9,0.653,3.9,8.9,12.8,1.2,0.6,2.64,1.81,14,24.8),(201143,68,32.3,5.6,11.8,0.473,1.3,3.6,0.355,1.6,2,0.8,1.4,5.4,6.8,5,0.76,1.26,1.69,14,19.5),(202694,79,32.8,5.3,12.7,0.418,1.5,4.5,0.331,1.8,2.3,0.784,1,3.7,4.6,2,0.66,0.32,1.1,14,12.6),(202693,76,31.2,5.3,11.7,0.457,0.9,2.6,0.362,2.4,2.8,0.837,1.4,5.1,6.5,1.7,1.08,0.55,1.7,14,15.3),(203109,72,32.4,4.6,10,0.463,2.2,5.5,0.398,2.4,3,0.811,0.7,5.1,5.8,2.2,1.01,0.32,1.11,13.9,16.1),(203484,76,33.6,4.9,12.2,0.399,2,5.8,0.35,2,2.4,0.832,0.7,2.5,3.3,2.5,1.17,0.16,1.13,13.8,12),(202711,81,25.7,4.6,10.4,0.445,1.8,4.8,0.367,2.7,3,0.893,0.5,3,3.4,1.4,0.42,0.09,1.62,13.7,11.3),(204020,73,29.8,4.9,11.3,0.433,1.3,3.4,0.372,2.7,3.5,0.768,0.7,3.3,4,3.2,1.15,0.6,1.23,13.7,14.2),(203115,60,28.4,4.9,11.1,0.443,1.5,3.9,0.37,2.4,3.2,0.753,1,3.4,4.3,3.4,0.8,0.47,1.62,13.7,14.1),(203083,81,30,6,11.2,0.53,0,0.1,0.286,1.7,4.4,0.386,4.3,9.5,13.8,1.1,1.53,1.1,1.88,13.6,21.3),(201583,72,29.4,4.5,10.7,0.418,2.8,7,0.403,1.8,2.1,0.86,1.6,3,4.6,0.9,0.43,0.19,0.76,13.6,12.4),(2730,74,29.7,5.2,8.3,0.633,0,0,0,3.1,5.7,0.533,4,8.7,12.7,1.4,0.86,1.24,2.3,13.5,21.7),(202083,73,34.5,4.6,11.6,0.393,2.4,6.6,0.363,2,2.5,0.816,0.2,3.3,3.5,2.9,1.05,0.21,1.4,13.5,12.3),(203490,80,32.6,5.2,10,0.516,1.9,4.3,0.434,1.2,1.5,0.832,1.5,5,6.4,1.5,1.45,0.53,0.55,13.4,17.7),(201954,68,30.3,5,10.5,0.476,1.1,2.6,0.417,2.2,2.5,0.86,0.3,1.9,2.2,4.6,0.99,0.13,1.68,13.2,13.6),(201156,60,25.9,4.5,10.6,0.43,2.8,7,0.404,1.3,1.5,0.856,0.4,1.9,2.3,1,0.62,0.23,0.6,13.2,10.5),(203944,74,28.8,5.1,10.4,0.488,0.2,0.9,0.27,2.8,3.8,0.723,2,6.6,8.6,3.6,0.66,0.5,2.34,13.2,17.8),(203930,70,25.1,4.4,10.5,0.415,1.5,4.4,0.341,2.9,3.5,0.843,0.3,3.7,4,2.2,0.64,0.09,1.93,13.1,11.5),(101141,82,26.1,4.7,10.9,0.431,1.7,4.9,0.353,2,2.5,0.778,1.4,4.5,5.9,1.7,0.71,0.28,1.41,13.1,13.5),(203496,67,31.6,4.4,10.9,0.399,2,6.1,0.333,2.1,2.6,0.822,1.4,5.1,6.5,1.5,1.9,1.03,1.96,12.9,14.9),(203967,81,26.3,4.7,11.4,0.411,1.3,4.2,0.311,2.1,2.7,0.782,1.4,5,6.3,2.2,0.7,0.37,2.26,12.8,12.9),(201949,76,27.4,4.8,10.1,0.479,1.1,3.4,0.34,2,2.8,0.707,0.9,4.1,4.9,3.6,1,1.13,2.25,12.8,15.2),(203552,70,29.3,4.8,10,0.481,2,4.6,0.425,1.2,1.4,0.85,0.4,2.2,2.6,2.7,1.13,0.1,1.31,12.8,12.6),(203901,82,29.4,5.2,11.1,0.471,0.5,1.8,0.274,1.8,2.6,0.692,1.1,3.6,4.7,6.5,1.07,0.49,2.17,12.8,16.6),(203932,80,28.9,4.9,10.8,0.454,1,3.3,0.288,2,2.7,0.719,1.5,3.6,5.1,1.9,0.81,0.5,1.11,12.7,13.2),(201599,81,31.7,5.1,7.1,0.714,0,0,0,2.5,5.2,0.482,3.7,10.1,13.8,1.2,0.63,1.65,1.42,12.7,23.8),(203918,59,27,4.6,11.3,0.408,1.9,5.2,0.371,1.5,1.9,0.783,0.3,3.2,3.4,1.6,0.64,0.19,1.1,12.7,10.4),(203991,65,23.9,5.6,8.7,0.643,0,0,0,1.4,2.7,0.531,2.7,5.4,8.1,1,0.52,1.22,1.34,12.6,17.7),(2200,64,25.4,4.7,9.4,0.502,0.9,1.6,0.538,2,2.9,0.707,1.7,6.2,7.8,2.3,0.38,1.09,1.27,12.4,17.2),(2037,82,26.3,4.4,10.6,0.413,1.4,3.9,0.36,2.1,2.5,0.857,0.2,1.4,1.6,2.6,0.74,0.17,1.63,12.3,9.2),(203085,74,27.8,4.4,9.9,0.442,1.5,4,0.371,1.8,2.6,0.691,0.3,1.9,2.2,2.8,0.65,0.14,1.55,12,9.9),(202685,80,25.8,4.9,8.8,0.557,0,0,0.5,2.2,2.7,0.811,2.8,6.7,9.5,0.7,0.46,0.79,1.33,12,17.7),(202328,81,22.5,4.8,9,0.533,0,0,0,2.2,3,0.741,2.1,4.5,6.6,2.3,1.14,0.47,1.73,11.7,15.5),(2772,80,34.7,4.1,10,0.409,2.4,6.9,0.344,1.2,1.6,0.738,0.7,5.1,5.7,2.2,1.84,0.25,0.91,11.7,14.5),(1626163,75,26.1,4.3,10.7,0.399,1.5,4.7,0.328,1.6,2.1,0.756,0.8,3.7,4.5,2.2,0.61,0.45,1.01,11.7,11.4),(203500,80,29.9,4.7,8.2,0.571,0,0,0,2,3.2,0.611,3.5,4.2,7.7,1.1,1.11,0.98,1.83,11.3,15.6),(101107,76,30.2,3.9,9.3,0.422,1.6,4.7,0.35,1.7,2,0.873,1.2,5.4,6.6,1.4,0.76,0.7,0.79,11.2,14.2),(201937,75,32.9,3.5,8.7,0.402,0.8,2.6,0.306,3.4,3.8,0.891,0.9,3.2,4.1,9.1,1.71,0.13,2.6,11.1,17.9),(203082,78,25.1,4.2,9.6,0.437,1.8,5,0.363,0.8,1,0.831,0.2,2.4,2.6,1.1,1.12,0.42,0.87,11,9.9),(201152,74,30.2,4.9,9.3,0.527,0.6,1.6,0.381,0.6,1.2,0.523,1.8,4.3,6.1,1.6,1.53,0.39,1.28,11,14.4),(203145,73,26.9,4,9.9,0.409,1.3,3.6,0.346,1.6,2.3,0.708,0.6,2.5,3.2,2.4,1.25,0.71,1.71,11,10.3),(101114,64,26.3,4.1,9.4,0.438,1.3,3.7,0.363,1.4,1.7,0.826,0.2,2.1,2.3,5.6,0.48,0.13,2.16,11,11.8),(201959,78,25.5,4.7,9.1,0.515,0,0.2,0.231,1.4,2,0.715,2,4.2,6.2,0.9,0.53,0.83,1.35,10.8,13),(201584,77,31.9,4.2,9.1,0.456,1.4,3.5,0.401,1.1,1.3,0.867,0.7,2.7,3.4,2.3,1.05,0.31,0.9,10.8,11.9),(101162,82,31.2,4.8,8.2,0.579,0,0,0,1.3,1.9,0.648,2.9,7.5,10.4,1.5,0.49,0.74,1.45,10.8,18.2),(101139,76,23.4,3.7,8.5,0.434,2.2,5.4,0.413,1.1,1.2,0.903,0.4,2.6,3,0.6,0.61,0.33,0.53,10.7,9.8),(203459,79,28.5,3.8,8.2,0.468,1.7,3.8,0.444,1.3,1.6,0.847,0.2,2.6,2.9,1.2,0.68,0.25,0.78,10.7,10.3),(202703,70,24,3.7,8.9,0.413,1.8,5.4,0.342,1.4,1.8,0.773,0.9,4.6,5.5,1.1,0.76,0.79,1.14,10.6,11.9),(203935,79,30.4,3.4,9.5,0.359,1.2,4.2,0.283,2.6,3.2,0.812,1,2.9,3.9,4.6,1.58,0.43,2.01,10.6,12.4),(1627741,82,23,4,9.4,0.426,1.8,4.6,0.391,0.8,0.9,0.842,0.4,2.9,3.3,1.5,0.46,0.11,1.23,10.6,9.1),(201158,74,24,3.6,8.3,0.429,1.4,3.8,0.36,2,2.3,0.893,0.2,2.2,2.4,2,0.59,0.12,0.95,10.5,9.7),(201961,62,24.2,3.7,9,0.416,2.4,6.4,0.378,0.6,0.7,0.86,0.3,1.8,2.1,1.1,0.56,0.06,0.48,10.5,8.5),(203486,81,26.5,4.1,7.7,0.536,0,0.1,0,2.1,3.7,0.58,2.1,5.4,7.5,3.5,0.85,1.14,1.65,10.4,16.6),(201577,81,28,4.7,9.6,0.493,0,0,0,0.9,1.3,0.721,3,3.4,6.4,1,0.22,1.44,1.12,10.4,13.1),(203469,62,27.8,4.1,7.1,0.571,0,0,0,2.1,3.2,0.679,2.2,4.4,6.5,1.6,1,0.94,1.05,10.3,15.2),(202720,75,26.3,4.1,8.6,0.48,0.7,2.2,0.293,1.3,1.5,0.867,1.4,4,5.4,1.5,0.41,0.35,0.88,10.2,12.3),(1627763,75,26.4,3.9,8.5,0.457,1,2.6,0.404,1.5,1.7,0.865,0.6,2.2,2.8,4.2,1.12,0.16,1.51,10.2,12.2),(203110,76,32.5,3.6,8.6,0.418,1.1,3.5,0.308,2,2.8,0.709,1.3,6.6,7.9,7,2.03,1.39,2.42,10.2,20.3),(203994,65,21.4,4.2,8.2,0.507,0,0,0,1.8,3.2,0.571,2.4,4.8,7.2,1.9,0.77,1.14,2.2,10.2,13.5),(2225,63,25.4,4.2,9,0.466,0.4,1.1,0.333,1.3,1.9,0.726,0.1,1.7,1.8,4.5,0.54,0.03,1.41,10.1,10.3),(2594,67,26.2,3.6,7.7,0.464,2.4,5.4,0.451,0.6,0.6,0.905,0.1,2.7,2.8,1.6,0.51,0.31,1.03,10.1,10.1),(203090,77,28.9,4.1,8.1,0.503,0.9,2.5,0.351,1,1.6,0.621,1.6,2.8,4.4,1.1,1.1,0.91,1.12,10,11.9),(202344,71,24.7,4.3,8.3,0.516,0.4,1.1,0.321,1,1.5,0.673,2,6,8,1.9,1.06,0.39,1.79,10,15.1),(203476,82,32.4,4,8.1,0.502,0.2,0.5,0.372,1.7,2,0.814,2.3,5.6,7.9,1.9,1.07,1.16,1.3,10,16.3),(203498,78,19.4,3.7,7.7,0.482,0.6,1.9,0.338,1.9,2.4,0.774,1.1,1.7,2.8,0.4,0.28,0.08,0.72,9.9,8.3),(1627750,82,21.5,3.6,8.9,0.404,1.4,4.2,0.334,1.3,1.5,0.883,0.5,2.1,2.6,2.1,0.62,0.29,1.38,9.9,8.6),(201951,69,25.1,3.4,7.6,0.454,0.5,1.7,0.288,2.5,3.1,0.797,0.6,2,2.6,4.8,1.07,0.09,1.87,9.9,11.8),(203087,62,18.4,3.6,7.9,0.46,0.7,2.4,0.281,1.8,2.1,0.853,0.5,3.8,4.3,1.2,0.44,0.37,0.65,9.7,10.8),(202702,61,21.2,3.7,6.8,0.548,0,0.1,0,2.1,3.1,0.693,3,4.6,7.6,0.9,0.7,0.66,0.97,9.6,14.5),(202734,73,24.9,3.9,8.5,0.457,1.1,2.8,0.37,0.8,1,0.77,0.5,1.6,2.1,2.2,0.68,0.44,0.85,9.6,9.4),(201976,67,30.7,3.4,8.1,0.42,1.6,4.3,0.382,1.1,1.4,0.768,1.4,4.4,5.9,4.2,1.48,0.37,1.49,9.5,14.9),(201988,80,21.9,3.4,7.8,0.44,1.8,4.4,0.414,0.8,1,0.825,0.3,1.5,1.8,3.5,0.81,0.04,1.26,9.5,9.8),(203917,80,27.4,3.1,7.9,0.396,1.7,4.5,0.368,1.5,1.9,0.813,0.3,2.6,2.8,2.4,0.56,0.4,1.6,9.5,8.9),(1627742,79,28.8,3.5,8.7,0.402,0.7,2.4,0.294,1.7,2.7,0.621,0.8,3.2,4,2.1,0.63,0.46,1.47,9.4,8.9),(202397,81,24.1,4.1,9.2,0.439,0.3,1.3,0.267,0.9,1.3,0.706,0.3,2.6,2.9,5.2,0.75,0.41,1.38,9.4,11.6),(202709,80,25,3.7,8.3,0.452,0.6,1.7,0.356,1.2,1.5,0.77,0.6,2.3,2.9,3.3,0.83,0.16,1.35,9.3,10.3),(201145,69,22.4,3.2,8.1,0.394,0.8,2.8,0.275,2.1,2.4,0.863,0.6,2.5,3.1,1.2,0.54,0.19,1.09,9.2,7.9),(201945,72,23.2,3.3,7.7,0.423,0.8,2.4,0.353,1.8,2.3,0.806,0.5,2.1,2.6,1.6,0.56,0.21,0.86,9.2,8.3),(1627737,82,21.3,3.5,7.7,0.449,0.9,2.7,0.321,1.4,2.2,0.624,1.2,3.1,4.2,0.7,0.82,0.85,1.32,9.2,9.4),(203077,81,29,3.6,7.6,0.477,0,0.1,0.111,1.9,2.4,0.784,1.9,5,7,1.4,1,0.95,0.69,9.2,14.3),(2207,78,23.6,3.5,8,0.436,1.4,3.3,0.411,0.8,1,0.818,0.4,2.7,3.1,1.8,0.46,0.23,0.88,9.2,9.2),(2749,75,27.3,3.6,8.1,0.444,1.4,3.6,0.388,0.6,0.8,0.714,0.4,2.2,2.6,5.1,0.72,0.11,1.71,9.2,11.3),(101112,74,18.9,3.2,7,0.458,1.9,4.5,0.409,0.9,1,0.851,0.5,3.4,3.9,0.6,0.45,0.5,0.72,9.1,9.9),(2403,67,17.9,3.7,5.9,0.617,0,0.1,0.333,1.7,2.9,0.589,1.4,2.8,4.2,1,0.84,0.58,1.09,9.1,11.1),(1626149,58,18.3,3.9,5.9,0.652,0,0.1,0.143,1.3,2.1,0.628,1.4,2.4,3.8,1.1,0.34,0.72,0.76,9.1,11.4),(2754,71,27,3.9,8.4,0.461,0.2,0.8,0.278,1.1,1.8,0.615,2.3,3.2,5.5,1.4,1.62,0.41,1.41,9.1,11.3),(203482,75,20.5,3.5,6.8,0.512,0.9,2.6,0.354,1.2,1.6,0.732,1,3.8,4.8,2,0.59,0.39,1.28,9,11.8),(202323,65,25.5,3.6,8.5,0.426,0.5,1.8,0.263,1.3,1.6,0.825,0.6,3.2,3.8,3.2,0.82,0.37,1.54,9,10.5),(203926,66,22.8,3.4,7.5,0.447,1.2,3.2,0.37,1.1,1.3,0.845,0.3,2.4,2.7,0.9,0.2,0.08,0.58,9,7.9),(203210,77,27.3,3.2,6.5,0.5,0.7,1.9,0.379,1.7,2.2,0.802,2.2,4.9,7.1,1.1,0.61,0.44,1.22,8.9,13.3),(201960,72,26.1,3.1,7.6,0.4,1.5,4.4,0.341,1.2,1.6,0.761,0.9,2.9,3.8,1,1.13,0.38,0.75,8.9,9.5),(202329,61,29.1,3,7.6,0.393,1.1,3.5,0.33,1.6,2.2,0.706,1.3,6.1,7.4,1.6,0.98,0.72,1.54,8.7,12.6),(201578,82,15.7,3,6.7,0.445,1.3,3.4,0.372,1.5,1.7,0.876,1.1,3.5,4.5,0.8,0.28,0.5,0.84,8.7,10),(1626178,78,22.6,3,6.9,0.434,0.2,0.9,0.224,2.4,3.2,0.751,1.2,4.6,5.8,2,1.05,0.56,1.49,8.7,11.8),(203503,80,29.2,3.1,6.8,0.455,1.8,4.4,0.406,0.6,0.7,0.81,0.3,2.8,3.1,1.2,0.69,0.18,0.69,8.5,9.2),(101145,74,27,3.3,7.5,0.443,0.6,1.8,0.319,1.3,1.7,0.727,0.3,2.5,2.8,3.2,1.05,0.36,1.82,8.5,9.4),(201167,61,25.9,3,6.9,0.44,1,2.5,0.411,1.4,1.5,0.892,0.1,1.9,2,1.3,0.34,0.1,0.69,8.4,7.5),(1626181,76,18,3,6.7,0.449,0.7,2.3,0.324,1.7,2.1,0.792,0.3,1.9,2.2,1.1,0.68,0.18,0.92,8.4,7.5),(203584,67,17.7,2.8,7.4,0.374,2.1,5.3,0.389,0.6,0.8,0.796,0.3,1.2,1.5,0.7,0.3,0.06,0.67,8.2,5.3),(1626195,72,18.4,3.4,6.5,0.529,0.1,0.2,0.267,1.3,1.7,0.728,2.4,4.6,7,1.3,0.57,0.5,1.39,8.2,12.6),(1626161,75,18.9,3.4,6.4,0.53,0,0,0,1.3,2,0.669,1.1,3.4,4.5,1.1,0.71,0.59,0.92,8.1,10.4),(203463,61,19.3,3,6.9,0.43,1.1,2.8,0.382,1.1,1.5,0.753,0.3,1.8,2.1,0.8,0.48,0.1,1.02,8.1,6.3),(2744,66,14.1,3.6,7.1,0.499,0,0,0,1,1.3,0.765,1.1,3.1,4.2,0.9,0.29,0.24,0.5,8.1,9.3),(202684,78,29.9,3.4,5.6,0.6,0,0,0,1.4,2.7,0.498,3.7,5.5,9.2,1,0.5,1.08,0.82,8.1,15.4),(1713,73,24.7,2.6,6.7,0.394,1.5,4.1,0.378,1.2,1.6,0.765,0.5,2.6,3.1,1.8,0.82,0.49,0.68,8,9.2),(203458,77,20.3,3,6,0.497,0,0.2,0.25,1.9,2.7,0.721,2,4.6,6.6,0.6,0.49,1.27,1.32,8,11.8),(204038,74,20.2,2.8,7.4,0.38,1.6,4.2,0.39,0.7,0.9,0.797,0.4,1.7,2.1,1.3,0.62,0.08,0.62,7.9,6.6),(201571,78,19.7,2.5,6.6,0.377,1.2,3.5,0.347,1.7,2.1,0.814,0.2,1.3,1.5,2.7,0.4,0.01,1.15,7.9,6.8),(200765,69,26.7,3.3,8.1,0.408,0.7,1.9,0.376,0.4,0.7,0.6,1.1,4.1,5.1,6.7,1.43,0.16,2.45,7.8,13.7),(200771,68,22.3,3.1,7.9,0.392,1.4,3.7,0.365,0.3,0.4,0.667,0.3,2,2.3,5.1,0.72,0.06,1.88,7.8,9.1),(202066,65,26.6,2.8,6.6,0.424,1.3,3.4,0.373,0.9,1.1,0.784,0.5,2.3,2.8,2.6,1.29,0.43,1.2,7.8,9.6),(203200,82,20,2.8,6.6,0.433,1.2,3.3,0.355,0.8,1,0.825,0.3,2.4,2.7,1.2,0.79,0.38,0.8,7.7,8.1),(203521,76,26.1,2.7,7,0.39,1,2.8,0.367,1.1,1.3,0.854,0.3,1.6,1.9,4.7,0.7,0,1.75,7.6,8.7),(2738,76,26.3,2.9,5.5,0.528,0.8,2.3,0.362,0.9,1.3,0.706,0.7,3.3,4,3.4,1,0.51,0.76,7.6,12.8),(1938,69,18.7,2.5,6.4,0.39,1.3,3.3,0.392,1.2,1.6,0.804,0.4,1.9,2.3,2.7,1.19,0.23,1.39,7.5,8.3),(202697,76,25.5,2.6,6.4,0.411,1.2,3.4,0.36,0.9,1.2,0.789,0.5,2.4,2.9,1.4,0.82,0.36,1.03,7.5,7.9),(1627785,73,22.5,2.8,7,0.402,0.6,2,0.295,1.2,1.5,0.805,0.4,2.1,2.5,2.6,0.58,0.49,1.95,7.4,7.2),(203915,59,22.6,2.3,5.1,0.444,0.6,1.7,0.376,2.1,2.7,0.792,0.5,2.3,2.8,3.1,0.75,0.39,1.12,7.3,9.8),(201980,68,26.8,2.6,6.6,0.392,1.7,4.6,0.379,0.4,0.5,0.844,0.5,2.8,3.3,1.8,1.03,0.84,1.12,7.3,9.1),(101135,79,18.7,3.1,5.3,0.59,0,0,0,1,1.4,0.708,1.9,3.7,5.6,1.6,0.39,0.51,1.04,7.3,11.7),(1627755,61,18.4,3,7.2,0.421,0.3,1.3,0.266,0.9,1.2,0.775,0.3,1.2,1.6,3.7,0.79,0.08,1.26,7.3,7.7),(200757,62,25.7,2.8,6.4,0.441,0.7,1.9,0.342,0.9,1.2,0.733,0.9,3.5,4.4,1.7,1.55,0.5,0.94,7.2,10.5),(204025,65,23.5,2.5,6.2,0.403,0.6,2,0.313,1.5,2,0.76,0.5,2.1,2.7,5.2,0.86,0.09,1.55,7.1,10.2),(1626204,63,22.9,3,5.7,0.526,0.2,0.6,0.278,0.9,1.3,0.738,1.9,4,5.9,1.5,1.3,0.62,0.89,7.1,12.5),(201943,81,22.2,2.4,6.6,0.359,1,3.1,0.313,1.4,1.9,0.75,0.4,2.1,2.4,4.9,0.86,0.05,1.58,7.1,9),(2440,74,24,2.5,6.4,0.391,1.2,3.6,0.331,0.9,1.2,0.787,0.9,4.2,5.2,2.6,0.65,0.35,1.45,7.1,10.4),(1626147,75,16.4,2.5,5.9,0.424,0.8,2.6,0.299,1.4,1.7,0.791,0.9,2.3,3.3,0.9,0.55,0.31,0.88,7.1,7.5),(201229,65,22.7,2.4,5.4,0.442,1.4,3.5,0.391,0.9,1.3,0.744,0.8,2.9,3.6,1.2,0.52,0.31,0.86,7.1,8.6),(204060,82,24,2.5,5.5,0.452,1.5,3.4,0.441,0.6,0.8,0.735,0.3,2.9,3.2,2.7,1.17,0.1,1.3,7.1,9.7),(203524,80,29.7,2.3,6,0.383,1.2,3.4,0.348,1.3,1.6,0.805,0.6,3.2,3.8,1.8,0.9,0.4,1.02,7,8.9),(203120,64,18.4,2.7,5.9,0.459,0.9,2.8,0.306,0.6,0.8,0.75,1.1,3,4.1,0.9,0.45,0.67,0.67,6.9,8.9),(204456,81,26.3,2.9,6.3,0.461,0.1,0.7,0.2,0.9,1.1,0.811,0.5,2.6,3.1,6.6,1.65,0.12,1.96,6.9,12.8),(202335,65,24.6,2.4,5.9,0.401,1.4,3.9,0.372,0.7,0.9,0.717,1,3.6,4.5,1.2,0.62,0.35,0.58,6.8,9.1),(203546,77,14.8,2.7,5.6,0.487,0.8,2.1,0.374,0.6,0.8,0.759,0.3,1.3,1.6,1.2,0.51,0.1,0.71,6.8,6.4),(1626171,64,15.6,2.9,5.9,0.488,0.5,1.5,0.333,0.6,0.9,0.661,1.2,3.5,4.6,0.5,0.25,0.17,0.58,6.8,8.5),(201162,64,21.3,2.5,5.4,0.454,1.2,3.2,0.379,0.7,1,0.662,0.5,3,3.5,1.9,0.66,0.25,1.14,6.8,8.7),(203089,58,19.4,2.7,5.3,0.515,0,0,0,1.3,1.8,0.692,1.6,3.5,5.1,1,0.5,1.34,0.9,6.8,10.6),(101109,80,21.3,2.8,6.4,0.43,0.6,1.8,0.319,0.6,0.8,0.781,0.4,2.3,2.7,2.4,0.83,0.28,1.04,6.7,8.1),(2734,65,16.7,2.1,5.2,0.399,0.9,2.7,0.328,1.6,2,0.829,0.2,1.8,2,2.1,0.66,0.11,0.88,6.7,7.2),(203516,64,23.5,2.3,5,0.455,0.8,2.1,0.372,1.3,1.7,0.782,1.1,3,4,1,0.72,0.3,0.92,6.7,8.7),(203939,77,17.3,2.5,4.9,0.515,0.3,1,0.284,1.4,1.8,0.759,1.2,2.8,4,0.6,0.79,0.51,0.44,6.7,9.4),(200782,81,27.6,2.5,6,0.413,0.9,2.4,0.357,0.9,1.1,0.774,1.4,4.4,5.8,1.2,1.43,0.23,0.81,6.7,10.8),(201585,71,20,3,5.5,0.551,0,0,0,0.5,0.9,0.613,1.7,4,5.7,0.7,0.51,0.68,0.86,6.6,10.5),(203460,79,30.1,2.7,5.9,0.464,0.6,2.3,0.245,0.6,1.4,0.423,1.2,3.9,5.1,1,1.19,1,0.65,6.6,10.3),(1627759,78,17.2,2.5,5.4,0.455,0.6,1.7,0.343,1.1,1.6,0.685,0.6,2.2,2.8,0.8,0.45,0.23,0.87,6.6,6.6),(201967,66,25,2.6,5.4,0.485,1.1,2.7,0.392,0.2,0.4,0.593,0.8,3.3,4.2,0.6,0.59,0.42,0.42,6.6,9),(1626155,77,18.4,2.6,5.6,0.473,0.8,2.4,0.321,0.5,0.9,0.559,1.2,2.5,3.7,1,0.49,0.27,0.53,6.5,8.1),(101161,80,20.1,2.7,4.6,0.576,0.3,0.8,0.409,0.8,1.3,0.67,1.5,3.1,4.6,1.8,0.64,0.78,0.96,6.5,10.9),(1627789,69,17.2,2.1,5.2,0.402,0.7,2.3,0.311,1.5,1.8,0.854,0.4,1.8,2.2,1.1,0.46,0.14,1.06,6.4,5.9),(203141,70,16.2,2.2,6,0.373,1.5,4.4,0.341,0.5,0.6,0.778,0.2,2.2,2.3,0.7,0.17,0.19,0.53,6.4,5.4),(203585,78,25.2,2.4,5.9,0.413,0.9,2.8,0.332,0.6,0.9,0.62,1.2,2.1,3.3,1.6,0.59,0.23,0.72,6.4,7.5),(1626162,79,20.3,2.4,5.6,0.421,0.7,2.4,0.287,0.9,1.3,0.758,0.8,2.5,3.3,0.6,0.73,0.22,0.63,6.3,7),(203124,79,15.6,2.7,5.2,0.521,0,0.2,0.118,0.8,1.1,0.771,2,3.6,5.6,1.5,0.46,1.32,0.96,6.3,11.4),(2571,67,14.4,2.6,5.9,0.439,0.5,1.5,0.357,0.6,0.7,0.889,0.2,1.3,1.6,1.2,0.46,0.12,0.72,6.3,5.5),(1627851,68,14.9,2.3,5.4,0.428,0.8,2.5,0.321,0.8,1,0.809,0.7,1.2,1.9,1,0.43,0.16,0.75,6.3,5.7),(203957,66,18.6,2.3,5.5,0.427,0.7,2.3,0.295,0.9,1.1,0.795,0.5,1.5,2,1.7,0.32,0.18,1.21,6.2,5.8),(203488,70,17.7,2.4,4.8,0.504,0.7,1.6,0.418,0.7,0.9,0.766,1.1,2.3,3.4,1.4,0.43,0.59,0.79,6.2,8.6),(202357,65,18.3,2.3,5.5,0.424,0.9,2.7,0.316,0.7,0.9,0.738,0.9,2.9,3.8,1.2,0.62,0.31,0.91,6.2,7.8),(1626168,71,16.3,2.2,6.2,0.362,0.9,2.9,0.319,0.8,1.1,0.722,0.7,2.6,3.3,1,0.37,0.28,0.9,6.2,6),(203613,78,17.8,2.3,5.4,0.42,0.4,1.3,0.294,1.3,1.7,0.75,0.3,1.8,2.1,1.6,0.6,0.32,0.97,6.2,6.3),(201580,77,9.6,2.7,4.1,0.652,0,0,0,0.7,1.4,0.505,1.3,1.9,3.2,0.2,0.25,0.87,0.52,6.1,8),(2585,70,18.1,2.3,4.4,0.534,0,0,0,1.4,1.8,0.778,2,3.9,5.9,1.9,0.84,0.47,1.24,6.1,11.5),(203922,69,20.7,2.3,4.9,0.467,0.7,1.8,0.392,0.8,1.1,0.711,0.8,2.7,3.6,0.7,0.59,0.29,0.54,6.1,7.7),(201601,80,22.3,2.4,4.7,0.505,0.5,1.4,0.391,0.7,1.1,0.678,0.6,1.6,2.1,0.5,1.01,0.44,0.57,6.1,6.9),(203518,68,15.5,2,5,0.393,1.4,3.6,0.381,0.6,0.7,0.898,0.3,1,1.3,0.6,0.54,0.12,0.49,6,4.9),(202687,81,22.1,2.2,4.2,0.528,0,0,0,1.5,2.9,0.534,1.9,5.1,7,0.9,0.31,1.12,1.17,6,10.8),(1627734,81,20.1,2.4,5.9,0.399,0.6,2,0.321,0.5,0.8,0.657,0.6,3,3.6,1,0.48,0.4,1.02,5.9,6.5),(1626150,72,20.5,1.6,5,0.325,0.6,2.2,0.276,2.1,2.7,0.763,0.3,1.6,1.9,2.8,0.74,0.29,1.18,5.9,6.4),(1626170,63,16.3,2,4.8,0.425,0.8,2.1,0.366,1,1.2,0.89,0.3,1.5,1.8,1.9,0.75,0.13,0.7,5.9,6.9),(204028,67,16.3,2.2,4.4,0.51,0,0,0.5,1.2,1.6,0.752,2.1,3,5.1,0.6,0.43,0.66,0.87,5.7,9.1),(1627752,59,16.6,1.9,4.8,0.4,0.6,1.7,0.324,1.3,1.6,0.787,0.4,2.2,2.7,0.9,0.73,0.46,1.03,5.7,6.2),(201160,74,14.4,2.4,4.4,0.529,0.5,1.1,0.474,0.5,0.7,0.686,0.9,2.6,3.5,0.5,0.28,0.73,0.78,5.7,7.6),(2210,79,20.4,1.9,4.3,0.446,0.8,2.4,0.333,1,1.4,0.741,0.4,2.2,2.6,1,0.33,0.13,0.66,5.7,6.3),(1626179,74,17.1,2,5.6,0.367,0.8,2.4,0.318,0.7,0.9,0.773,0.5,2.5,3.1,1.8,0.61,0.15,0.64,5.5,6.8),(203924,80,19.1,1.9,4.1,0.463,0.5,1.5,0.371,1.1,1.8,0.612,0.5,2.1,2.6,0.6,0.41,0.99,0.55,5.5,6.5),(203086,74,16.5,2,5.1,0.386,1,2.9,0.347,0.5,0.5,0.875,0.4,2.8,3.2,1,0.18,0.38,0.47,5.4,6.5),(203530,70,14,2.1,4.8,0.44,0.5,1.4,0.337,0.7,1,0.63,1,2.6,3.6,1,0.36,0.09,0.8,5.4,6.5),(1627098,73,17.1,2,5.3,0.374,0.4,1.5,0.236,1,1.3,0.806,0.1,1.5,1.7,2.6,0.53,0.01,1.3,5.4,5.4),(203186,71,14.5,2.3,4,0.568,0,0.1,0.25,0.7,1.2,0.557,1.8,2.9,4.7,0.4,0.25,0.66,0.44,5.3,8.5),(200751,69,18.6,1.7,4.7,0.363,1,2.9,0.33,0.8,0.9,0.857,0.1,2.1,2.2,2,0.51,0.13,1.16,5.2,5.7),(2733,76,17.7,2.3,4.2,0.547,0,0,0.333,0.6,0.8,0.7,0.4,1.6,2,1.8,0.5,0.26,0.82,5.1,6.8),(203473,76,17.7,2.1,3.4,0.622,0,0,0,0.9,1.2,0.699,1.7,4.8,6.5,0.6,0.49,0.8,0.8,5.1,11),(201166,65,13.8,1.9,4.6,0.403,0.7,2,0.375,0.5,0.6,0.8,0.3,0.8,1.1,1.9,0.38,0.14,1.02,5,4.6),(1627823,62,13.6,1.6,3.6,0.451,0.7,1.8,0.407,0.9,1.2,0.75,0.7,2.3,3,0.5,0.48,0.19,0.5,4.9,6.3),(1626209,65,14.8,1.8,5.1,0.355,0.7,2.2,0.299,0.6,0.8,0.8,0.3,1.9,2.2,1,0.46,0.23,0.89,4.9,4.4),(203382,75,15.5,1.9,3.7,0.513,0,0,0,1.1,1.3,0.84,1.5,3,4.4,0.4,0.23,0.52,0.67,4.9,7.8),(1626245,66,15.8,1.9,3.3,0.579,0,0,0,0.9,1.4,0.645,1.9,2.8,4.7,0.6,0.38,0.26,0.5,4.8,8.3),(202337,68,15.7,1.7,4.1,0.402,1.3,3.1,0.414,0.2,0.2,0.733,0.2,1.9,2.1,0.5,0.29,0.16,0.37,4.8,4.9),(2561,68,12.6,2,3.7,0.536,0,0.1,0.375,0.6,0.8,0.768,0.7,2.3,3,2.2,0.62,0.71,1.15,4.6,8.1),(2564,73,17.6,2,4.5,0.446,0.3,1.1,0.247,0.4,0.5,0.743,0.6,1.5,2.2,2.3,0.25,0.12,1.19,4.6,5.7),(201228,62,16.6,1.5,4,0.387,0.5,1.7,0.305,0.9,1.1,0.864,0.3,1.2,1.4,1.8,0.69,0.03,0.76,4.5,5.2),(201147,82,15.6,1.8,4.2,0.422,0.3,1.4,0.229,0.6,0.8,0.735,0.4,1.6,2,1.2,0.74,0.24,0.67,4.5,5.4),(202722,67,12.1,1.5,3.5,0.44,1,2.6,0.399,0.4,0.5,0.824,0.3,1.1,1.5,0.7,0.3,0.42,0.48,4.5,4.9),(203943,74,17.1,1.8,3.6,0.481,0.1,0.3,0.35,0.8,1.3,0.638,1.8,3.5,5.2,0.4,0.41,0.36,0.86,4.4,7.6),(1626169,77,17.8,1.7,4.7,0.353,0.6,2,0.292,0.5,0.7,0.679,0.5,2,2.5,1.4,0.73,0.31,0.92,4.4,5.1),(1627827,81,20.3,1.5,4.1,0.372,0.7,2.4,0.293,0.6,0.8,0.754,0.7,2.1,2.7,0.8,0.64,0.31,0.56,4.3,5.5),(1891,74,18.4,1.4,3.3,0.432,1,2.3,0.427,0.3,0.4,0.828,0.2,1.2,1.4,1.3,0.62,0.27,0.49,4.1,5.4),(1627775,71,15.1,1.5,3.5,0.433,0.6,1.7,0.333,0.4,0.5,0.784,0.3,1.1,1.4,1.1,0.45,0.21,0.51,4,4.5),(201973,78,15.8,1.5,3.4,0.435,0.6,1.7,0.346,0.3,0.5,0.703,0.8,2.7,3.5,0.9,0.32,0.22,0.5,3.8,6.2),(1627739,78,17.1,1.5,4,0.377,0.3,0.9,0.288,0.5,0.8,0.61,0.3,1.8,2.1,2.4,1,0.46,1.14,3.8,5.8),(1626145,60,12.9,1.3,3,0.414,0.4,1.2,0.356,0.6,0.7,0.767,0.2,1,1.1,2.6,0.8,0.08,0.63,3.5,5.5),(203937,72,14.2,1.3,2.9,0.445,0.2,0.6,0.375,0.6,0.8,0.789,0.5,2.4,2.9,1.3,0.71,0.36,0.54,3.4,6.3),(1626257,73,12.4,1.2,1.9,0.642,0,0,0.333,0.5,0.8,0.59,1.3,2.9,4.2,0.2,0.44,0.84,0.55,2.9,7),(202730,61,14.3,1.3,2.8,0.458,0,0,0,0.4,0.5,0.697,1.7,1.9,3.6,0.9,0.3,0.39,0.48,2.9,6),(203902,64,15.2,1.2,3.5,0.345,0.2,1,0.19,0.3,0.5,0.548,0.3,1.1,1.4,2,0.44,0.11,0.67,2.9,3.6),(202325,68,11.9,1.1,2.9,0.365,0.4,1.7,0.246,0.2,0.3,0.647,0.4,2.3,2.7,0.3,0.43,0.44,0.26,2.7,4.4),(202732,62,12.5,0.9,2.3,0.387,0.3,0.7,0.37,0.4,0.6,0.625,0.3,1.4,1.7,0.9,0.76,0.23,0.68,2.5,3.7),(202332,62,8.6,0.7,1.4,0.523,0,0,0,0.2,0.4,0.682,0.8,1.7,2.5,0.4,0.4,0.37,0.27,1.7,4.4);
/*!40000 ALTER TABLE `player_performance` ENABLE KEYS */;
UNLOCK TABLES;

--
-- Table structure for table `team`
--

DROP TABLE IF EXISTS `team`;
/*!40101 SET @saved_cs_client     = @@character_set_client */;
/*!40101 SET character_set_client = utf8 */;
CREATE TABLE `team` (
  `TEAM_ID` int(11) DEFAULT NULL,
  `TEAM_NAME` text,
  `Owner` text,
  `Web` text,
  `Conference` text,
  `Arena` text,
  `Location` text,
  `Total_Salary` int(11) DEFAULT NULL
) ENGINE=InnoDB DEFAULT CHARSET=latin1;
/*!40101 SET character_set_client = @saved_cs_client */;

--
-- Dumping data for table `team`
--

LOCK TABLES `team` WRITE;
/*!40000 ALTER TABLE `team` DISABLE KEYS */;
INSERT INTO `team` VALUES (1610612737,'Atlanta Hawks','Antony Ressler','www.nba.com/hawks','Eastern','Philips Arena','Atlanta, Georgia',98499718),(1610612738,'Boston Celtics','Wyc Grousbeck','www.nba.com/celtics','Eastern','TD Garden','Boston, Massachusetts',109873911),(1610612751,'Brooklyn Nets','Mikhail Prokhorov','www.nba.com/nets','Eastern','Barclays Center','Brooklyn, New York',95696831),(1610612766,'Charlotte Hornets','Michael Jordan','www.nba.com/hornets','Eastern','Spectrum Center','Charlotte, North Carolina',117316719),(1610612741,'Chicago Bulls','Jerry Reinsdorf','www.nba.com/bulls','Eastern','United Center','Chicago, Illinois',84046991),(1610612739,'Cleveland Cavaliers','Dan Gilbert','www.nba.com/cavaliers','Eastern','Quicken Loans Arena','Cleveland, Ohio',134077147),(1610612742,'Dallas Mavericks','Mark Cuban','www.mavs.com','Western','American Airlines Center','Dallas, Texas',86566422),(1610612743,'Denver Nuggets','Ann Walton Kroenke','www.nba.com/nuggets','Western','Pepsi Center','Denver, Colorado',105994137),(1610612765,'Detroit Pistons','Tom Gores','www.nba.com/pistons','Eastern','Little Caesars Arena','Detroit, Michigan',115772423),(1610612744,'Golden State Warriors','Joe Lacob','www.nba.com/warriors','Western','Oracle Arena','Oakland, California',135356914),(1610612745,'Houston Rockets','Tilman Fertitta','www.nba.com/rockets','Western','Toyota Center','Houston, Texas',116454281),(1610612754,'Indiana Pacers','Herbert Simon','www.nba.com/pacers','Eastern','Bankers Life Fieldhouse','Indianapolis, Indiana',92966886),(1610612746,'LA Clippers','Steve Ballmer','www.nba.com/clippers','Western','Staples Center','Los Angeles, California',119143421),(1610612747,'Los Angeles Lakers','Buss Family','www.nba.com/lakers','Western','Staples Center','Los Angeles, California',102238687),(1610612763,'Memphis Grizzlies','Robert J. Pera','memphisgrizzlies.com','Western','FedExForum','Memphis, Tennessee',111826373),(1610612748,'Miami Heat','Micky Arison','www.nba.com/heat','Eastern','American Airlines Arena','Miami, Florida',102035764),(1610612749,'Milwaukee Bucks','Marc Lasry','www.nba.com/bucks','Eastern','BMO Harris Bradley Center','Milwaukee, Wisconsin',114857603),(1610612750,'Minnesota Timberwolves','Glen Taylor','www.nba.com/timberwolves','Western','Target Center','Minneapolis, Minnesota',105222982),(1610612740,'New Orleans Pelicans','Tom Benson','www.nba.com/pelicans','Western','Smoothie King Center','New Orleans, Louisiana',118476193),(1610612752,'New York Knicks','James Dolan','www.nba.com/knicks','Eastern','Madison Square Garden','New York City, New York',103075162),(1610612760,'Oklahoma City Thunder','Clay Bennett','www.nba.com/thunder','Western','Chesapeake Energy Arena','Oklahoma City, Oklahoma',132579518),(1610612753,'Orlando Magic','Richard DeVos','www.nba.com/magic','Eastern','Amway Center','Orlando, Florida',98543113),(1610612755,'Philadelphia 76ers','Joshua Harris','www.nba.com/sixers','Eastern','Wells Fargo Center','Philadelphia, Pennsylvania',99093000),(1610612756,'Phoenix Suns','Robert Sarver','www.nba.com/suns','Western','Talking Stick Resort Arena','Phoenix, Arizona',90144813),(1610612757,'Portland Trail Blazers','Paul Allen','www.nba.com/blazers','Western','Moda Center','Portland, Oregon',122197921),(1610612758,'Sacramento Kings','Paul E. Jacobs','www.nba.com/kings','Western','Golden 1 Center','Sacramento, California',94838784),(1610612759,'San Antonio Spurs','Peter Holt','www.nba.com/spurs','Western','AT&T Center','San Antonio, Texas',116153554),(1610612761,'Toronto Raptors','Larry Tanenbaum','www.nba.com/raptors','Eastern','Air Canada Centre','Toronto, Ontario',117429381),(1610612762,'Utah Jazz','Gail Miller','www.nba.com/jazz','Western','Vivint Smart Home Arena','Salt Lake City, Utah',111201646),(1610612764,'Washington Wizards','Ted Leonsis','www.nba.com/wizards','Eastern','Capital One Arena','Washington, D.C.',124944506);
/*!40000 ALTER TABLE `team` ENABLE KEYS */;
UNLOCK TABLES;

--
-- Table structure for table `team_performance`
--

DROP TABLE IF EXISTS `team_performance`;
/*!40101 SET @saved_cs_client     = @@character_set_client */;
/*!40101 SET character_set_client = utf8 */;
CREATE TABLE `team_performance` (
  `TEAM_ID` int(11) DEFAULT NULL,
  `GP` int(11) DEFAULT NULL,
  `W` int(11) DEFAULT NULL,
  `L` int(11) DEFAULT NULL,
  `W_PCT` double DEFAULT NULL,
  `MIN` double DEFAULT NULL,
  `FGM` double DEFAULT NULL,
  `FGA` double DEFAULT NULL,
  `FG_PCT` double DEFAULT NULL,
  `FG3M` double DEFAULT NULL,
  `FG3A` double DEFAULT NULL,
  `FG3_PCT` double DEFAULT NULL,
  `FTM` double DEFAULT NULL,
  `FTA` double DEFAULT NULL,
  `FT_PCT` double DEFAULT NULL,
  `OREB` double DEFAULT NULL,
  `DREB` double DEFAULT NULL,
  `REB` double DEFAULT NULL,
  `AST` double DEFAULT NULL,
  `TOV` double DEFAULT NULL,
  `STL` double DEFAULT NULL,
  `BLK` double DEFAULT NULL,
  `BLKA` double DEFAULT NULL,
  `PF` double DEFAULT NULL,
  `PFD` double DEFAULT NULL,
  `PTS` double DEFAULT NULL,
  `PLUS_MINUS` double DEFAULT NULL,
  `GP_RANK` int(11) DEFAULT NULL,
  `W_RANK` int(11) DEFAULT NULL,
  `L_RANK` int(11) DEFAULT NULL,
  `W_PCT_RANK` int(11) DEFAULT NULL,
  `MIN_RANK` int(11) DEFAULT NULL,
  `FGM_RANK` int(11) DEFAULT NULL,
  `FGA_RANK` int(11) DEFAULT NULL,
  `FG_PCT_RANK` int(11) DEFAULT NULL,
  `FG3M_RANK` int(11) DEFAULT NULL,
  `FG3A_RANK` int(11) DEFAULT NULL,
  `FG3_PCT_RANK` int(11) DEFAULT NULL,
  `FTM_RANK` int(11) DEFAULT NULL,
  `FTA_RANK` int(11) DEFAULT NULL,
  `FT_PCT_RANK` int(11) DEFAULT NULL,
  `OREB_RANK` int(11) DEFAULT NULL,
  `DREB_RANK` int(11) DEFAULT NULL,
  `REB_RANK` int(11) DEFAULT NULL,
  `AST_RANK` int(11) DEFAULT NULL,
  `TOV_RANK` int(11) DEFAULT NULL,
  `STL_RANK` int(11) DEFAULT NULL,
  `BLK_RANK` int(11) DEFAULT NULL,
  `BLKA_RANK` int(11) DEFAULT NULL,
  `PF_RANK` int(11) DEFAULT NULL,
  `PFD_RANK` int(11) DEFAULT NULL,
  `PTS_RANK` int(11) DEFAULT NULL,
  `PLUS_MINUS_RANK` int(11) DEFAULT NULL,
  `CFID` int(11) DEFAULT NULL
) ENGINE=InnoDB DEFAULT CHARSET=latin1;
/*!40101 SET character_set_client = @saved_cs_client */;

--
-- Dumping data for table `team_performance`
--

LOCK TABLES `team_performance` WRITE;
/*!40000 ALTER TABLE `team_performance` DISABLE KEYS */;
INSERT INTO `team_performance` VALUES (1610612737,82,43,39,0.524,48.5,38.1,84.4,0.451,8.9,26.1,0.341,18.1,24.9,0.728,10.3,34.1,44.3,23.6,15.8,8.2,4.8,5.2,18.2,21.6,103.2,-0.9,1,11,11,11,4,23,23,18,20,16,23,13,5,28,14,10,9,10,28,7,14,22,6,3,22,19,10),(1610612738,82,53,29,0.646,48.2,38.6,85.1,0.454,12,33.4,0.359,18.7,23.2,0.807,9.1,32.9,42,25.2,13.3,7.5,4.1,5.2,20.6,20.3,108,2.6,1,4,4,4,25,21,18,16,3,3,14,10,15,3,22,22,27,4,8,18,23,23,21,11,7,8,10),(1610612751,82,20,62,0.244,48.2,37.8,85.2,0.444,10.7,31.6,0.338,19.4,24.6,0.788,8.8,35.1,43.9,21.4,16.5,7.2,4.7,5.6,21,20.4,105.8,-6.7,1,30,30,30,25,25,17,24,6,4,26,4,7,9,26,1,10,20,29,21,18,30,25,9,12,29,10),(1610612766,82,36,46,0.439,48.4,37.7,85.4,0.442,10,28.6,0.351,19.4,23.8,0.815,8.8,34.8,43.6,23.1,11.5,7,4.8,5.5,16.6,19.9,104.9,0.2,1,20,20,20,10,26,15,26,11,9,18,5,10,1,27,4,16,11,1,27,17,29,1,15,16,15,10),(1610612741,82,41,41,0.5,48.2,38.6,87.1,0.444,7.6,22.3,0.34,18,22.5,0.798,12.2,34.1,46.3,22.6,13.6,7.8,4.8,4.6,17.7,18.8,102.9,0.4,1,15,15,15,18,20,8,25,28,29,24,15,19,6,2,9,3,14,12,15,16,12,2,25,23,14,10),(1610612739,82,51,31,0.622,48.5,39.9,84.9,0.47,13,33.9,0.384,17.5,23.3,0.748,9.3,34.4,43.7,22.7,13.7,6.6,4,4.3,18.1,20.6,110.3,3.2,1,5,5,5,4,5,19,5,2,2,2,19,14,23,21,8,12,13,14,30,25,8,4,6,4,7,10),(1610612742,82,33,49,0.402,48.2,36.2,82.3,0.44,10.7,30.2,0.355,14.8,18.5,0.801,7.9,30.7,38.6,20.8,11.9,7.5,3.7,3.4,19.1,19.4,97.9,-2.9,1,22,22,22,18,30,27,29,5,6,16,29,30,4,30,30,30,27,2,19,30,2,9,21,30,23,10),(1610612743,82,40,42,0.488,48.2,41.2,87.7,0.469,10.6,28.8,0.368,18.7,24.2,0.774,11.8,34.6,46.4,25.3,15,6.9,3.9,4.9,19.1,20.2,111.7,0.5,1,18,18,18,25,3,4,6,7,8,11,9,9,17,5,6,2,2,23,28,27,15,10,13,3,12,10),(1610612765,82,37,45,0.451,48.3,39.9,88.8,0.449,7.7,23.4,0.33,13.9,19.3,0.719,11.1,34.6,45.7,21.1,11.9,7,3.8,4.1,17.9,17.5,101.3,-1.1,1,19,19,19,13,7,1,22,27,26,28,30,29,29,8,5,4,24,3,25,29,6,3,30,26,21,10),(1610612744,82,67,15,0.817,48.2,43.1,87.1,0.495,12,31.2,0.383,17.8,22.6,0.788,9.4,35,44.4,30.4,14.8,9.6,6.8,3.8,19.3,19.4,115.9,11.6,1,1,1,1,18,1,9,1,4,5,3,17,18,11,20,3,7,1,22,1,1,4,12,22,1,1,10),(1610612745,82,55,27,0.671,48.2,40.3,87.2,0.462,14.4,40.3,0.357,20.3,26.5,0.766,10.9,33.5,44.4,25.2,15.1,8.2,4.3,5,19.9,20.4,115.3,5.8,1,3,3,3,18,4,7,12,1,1,15,2,1,20,9,15,8,3,25,8,20,17,15,8,2,3,10),(1610612754,82,42,40,0.512,48.4,39.3,84.5,0.465,8.6,23,0.376,17.9,22.1,0.81,9,33,42,22.5,13.8,8.2,5,5,19.5,19.5,105.1,-0.2,1,13,13,13,7,15,20,10,23,27,4,16,23,2,23,21,26,16,16,9,9,16,13,20,15,17,10),(1610612746,82,51,31,0.622,48.2,39.5,83.2,0.475,10.3,27.4,0.375,19.3,26,0.745,9,34,43,22.5,13,7.5,4.2,3.1,19.8,22.4,108.7,4.3,1,5,5,5,25,10,26,2,9,11,7,6,3,27,24,11,21,15,7,20,21,1,14,1,6,4,10),(1610612747,82,26,56,0.317,48.1,39.3,87.4,0.45,8.9,25.7,0.346,17,22.6,0.754,11.4,32.1,43.5,20.9,15.2,8.2,3.9,5.4,20.7,18.5,104.6,-6.9,1,28,28,28,30,13,6,21,19,19,22,23,17,21,7,26,17,26,26,5,28,26,22,28,17,30,10),(1610612763,82,43,39,0.524,48.5,36.4,83.6,0.435,9.4,26.5,0.354,18.3,23.4,0.784,10.8,32,42.8,21.3,12.9,8,4.2,5,22.4,20.8,100.5,0.5,1,11,11,11,2,29,25,30,15,14,17,12,12,13,10,27,24,21,6,13,22,18,29,4,29,13,10),(1610612748,82,41,41,0.5,48.2,39,85.8,0.455,9.9,27,0.365,15.2,21.6,0.706,10.6,33,43.6,21.2,13.4,7.2,5.7,4.9,20.5,18.7,103.2,1.1,1,15,15,15,18,18,14,15,12,12,12,28,26,30,11,20,15,22,11,22,3,14,20,27,21,10,10),(1610612749,82,42,40,0.512,48.2,38.8,81.9,0.474,8.8,23.7,0.37,17.2,22.4,0.768,8.8,31.6,40.4,24.2,14,8.1,5.3,4.6,20.2,19.3,103.6,-0.2,1,13,13,13,18,19,29,4,22,24,10,21,20,19,25,28,29,5,18,10,6,9,17,24,20,16,10),(1610612750,82,31,51,0.378,48.3,39.5,84.4,0.467,7.3,21,0.349,19.3,24.2,0.799,11.4,31,42.4,23.7,14,8,4.5,5,20.1,20.5,105.6,-1.1,1,24,24,24,13,12,21,8,30,30,20,7,8,5,6,29,25,9,19,12,19,19,16,7,13,20,10),(1610612740,82,34,48,0.415,48.5,39.1,87,0.45,9.4,26.8,0.35,16.7,22.3,0.75,8.6,35.1,43.7,22.8,12.9,7.8,5.5,4.2,18.2,19.3,104.3,-2.1,1,21,21,21,2,17,12,20,14,13,19,25,21,22,29,2,13,12,5,16,5,7,5,23,18,22,10),(1610612752,82,31,51,0.378,48.4,39.6,88.5,0.447,8.6,24.7,0.348,16.6,21.1,0.788,12,33.2,45.2,21.8,13.9,7.1,5.5,4.6,20.3,18.5,104.3,-3.7,1,24,24,24,7,8,3,23,24,21,21,26,28,10,3,17,5,19,17,23,4,10,19,29,19,24,10),(1610612760,82,47,35,0.573,48.3,39.5,87.4,0.452,8.4,25.8,0.327,19.2,25.8,0.745,12.2,34.4,46.6,21,15,7.9,5,5.5,20.9,20.7,106.6,0.8,1,10,10,10,13,11,5,17,26,18,30,8,4,26,1,7,1,25,24,14,10,28,24,5,11,11,10),(1610612753,82,29,53,0.354,48.3,38.3,87,0.44,8.5,26.1,0.328,16,21.4,0.747,9.8,33.3,43.2,22.2,13.3,7.1,4.8,5.1,19.3,18.7,101.1,-6.6,1,26,26,26,13,22,11,28,25,15,29,27,27,25,17,16,20,18,9,24,15,20,11,26,27,28,10),(1610612755,82,28,54,0.341,48.4,37.7,85.3,0.442,10.1,29.8,0.34,17,22,0.771,9.8,33,42.8,23.8,16.7,8.4,5.1,5.4,21.9,19.6,102.4,-5.7,1,27,27,27,10,27,16,27,10,7,25,24,25,18,18,19,23,8,30,3,7,27,28,19,25,27,10),(1610612756,82,24,58,0.293,48.4,39.9,88.5,0.45,7.5,22.6,0.332,20.4,26.3,0.776,11.9,33.1,45,19.6,15.4,8.2,4.9,5.3,24.8,22.2,107.7,-5.6,1,29,29,29,10,6,2,19,29,28,27,1,2,15,4,18,6,29,27,6,13,25,30,2,9,26,10),(1610612757,82,41,41,0.5,48.6,39.5,86.1,0.459,10.4,27.7,0.375,18.5,23.7,0.78,10.1,33.5,43.7,21.1,13.7,7,5,5.3,21.2,19.8,107.9,-0.5,1,15,15,15,1,9,13,14,8,10,6,11,11,14,15,14,14,23,15,26,11,24,26,16,8,18,10),(1610612758,82,32,50,0.39,48.5,37.9,82.1,0.461,9,23.9,0.376,18.1,23.3,0.775,8.7,32.3,41.1,22.5,14.6,7.6,4,5.1,20.3,20.1,102.8,-3.9,1,23,23,23,4,24,28,13,18,23,5,14,13,16,28,25,28,17,21,17,26,21,18,14,24,25,10),(1610612759,82,61,21,0.744,48.3,39.3,83.7,0.469,9.2,23.5,0.391,17.6,22,0.797,10,33.9,43.9,23.8,13.4,8,5.9,4.1,18.3,19.8,105.3,7.2,1,2,2,2,13,14,24,7,17,25,1,18,24,7,16,12,11,7,10,11,2,5,7,17,14,2,10),(1610612761,82,51,31,0.622,48.2,39.2,84.4,0.464,8.8,24.3,0.363,19.7,24.7,0.796,10.6,32.6,43.3,18.5,12.7,8.3,4.9,4.8,20.8,20.3,106.9,4.2,1,5,5,5,18,16,22,11,21,22,13,3,6,8,12,23,18,30,4,4,12,13,23,10,10,5,10),(1610612762,82,51,31,0.622,48.2,37,79.5,0.466,9.6,26,0.372,17.1,22.9,0.747,9.4,33.8,43.2,20.1,13.6,6.7,5,3.8,18.8,20.2,100.7,3.9,1,5,5,5,25,28,30,9,13,17,9,22,16,24,19,13,19,28,13,29,8,3,8,12,28,6,10),(1610612764,82,49,33,0.598,48.4,41.3,87,0.475,9.2,24.8,0.372,17.3,22.1,0.784,10.3,32.6,42.9,23.9,14.2,8.5,4.1,4.6,21.3,19.8,109.2,1.8,1,9,9,9,7,2,10,3,16,20,8,20,22,12,13,24,22,6,20,2,24,11,27,18,5,9,10);
/*!40000 ALTER TABLE `team_performance` ENABLE KEYS */;
UNLOCK TABLES;
/*!40103 SET TIME_ZONE=@OLD_TIME_ZONE */;

/*!40101 SET SQL_MODE=@OLD_SQL_MODE */;
/*!40014 SET FOREIGN_KEY_CHECKS=@OLD_FOREIGN_KEY_CHECKS */;
/*!40014 SET UNIQUE_CHECKS=@OLD_UNIQUE_CHECKS */;
/*!40101 SET CHARACTER_SET_CLIENT=@OLD_CHARACTER_SET_CLIENT */;
/*!40101 SET CHARACTER_SET_RESULTS=@OLD_CHARACTER_SET_RESULTS */;
/*!40101 SET COLLATION_CONNECTION=@OLD_COLLATION_CONNECTION */;
/*!40111 SET SQL_NOTES=@OLD_SQL_NOTES */;

-- Dump completed on 2017-12-04 21:06:05
